[2026-05-05T12:05:44.061+0000] {manager.py:470} INFO - Processing files using up to 2 processes at a time 
[2026-05-05T12:05:44.063+0000] {manager.py:471} INFO - Process each file at most once every 30 seconds
[2026-05-05T12:05:44.064+0000] {manager.py:472} INFO - Checking for new files in /opt/airflow/dags every 300 seconds
[2026-05-05T12:05:44.066+0000] {manager.py:737} INFO - Searching for files in /opt/airflow/dags
[2026-05-05T12:05:44.090+0000] {manager.py:740} INFO - There are 1 files in /opt/airflow/dags
[2026-05-05T12:05:44.207+0000] {manager.py:1016} ERROR - Processor for /opt/airflow/dags/globalretail_etl_dag.py exited with return code 1.
[2026-05-05T12:05:44.210+0000] {manager.py:878} INFO - 
================================================================================
DAG File Processing Stats

File Path                                  PID    Runtime      # DAGs    # Errors  Last Runtime    Last Run
-----------------------------------------  -----  ---------  --------  ----------  --------------  -------------------
/opt/airflow/dags/globalretail_etl_dag.py                           0          -1  0.04s           2026-05-05T12:05:44
================================================================================
[2026-05-05T12:06:14.345+0000] {manager.py:878} INFO - 
================================================================================
DAG File Processing Stats

File Path                                    PID  Runtime      # DAGs    # Errors  Last Runtime    Last Run
-----------------------------------------  -----  ---------  --------  ----------  --------------  -------------------
/opt/airflow/dags/globalretail_etl_dag.py    214  0.01s             0          -1  0.04s           2026-05-05T12:05:44
================================================================================
[2026-05-05T12:06:14.361+0000] {manager.py:1016} ERROR - Processor for /opt/airflow/dags/globalretail_etl_dag.py exited with return code 1.
[2026-05-05T12:06:44.438+0000] {manager.py:878} INFO - 
================================================================================
DAG File Processing Stats

File Path                                    PID  Runtime      # DAGs    # Errors  Last Runtime    Last Run
-----------------------------------------  -----  ---------  --------  ----------  --------------  -------------------
/opt/airflow/dags/globalretail_etl_dag.py    244  0.01s             0          -1  0.02s           2026-05-05T12:06:14
================================================================================
[2026-05-05T12:06:44.457+0000] {manager.py:1016} ERROR - Processor for /opt/airflow/dags/globalretail_etl_dag.py exited with return code 1.
[2026-05-05T12:06:56.277+0000] {manager.py:452} INFO - Exiting gracefully upon receiving signal 15
[2026-05-05T12:07:08.705+0000] {manager.py:470} INFO - Processing files using up to 2 processes at a time 
[2026-05-05T12:07:08.706+0000] {manager.py:471} INFO - Process each file at most once every 30 seconds
[2026-05-05T12:07:08.707+0000] {manager.py:472} INFO - Checking for new files in /opt/airflow/dags every 300 seconds
[2026-05-05T12:07:08.708+0000] {manager.py:737} INFO - Searching for files in /opt/airflow/dags
[2026-05-05T12:07:08.723+0000] {manager.py:740} INFO - There are 1 files in /opt/airflow/dags
[2026-05-05T12:07:08.821+0000] {manager.py:878} INFO - 
================================================================================
DAG File Processing Stats

File Path                                    PID  Runtime      # DAGs    # Errors  Last Runtime    Last Run
-----------------------------------------  -----  ---------  --------  ----------  --------------  ----------
/opt/airflow/dags/globalretail_etl_dag.py    211  0.04s             0           0
================================================================================
[2026-05-05T12:07:38.796+0000] {manager.py:878} INFO - 
================================================================================
DAG File Processing Stats

File Path                                  PID    Runtime      # DAGs    # Errors  Last Runtime    Last Run
-----------------------------------------  -----  ---------  --------  ----------  --------------  -------------------
/opt/airflow/dags/globalretail_etl_dag.py                           1           0  0.88s           2026-05-05T12:07:09
================================================================================
[2026-05-05T12:08:09.016+0000] {manager.py:878} INFO - 
================================================================================
DAG File Processing Stats

File Path                                  PID    Runtime      # DAGs    # Errors  Last Runtime    Last Run
-----------------------------------------  -----  ---------  --------  ----------  --------------  -------------------
/opt/airflow/dags/globalretail_etl_dag.py                           1           0  0.71s           2026-05-05T12:07:40
================================================================================
[2026-05-05T12:08:39.233+0000] {manager.py:878} INFO - 
================================================================================
DAG File Processing Stats

File Path                                  PID    Runtime      # DAGs    # Errors  Last Runtime    Last Run
-----------------------------------------  -----  ---------  --------  ----------  --------------  -------------------
/opt/airflow/dags/globalretail_etl_dag.py                           1           0  0.68s           2026-05-05T12:08:11
================================================================================
[2026-05-05T12:09:09.558+0000] {manager.py:878} INFO - 
================================================================================
DAG File Processing Stats

File Path                                  PID    Runtime      # DAGs    # Errors  Last Runtime    Last Run
-----------------------------------------  -----  ---------  --------  ----------  --------------  -------------------
/opt/airflow/dags/globalretail_etl_dag.py                           1           0  1.13s           2026-05-05T12:08:42
================================================================================
[2026-05-05T12:09:39.727+0000] {manager.py:878} INFO - 
================================================================================
DAG File Processing Stats

File Path                                  PID    Runtime      # DAGs    # Errors  Last Runtime    Last Run
-----------------------------------------  -----  ---------  --------  ----------  --------------  -------------------
/opt/airflow/dags/globalretail_etl_dag.py                           1           0  0.72s           2026-05-05T12:09:13
================================================================================
[2026-05-05T12:10:09.788+0000] {manager.py:878} INFO - 
================================================================================
DAG File Processing Stats

File Path                                  PID    Runtime      # DAGs    # Errors  Last Runtime    Last Run
-----------------------------------------  -----  ---------  --------  ----------  --------------  -------------------
/opt/airflow/dags/globalretail_etl_dag.py                           1           0  0.71s           2026-05-05T12:09:44
================================================================================
[2026-05-05T12:10:39.906+0000] {manager.py:878} INFO - 
================================================================================
DAG File Processing Stats

File Path                                  PID    Runtime      # DAGs    # Errors  Last Runtime    Last Run
-----------------------------------------  -----  ---------  --------  ----------  --------------  -------------------
/opt/airflow/dags/globalretail_etl_dag.py                           1           0  0.65s           2026-05-05T12:10:14
================================================================================
[2026-05-05T12:11:10.084+0000] {manager.py:878} INFO - 
================================================================================
DAG File Processing Stats

File Path                                  PID    Runtime      # DAGs    # Errors  Last Runtime    Last Run
-----------------------------------------  -----  ---------  --------  ----------  --------------  -------------------
/opt/airflow/dags/globalretail_etl_dag.py                           1           0  0.68s           2026-05-05T12:10:45
================================================================================
[2026-05-05T12:11:40.168+0000] {manager.py:878} INFO - 
================================================================================
DAG File Processing Stats

File Path                                  PID    Runtime      # DAGs    # Errors  Last Runtime    Last Run
-----------------------------------------  -----  ---------  --------  ----------  --------------  -------------------
/opt/airflow/dags/globalretail_etl_dag.py                           1           0  0.75s           2026-05-05T12:11:16
================================================================================
[2026-05-05T12:12:09.202+0000] {manager.py:737} INFO - Searching for files in /opt/airflow/dags
[2026-05-05T12:12:09.219+0000] {manager.py:740} INFO - There are 1 files in /opt/airflow/dags
[2026-05-05T12:12:10.238+0000] {manager.py:878} INFO - 
================================================================================
DAG File Processing Stats

File Path                                  PID    Runtime      # DAGs    # Errors  Last Runtime    Last Run
-----------------------------------------  -----  ---------  --------  ----------  --------------  -------------------
/opt/airflow/dags/globalretail_etl_dag.py                           1           0  0.67s           2026-05-05T12:11:47
================================================================================
[2026-05-05T12:12:40.431+0000] {manager.py:878} INFO - 
================================================================================
DAG File Processing Stats

File Path                                  PID    Runtime      # DAGs    # Errors  Last Runtime    Last Run
-----------------------------------------  -----  ---------  --------  ----------  --------------  -------------------
/opt/airflow/dags/globalretail_etl_dag.py                           1           0  0.63s           2026-05-05T12:12:20
================================================================================
[2026-05-05T12:13:10.230+0000] {manager.py:878} INFO - 
================================================================================
DAG File Processing Stats

File Path                                  PID    Runtime      # DAGs    # Errors  Last Runtime    Last Run
-----------------------------------------  -----  ---------  --------  ----------  --------------  -------------------
/opt/airflow/dags/globalretail_etl_dag.py                           1           0  0.68s           2026-05-05T12:12:51
================================================================================
[2026-05-05T12:13:40.332+0000] {manager.py:878} INFO - 
================================================================================
DAG File Processing Stats

File Path                                  PID    Runtime      # DAGs    # Errors  Last Runtime    Last Run
-----------------------------------------  -----  ---------  --------  ----------  --------------  -------------------
/opt/airflow/dags/globalretail_etl_dag.py                           1           0  0.76s           2026-05-05T12:13:22
================================================================================
[2026-05-05T12:14:10.502+0000] {manager.py:878} INFO - 
================================================================================
DAG File Processing Stats

File Path                                  PID    Runtime      # DAGs    # Errors  Last Runtime    Last Run
-----------------------------------------  -----  ---------  --------  ----------  --------------  -------------------
/opt/airflow/dags/globalretail_etl_dag.py                           1           0  0.67s           2026-05-05T12:13:53
================================================================================
[2026-05-05T12:14:40.589+0000] {manager.py:878} INFO - 
================================================================================
DAG File Processing Stats

File Path                                  PID    Runtime      # DAGs    # Errors  Last Runtime    Last Run
-----------------------------------------  -----  ---------  --------  ----------  --------------  -------------------
/opt/airflow/dags/globalretail_etl_dag.py                           1           0  0.74s           2026-05-05T12:14:24
================================================================================
[2026-05-05T12:15:10.369+0000] {manager.py:878} INFO - 
================================================================================
DAG File Processing Stats

File Path                                  PID    Runtime      # DAGs    # Errors  Last Runtime    Last Run
-----------------------------------------  -----  ---------  --------  ----------  --------------  -------------------
/opt/airflow/dags/globalretail_etl_dag.py                           1           0  0.98s           2026-05-05T12:14:55
================================================================================
[2026-05-05T12:15:40.912+0000] {manager.py:878} INFO - 
================================================================================
DAG File Processing Stats

File Path                                  PID    Runtime      # DAGs    # Errors  Last Runtime    Last Run
-----------------------------------------  -----  ---------  --------  ----------  --------------  -------------------
/opt/airflow/dags/globalretail_etl_dag.py                           1           0  0.81s           2026-05-05T12:15:26
================================================================================
[2026-05-05T12:16:11.081+0000] {manager.py:878} INFO - 
================================================================================
DAG File Processing Stats

File Path                                  PID    Runtime      # DAGs    # Errors  Last Runtime    Last Run
-----------------------------------------  -----  ---------  --------  ----------  --------------  -------------------
/opt/airflow/dags/globalretail_etl_dag.py                           1           0  0.70s           2026-05-05T12:15:57
================================================================================
[2026-05-05T12:16:40.914+0000] {manager.py:878} INFO - 
================================================================================
DAG File Processing Stats

File Path                                  PID    Runtime      # DAGs    # Errors  Last Runtime    Last Run
-----------------------------------------  -----  ---------  --------  ----------  --------------  -------------------
/opt/airflow/dags/globalretail_etl_dag.py                           1           0  0.69s           2026-05-05T12:16:28
================================================================================
[2026-05-05T12:17:09.541+0000] {manager.py:737} INFO - Searching for files in /opt/airflow/dags
[2026-05-05T12:17:09.558+0000] {manager.py:740} INFO - There are 1 files in /opt/airflow/dags
[2026-05-05T12:17:10.982+0000] {manager.py:878} INFO - 
================================================================================
DAG File Processing Stats

File Path                                  PID    Runtime      # DAGs    # Errors  Last Runtime    Last Run
-----------------------------------------  -----  ---------  --------  ----------  --------------  -------------------
/opt/airflow/dags/globalretail_etl_dag.py                           1           0  0.83s           2026-05-05T12:16:59
================================================================================
[2026-05-05T12:17:41.081+0000] {manager.py:878} INFO - 
================================================================================
DAG File Processing Stats

File Path                                  PID    Runtime      # DAGs    # Errors  Last Runtime    Last Run
-----------------------------------------  -----  ---------  --------  ----------  --------------  -------------------
/opt/airflow/dags/globalretail_etl_dag.py                           1           0  0.60s           2026-05-05T12:17:30
================================================================================
[2026-05-05T12:18:11.032+0000] {manager.py:878} INFO - 
================================================================================
DAG File Processing Stats

File Path                                  PID    Runtime      # DAGs    # Errors  Last Runtime    Last Run
-----------------------------------------  -----  ---------  --------  ----------  --------------  -------------------
/opt/airflow/dags/globalretail_etl_dag.py                           1           0  0.62s           2026-05-05T12:18:00
================================================================================
[2026-05-05T12:18:41.456+0000] {manager.py:878} INFO - 
================================================================================
DAG File Processing Stats

File Path                                  PID    Runtime      # DAGs    # Errors  Last Runtime    Last Run
-----------------------------------------  -----  ---------  --------  ----------  --------------  -------------------
/opt/airflow/dags/globalretail_etl_dag.py                           1           0  0.58s           2026-05-05T12:18:31
================================================================================
[2026-05-05T12:19:11.720+0000] {manager.py:878} INFO - 
================================================================================
DAG File Processing Stats

File Path                                  PID    Runtime      # DAGs    # Errors  Last Runtime    Last Run
-----------------------------------------  -----  ---------  --------  ----------  --------------  -------------------
/opt/airflow/dags/globalretail_etl_dag.py                           1           0  0.57s           2026-05-05T12:19:02
================================================================================
[2026-05-05T12:19:41.783+0000] {manager.py:878} INFO - 
================================================================================
DAG File Processing Stats

File Path                                  PID    Runtime      # DAGs    # Errors  Last Runtime    Last Run
-----------------------------------------  -----  ---------  --------  ----------  --------------  -------------------
/opt/airflow/dags/globalretail_etl_dag.py                           1           0  0.87s           2026-05-05T12:19:33
================================================================================
[2026-05-05T12:20:11.840+0000] {manager.py:878} INFO - 
================================================================================
DAG File Processing Stats

File Path                                  PID    Runtime      # DAGs    # Errors  Last Runtime    Last Run
-----------------------------------------  -----  ---------  --------  ----------  --------------  -------------------
/opt/airflow/dags/globalretail_etl_dag.py                           1           0  0.65s           2026-05-05T12:20:03
================================================================================
[2026-05-05T12:20:41.936+0000] {manager.py:878} INFO - 
================================================================================
DAG File Processing Stats

File Path                                  PID    Runtime      # DAGs    # Errors  Last Runtime    Last Run
-----------------------------------------  -----  ---------  --------  ----------  --------------  -------------------
/opt/airflow/dags/globalretail_etl_dag.py                           1           0  0.67s           2026-05-05T12:20:34
================================================================================
[2026-05-05T12:21:11.954+0000] {manager.py:878} INFO - 
================================================================================
DAG File Processing Stats

File Path                                  PID    Runtime      # DAGs    # Errors  Last Runtime    Last Run
-----------------------------------------  -----  ---------  --------  ----------  --------------  -------------------
/opt/airflow/dags/globalretail_etl_dag.py                           1           0  0.64s           2026-05-05T12:21:05
================================================================================
[2026-05-05T12:21:42.010+0000] {manager.py:878} INFO - 
================================================================================
DAG File Processing Stats

File Path                                  PID    Runtime      # DAGs    # Errors  Last Runtime    Last Run
-----------------------------------------  -----  ---------  --------  ----------  --------------  -------------------
/opt/airflow/dags/globalretail_etl_dag.py                           1           0  0.69s           2026-05-05T12:21:36
================================================================================
[2026-05-05T12:22:09.660+0000] {manager.py:737} INFO - Searching for files in /opt/airflow/dags
[2026-05-05T12:22:09.679+0000] {manager.py:740} INFO - There are 1 files in /opt/airflow/dags
[2026-05-05T12:22:12.038+0000] {manager.py:878} INFO - 
================================================================================
DAG File Processing Stats

File Path                                  PID    Runtime      # DAGs    # Errors  Last Runtime    Last Run
-----------------------------------------  -----  ---------  --------  ----------  --------------  -------------------
/opt/airflow/dags/globalretail_etl_dag.py                           1           0  0.64s           2026-05-05T12:22:07
================================================================================
[2026-05-05T12:22:42.042+0000] {manager.py:878} INFO - 
================================================================================
DAG File Processing Stats

File Path                                  PID    Runtime      # DAGs    # Errors  Last Runtime    Last Run
-----------------------------------------  -----  ---------  --------  ----------  --------------  -------------------
/opt/airflow/dags/globalretail_etl_dag.py                           1           0  0.65s           2026-05-05T12:22:38
================================================================================
[2026-05-05T12:23:12.054+0000] {manager.py:878} INFO - 
================================================================================
DAG File Processing Stats

File Path                                  PID    Runtime      # DAGs    # Errors  Last Runtime    Last Run
-----------------------------------------  -----  ---------  --------  ----------  --------------  -------------------
/opt/airflow/dags/globalretail_etl_dag.py                           1           0  0.64s           2026-05-05T12:23:09
================================================================================
[2026-05-05T12:23:42.442+0000] {manager.py:878} INFO - 
================================================================================
DAG File Processing Stats

File Path                                  PID    Runtime      # DAGs    # Errors  Last Runtime    Last Run
-----------------------------------------  -----  ---------  --------  ----------  --------------  -------------------
/opt/airflow/dags/globalretail_etl_dag.py                           1           0  0.66s           2026-05-05T12:23:39
================================================================================
[2026-05-05T12:24:12.429+0000] {manager.py:878} INFO - 
================================================================================
DAG File Processing Stats

File Path                                  PID    Runtime      # DAGs    # Errors  Last Runtime    Last Run
-----------------------------------------  -----  ---------  --------  ----------  --------------  -------------------
/opt/airflow/dags/globalretail_etl_dag.py                           1           0  0.65s           2026-05-05T12:24:10
================================================================================
[2026-05-05T12:24:42.166+0000] {manager.py:878} INFO - 
================================================================================
DAG File Processing Stats

File Path                                  PID    Runtime      # DAGs    # Errors  Last Runtime    Last Run
-----------------------------------------  -----  ---------  --------  ----------  --------------  -------------------
/opt/airflow/dags/globalretail_etl_dag.py                           1           0  0.63s           2026-05-05T12:24:41
================================================================================
[2026-05-05T12:25:12.571+0000] {manager.py:878} INFO - 
================================================================================
DAG File Processing Stats

File Path                                  PID    Runtime      # DAGs    # Errors  Last Runtime    Last Run
-----------------------------------------  -----  ---------  --------  ----------  --------------  -------------------
/opt/airflow/dags/globalretail_etl_dag.py                           1           0  0.66s           2026-05-05T12:25:11
================================================================================
[2026-05-05T12:25:42.533+0000] {manager.py:878} INFO - 
================================================================================
DAG File Processing Stats

File Path                                  PID    Runtime      # DAGs    # Errors  Last Runtime    Last Run
-----------------------------------------  -----  ---------  --------  ----------  --------------  -------------------
/opt/airflow/dags/globalretail_etl_dag.py                           1           0  0.64s           2026-05-05T12:25:42
================================================================================
[2026-05-05T12:26:12.609+0000] {manager.py:878} INFO - 
================================================================================
DAG File Processing Stats

File Path                                    PID  Runtime      # DAGs    # Errors  Last Runtime    Last Run
-----------------------------------------  -----  ---------  --------  ----------  --------------  -------------------
/opt/airflow/dags/globalretail_etl_dag.py   1080  0.00s             1           0  0.64s           2026-05-05T12:25:42
================================================================================
[2026-05-05T12:26:42.973+0000] {manager.py:878} INFO - 
================================================================================
DAG File Processing Stats

File Path                                  PID    Runtime      # DAGs    # Errors  Last Runtime    Last Run
-----------------------------------------  -----  ---------  --------  ----------  --------------  -------------------
/opt/airflow/dags/globalretail_etl_dag.py                           1           0  0.70s           2026-05-05T12:26:13
================================================================================
[2026-05-05T12:27:10.001+0000] {manager.py:737} INFO - Searching for files in /opt/airflow/dags
[2026-05-05T12:27:10.020+0000] {manager.py:740} INFO - There are 1 files in /opt/airflow/dags
[2026-05-05T12:27:13.048+0000] {manager.py:878} INFO - 
================================================================================
DAG File Processing Stats

File Path                                  PID    Runtime      # DAGs    # Errors  Last Runtime    Last Run
-----------------------------------------  -----  ---------  --------  ----------  --------------  -------------------
/opt/airflow/dags/globalretail_etl_dag.py                           1           0  0.65s           2026-05-05T12:26:43
================================================================================
[2026-05-05T12:27:43.361+0000] {manager.py:878} INFO - 
================================================================================
DAG File Processing Stats

File Path                                  PID    Runtime      # DAGs    # Errors  Last Runtime    Last Run
-----------------------------------------  -----  ---------  --------  ----------  --------------  -------------------
/opt/airflow/dags/globalretail_etl_dag.py                           1           0  0.61s           2026-05-05T12:27:14
================================================================================
[2026-05-05T12:28:13.475+0000] {manager.py:878} INFO - 
================================================================================
DAG File Processing Stats

File Path                                  PID    Runtime      # DAGs    # Errors  Last Runtime    Last Run
-----------------------------------------  -----  ---------  --------  ----------  --------------  -------------------
/opt/airflow/dags/globalretail_etl_dag.py                           1           0  0.69s           2026-05-05T12:28:12
================================================================================
[2026-05-05T12:28:43.496+0000] {manager.py:878} INFO - 
================================================================================
DAG File Processing Stats

File Path                                    PID  Runtime      # DAGs    # Errors  Last Runtime    Last Run
-----------------------------------------  -----  ---------  --------  ----------  --------------  -------------------
/opt/airflow/dags/globalretail_etl_dag.py   1203  1.30s             1           0  0.69s           2026-05-05T12:28:12
================================================================================
[2026-05-05T12:29:13.548+0000] {manager.py:878} INFO - 
================================================================================
DAG File Processing Stats

File Path                                  PID    Runtime      # DAGs    # Errors  Last Runtime    Last Run
-----------------------------------------  -----  ---------  --------  ----------  --------------  -------------------
/opt/airflow/dags/globalretail_etl_dag.py                           1           0  1.64s           2026-05-05T12:28:43
================================================================================
[2026-05-05T12:29:43.600+0000] {manager.py:878} INFO - 
================================================================================
DAG File Processing Stats

File Path                                  PID    Runtime      # DAGs    # Errors  Last Runtime    Last Run
-----------------------------------------  -----  ---------  --------  ----------  --------------  -------------------
/opt/airflow/dags/globalretail_etl_dag.py                           1           0  0.80s           2026-05-05T12:29:14
================================================================================
[2026-05-05T12:30:13.662+0000] {manager.py:878} INFO - 
================================================================================
DAG File Processing Stats

File Path                                  PID    Runtime      # DAGs    # Errors  Last Runtime    Last Run
-----------------------------------------  -----  ---------  --------  ----------  --------------  -------------------
/opt/airflow/dags/globalretail_etl_dag.py                           1           0  0.74s           2026-05-05T12:29:46
================================================================================
[2026-05-05T12:30:43.715+0000] {manager.py:878} INFO - 
================================================================================
DAG File Processing Stats

File Path                                  PID    Runtime      # DAGs    # Errors  Last Runtime    Last Run
-----------------------------------------  -----  ---------  --------  ----------  --------------  -------------------
/opt/airflow/dags/globalretail_etl_dag.py                           1           0  0.69s           2026-05-05T12:30:17
================================================================================
[2026-05-05T12:31:13.749+0000] {manager.py:878} INFO - 
================================================================================
DAG File Processing Stats

File Path                                  PID    Runtime      # DAGs    # Errors  Last Runtime    Last Run
-----------------------------------------  -----  ---------  --------  ----------  --------------  -------------------
/opt/airflow/dags/globalretail_etl_dag.py                           1           0  0.58s           2026-05-05T12:30:47
================================================================================
[2026-05-05T12:31:44.149+0000] {manager.py:878} INFO - 
================================================================================
DAG File Processing Stats

File Path                                  PID    Runtime      # DAGs    # Errors  Last Runtime    Last Run
-----------------------------------------  -----  ---------  --------  ----------  --------------  -------------------
/opt/airflow/dags/globalretail_etl_dag.py                           1           0  0.65s           2026-05-05T12:31:18
================================================================================
[2026-05-05T12:32:10.143+0000] {manager.py:737} INFO - Searching for files in /opt/airflow/dags
[2026-05-05T12:32:10.160+0000] {manager.py:740} INFO - There are 1 files in /opt/airflow/dags
[2026-05-05T12:32:13.671+0000] {manager.py:878} INFO - 
================================================================================
DAG File Processing Stats

File Path                                  PID    Runtime      # DAGs    # Errors  Last Runtime    Last Run
-----------------------------------------  -----  ---------  --------  ----------  --------------  -------------------
/opt/airflow/dags/globalretail_etl_dag.py                           1           0  0.65s           2026-05-05T12:31:49
================================================================================
[2026-05-05T12:32:44.257+0000] {manager.py:878} INFO - 
================================================================================
DAG File Processing Stats

File Path                                  PID    Runtime      # DAGs    # Errors  Last Runtime    Last Run
-----------------------------------------  -----  ---------  --------  ----------  --------------  -------------------
/opt/airflow/dags/globalretail_etl_dag.py                           1           0  0.66s           2026-05-05T12:32:20
================================================================================
[2026-05-05T12:33:13.821+0000] {manager.py:878} INFO - 
================================================================================
DAG File Processing Stats

File Path                                  PID    Runtime      # DAGs    # Errors  Last Runtime    Last Run
-----------------------------------------  -----  ---------  --------  ----------  --------------  -------------------
/opt/airflow/dags/globalretail_etl_dag.py                           1           0  0.68s           2026-05-05T12:32:51
================================================================================
[2026-05-05T12:33:44.113+0000] {manager.py:878} INFO - 
================================================================================
DAG File Processing Stats

File Path                                  PID    Runtime      # DAGs    # Errors  Last Runtime    Last Run
-----------------------------------------  -----  ---------  --------  ----------  --------------  -------------------
/opt/airflow/dags/globalretail_etl_dag.py                           1           0  0.71s           2026-05-05T12:33:22
================================================================================
[2026-05-05T12:34:14.137+0000] {manager.py:878} INFO - 
================================================================================
DAG File Processing Stats

File Path                                  PID    Runtime      # DAGs    # Errors  Last Runtime    Last Run
-----------------------------------------  -----  ---------  --------  ----------  --------------  -------------------
/opt/airflow/dags/globalretail_etl_dag.py                           1           0  0.71s           2026-05-05T12:33:53
================================================================================
[2026-05-05T12:34:44.178+0000] {manager.py:878} INFO - 
================================================================================
DAG File Processing Stats

File Path                                  PID    Runtime      # DAGs    # Errors  Last Runtime    Last Run
-----------------------------------------  -----  ---------  --------  ----------  --------------  -------------------
/opt/airflow/dags/globalretail_etl_dag.py                           1           0  0.66s           2026-05-05T12:34:24
================================================================================
[2026-05-05T12:35:14.321+0000] {manager.py:878} INFO - 
================================================================================
DAG File Processing Stats

File Path                                  PID    Runtime      # DAGs    # Errors  Last Runtime    Last Run
-----------------------------------------  -----  ---------  --------  ----------  --------------  -------------------
/opt/airflow/dags/globalretail_etl_dag.py                           1           0  0.62s           2026-05-05T12:34:46
================================================================================
[2026-05-05T12:35:44.364+0000] {manager.py:878} INFO - 
================================================================================
DAG File Processing Stats

File Path                                  PID    Runtime      # DAGs    # Errors  Last Runtime    Last Run
-----------------------------------------  -----  ---------  --------  ----------  --------------  -------------------
/opt/airflow/dags/globalretail_etl_dag.py                           1           0  0.80s           2026-05-05T12:35:17
================================================================================
[2026-05-05T12:36:14.392+0000] {manager.py:878} INFO - 
================================================================================
DAG File Processing Stats

File Path                                  PID    Runtime      # DAGs    # Errors  Last Runtime    Last Run
-----------------------------------------  -----  ---------  --------  ----------  --------------  -------------------
/opt/airflow/dags/globalretail_etl_dag.py                           1           0  0.72s           2026-05-05T12:35:48
================================================================================
[2026-05-05T12:36:44.457+0000] {manager.py:878} INFO - 
================================================================================
DAG File Processing Stats

File Path                                  PID    Runtime      # DAGs    # Errors  Last Runtime    Last Run
-----------------------------------------  -----  ---------  --------  ----------  --------------  -------------------
/opt/airflow/dags/globalretail_etl_dag.py                           1           0  0.71s           2026-05-05T12:36:20
================================================================================
[2026-05-05T12:37:10.467+0000] {manager.py:737} INFO - Searching for files in /opt/airflow/dags
[2026-05-05T12:37:10.486+0000] {manager.py:740} INFO - There are 1 files in /opt/airflow/dags
[2026-05-05T12:37:14.515+0000] {manager.py:878} INFO - 
================================================================================
DAG File Processing Stats

File Path                                  PID    Runtime      # DAGs    # Errors  Last Runtime    Last Run
-----------------------------------------  -----  ---------  --------  ----------  --------------  -------------------
/opt/airflow/dags/globalretail_etl_dag.py                           1           0  0.77s           2026-05-05T12:36:50
================================================================================
[2026-05-05T12:37:44.543+0000] {manager.py:878} INFO - 
================================================================================
DAG File Processing Stats

File Path                                  PID    Runtime      # DAGs    # Errors  Last Runtime    Last Run
-----------------------------------------  -----  ---------  --------  ----------  --------------  -------------------
/opt/airflow/dags/globalretail_etl_dag.py                           1           0  0.75s           2026-05-05T12:37:21
================================================================================
[2026-05-05T12:38:14.480+0000] {manager.py:878} INFO - 
================================================================================
DAG File Processing Stats

File Path                                  PID    Runtime      # DAGs    # Errors  Last Runtime    Last Run
-----------------------------------------  -----  ---------  --------  ----------  --------------  -------------------
/opt/airflow/dags/globalretail_etl_dag.py                           1           0  0.72s           2026-05-05T12:37:52
================================================================================
[2026-05-05T12:38:44.772+0000] {manager.py:878} INFO - 
================================================================================
DAG File Processing Stats

File Path                                  PID    Runtime      # DAGs    # Errors  Last Runtime    Last Run
-----------------------------------------  -----  ---------  --------  ----------  --------------  -------------------
/opt/airflow/dags/globalretail_etl_dag.py                           1           0  0.67s           2026-05-05T12:38:23
================================================================================
[2026-05-05T12:39:14.801+0000] {manager.py:878} INFO - 
================================================================================
DAG File Processing Stats

File Path                                  PID    Runtime      # DAGs    # Errors  Last Runtime    Last Run
-----------------------------------------  -----  ---------  --------  ----------  --------------  -------------------
/opt/airflow/dags/globalretail_etl_dag.py                           1           0  0.59s           2026-05-05T12:38:53
================================================================================
[2026-05-05T12:39:45.171+0000] {manager.py:878} INFO - 
================================================================================
DAG File Processing Stats

File Path                                  PID    Runtime      # DAGs    # Errors  Last Runtime    Last Run
-----------------------------------------  -----  ---------  --------  ----------  --------------  -------------------
/opt/airflow/dags/globalretail_etl_dag.py                           1           0  0.49s           2026-05-05T12:39:24
================================================================================
[2026-05-05T12:40:15.147+0000] {manager.py:878} INFO - 
================================================================================
DAG File Processing Stats

File Path                                  PID    Runtime      # DAGs    # Errors  Last Runtime    Last Run
-----------------------------------------  -----  ---------  --------  ----------  --------------  -------------------
/opt/airflow/dags/globalretail_etl_dag.py                           1           0  0.49s           2026-05-05T12:39:55
================================================================================
[2026-05-05T12:40:45.204+0000] {manager.py:878} INFO - 
================================================================================
DAG File Processing Stats

File Path                                  PID    Runtime      # DAGs    # Errors  Last Runtime    Last Run
-----------------------------------------  -----  ---------  --------  ----------  --------------  -------------------
/opt/airflow/dags/globalretail_etl_dag.py                           1           0  0.50s           2026-05-05T12:40:25
================================================================================
[2026-05-05T12:41:15.218+0000] {manager.py:878} INFO - 
================================================================================
DAG File Processing Stats

File Path                                  PID    Runtime      # DAGs    # Errors  Last Runtime    Last Run
-----------------------------------------  -----  ---------  --------  ----------  --------------  -------------------
/opt/airflow/dags/globalretail_etl_dag.py                           1           0  0.50s           2026-05-05T12:40:56
================================================================================
[2026-05-05T12:41:45.736+0000] {manager.py:878} INFO - 
================================================================================
DAG File Processing Stats

File Path                                  PID    Runtime      # DAGs    # Errors  Last Runtime    Last Run
-----------------------------------------  -----  ---------  --------  ----------  --------------  -------------------
/opt/airflow/dags/globalretail_etl_dag.py                           1           0  0.52s           2026-05-05T12:41:26
================================================================================
[2026-05-05T12:42:10.748+0000] {manager.py:737} INFO - Searching for files in /opt/airflow/dags
[2026-05-05T12:42:10.764+0000] {manager.py:740} INFO - There are 1 files in /opt/airflow/dags
[2026-05-05T12:42:15.808+0000] {manager.py:878} INFO - 
================================================================================
DAG File Processing Stats

File Path                                  PID    Runtime      # DAGs    # Errors  Last Runtime    Last Run
-----------------------------------------  -----  ---------  --------  ----------  --------------  -------------------
/opt/airflow/dags/globalretail_etl_dag.py                           1           0  0.48s           2026-05-05T12:41:58
================================================================================
[2026-05-05T12:42:45.781+0000] {manager.py:878} INFO - 
================================================================================
DAG File Processing Stats

File Path                                  PID    Runtime      # DAGs    # Errors  Last Runtime    Last Run
-----------------------------------------  -----  ---------  --------  ----------  --------------  -------------------
/opt/airflow/dags/globalretail_etl_dag.py                           1           0  0.49s           2026-05-05T12:42:28
================================================================================
[2026-05-05T12:43:16.356+0000] {manager.py:878} INFO - 
================================================================================
DAG File Processing Stats

File Path                                  PID    Runtime      # DAGs    # Errors  Last Runtime    Last Run
-----------------------------------------  -----  ---------  --------  ----------  --------------  -------------------
/opt/airflow/dags/globalretail_etl_dag.py                           1           0  0.56s           2026-05-05T12:42:59
================================================================================
[2026-05-05T13:01:22.815+0000] {manager.py:737} INFO - Searching for files in /opt/airflow/dags
[2026-05-05T13:01:22.845+0000] {manager.py:740} INFO - There are 1 files in /opt/airflow/dags
[2026-05-05T13:01:47.047+0000] {manager.py:878} INFO - 
================================================================================
DAG File Processing Stats

File Path                                  PID    Runtime      # DAGs    # Errors  Last Runtime    Last Run
-----------------------------------------  -----  ---------  --------  ----------  --------------  -------------------
/opt/airflow/dags/globalretail_etl_dag.py                           1           0  1.02s           2026-05-05T13:01:23
================================================================================
[2026-05-05T13:02:17.199+0000] {manager.py:878} INFO - 
================================================================================
DAG File Processing Stats

File Path                                  PID    Runtime      # DAGs    # Errors  Last Runtime    Last Run
-----------------------------------------  -----  ---------  --------  ----------  --------------  -------------------
/opt/airflow/dags/globalretail_etl_dag.py                           1           0  0.58s           2026-05-05T13:01:54
================================================================================
[2026-05-05T13:02:47.334+0000] {manager.py:878} INFO - 
================================================================================
DAG File Processing Stats

File Path                                  PID    Runtime      # DAGs    # Errors  Last Runtime    Last Run
-----------------------------------------  -----  ---------  --------  ----------  --------------  -------------------
/opt/airflow/dags/globalretail_etl_dag.py                           1           0  0.51s           2026-05-05T13:02:25
================================================================================
[2026-05-05T13:03:17.475+0000] {manager.py:878} INFO - 
================================================================================
DAG File Processing Stats

File Path                                  PID    Runtime      # DAGs    # Errors  Last Runtime    Last Run
-----------------------------------------  -----  ---------  --------  ----------  --------------  -------------------
/opt/airflow/dags/globalretail_etl_dag.py                           1           0  0.48s           2026-05-05T13:02:55
================================================================================
[2026-05-05T13:03:47.576+0000] {manager.py:878} INFO - 
================================================================================
DAG File Processing Stats

File Path                                  PID    Runtime      # DAGs    # Errors  Last Runtime    Last Run
-----------------------------------------  -----  ---------  --------  ----------  --------------  -------------------
/opt/airflow/dags/globalretail_etl_dag.py                           1           0  0.51s           2026-05-05T13:03:26
================================================================================
[2026-05-05T13:04:17.738+0000] {manager.py:878} INFO - 
================================================================================
DAG File Processing Stats

File Path                                  PID    Runtime      # DAGs    # Errors  Last Runtime    Last Run
-----------------------------------------  -----  ---------  --------  ----------  --------------  -------------------
/opt/airflow/dags/globalretail_etl_dag.py                           1           0  0.51s           2026-05-05T13:03:57
================================================================================
[2026-05-05T13:04:48.136+0000] {manager.py:878} INFO - 
================================================================================
DAG File Processing Stats

File Path                                  PID    Runtime      # DAGs    # Errors  Last Runtime    Last Run
-----------------------------------------  -----  ---------  --------  ----------  --------------  -------------------
/opt/airflow/dags/globalretail_etl_dag.py                           1           0  0.46s           2026-05-05T13:04:28
================================================================================
[2026-05-05T13:05:18.250+0000] {manager.py:878} INFO - 
================================================================================
DAG File Processing Stats

File Path                                  PID    Runtime      # DAGs    # Errors  Last Runtime    Last Run
-----------------------------------------  -----  ---------  --------  ----------  --------------  -------------------
/opt/airflow/dags/globalretail_etl_dag.py                           1           0  0.50s           2026-05-05T13:04:59
================================================================================
[2026-05-05T13:05:49.162+0000] {manager.py:878} INFO - 
================================================================================
DAG File Processing Stats

File Path                                  PID    Runtime      # DAGs    # Errors  Last Runtime    Last Run
-----------------------------------------  -----  ---------  --------  ----------  --------------  -------------------
/opt/airflow/dags/globalretail_etl_dag.py                           1           0  0.55s           2026-05-05T13:05:30
================================================================================
[2026-05-05T13:06:19.349+0000] {manager.py:878} INFO - 
================================================================================
DAG File Processing Stats

File Path                                  PID    Runtime      # DAGs    # Errors  Last Runtime    Last Run
-----------------------------------------  -----  ---------  --------  ----------  --------------  -------------------
/opt/airflow/dags/globalretail_etl_dag.py                           1           0  0.50s           2026-05-05T13:06:00
================================================================================
[2026-05-05T13:06:22.842+0000] {manager.py:737} INFO - Searching for files in /opt/airflow/dags
[2026-05-05T13:06:22.861+0000] {manager.py:740} INFO - There are 1 files in /opt/airflow/dags
[2026-05-05T13:06:49.513+0000] {manager.py:878} INFO - 
================================================================================
DAG File Processing Stats

File Path                                  PID    Runtime      # DAGs    # Errors  Last Runtime    Last Run
-----------------------------------------  -----  ---------  --------  ----------  --------------  -------------------
/opt/airflow/dags/globalretail_etl_dag.py                           1           0  0.60s           2026-05-05T13:06:31
================================================================================
[2026-05-05T13:07:19.678+0000] {manager.py:878} INFO - 
================================================================================
DAG File Processing Stats

File Path                                  PID    Runtime      # DAGs    # Errors  Last Runtime    Last Run
-----------------------------------------  -----  ---------  --------  ----------  --------------  -------------------
/opt/airflow/dags/globalretail_etl_dag.py                           1           0  0.57s           2026-05-05T13:07:02
================================================================================
[2026-05-05T13:07:49.830+0000] {manager.py:878} INFO - 
================================================================================
DAG File Processing Stats

File Path                                  PID    Runtime      # DAGs    # Errors  Last Runtime    Last Run
-----------------------------------------  -----  ---------  --------  ----------  --------------  -------------------
/opt/airflow/dags/globalretail_etl_dag.py                           1           0  0.55s           2026-05-05T13:07:32
================================================================================
[2026-05-05T13:08:20.001+0000] {manager.py:878} INFO - 
================================================================================
DAG File Processing Stats

File Path                                  PID    Runtime      # DAGs    # Errors  Last Runtime    Last Run
-----------------------------------------  -----  ---------  --------  ----------  --------------  -------------------
/opt/airflow/dags/globalretail_etl_dag.py                           1           0  0.52s           2026-05-05T13:08:03
================================================================================
[2026-05-05T13:08:50.088+0000] {manager.py:878} INFO - 
================================================================================
DAG File Processing Stats

File Path                                  PID    Runtime      # DAGs    # Errors  Last Runtime    Last Run
-----------------------------------------  -----  ---------  --------  ----------  --------------  -------------------
/opt/airflow/dags/globalretail_etl_dag.py                           1           0  0.61s           2026-05-05T13:08:34
================================================================================
[2026-05-05T13:09:20.187+0000] {manager.py:878} INFO - 
================================================================================
DAG File Processing Stats

File Path                                  PID    Runtime      # DAGs    # Errors  Last Runtime    Last Run
-----------------------------------------  -----  ---------  --------  ----------  --------------  -------------------
/opt/airflow/dags/globalretail_etl_dag.py                           1           0  0.48s           2026-05-05T13:09:04
================================================================================
[2026-05-05T13:09:50.233+0000] {manager.py:878} INFO - 
================================================================================
DAG File Processing Stats

File Path                                  PID    Runtime      # DAGs    # Errors  Last Runtime    Last Run
-----------------------------------------  -----  ---------  --------  ----------  --------------  -------------------
/opt/airflow/dags/globalretail_etl_dag.py                           1           0  0.50s           2026-05-05T13:09:35
================================================================================
[2026-05-05T13:10:20.784+0000] {manager.py:878} INFO - 
================================================================================
DAG File Processing Stats

File Path                                  PID    Runtime      # DAGs    # Errors  Last Runtime    Last Run
-----------------------------------------  -----  ---------  --------  ----------  --------------  -------------------
/opt/airflow/dags/globalretail_etl_dag.py                           1           0  0.61s           2026-05-05T13:10:05
================================================================================
[2026-05-05T13:10:50.942+0000] {manager.py:878} INFO - 
================================================================================
DAG File Processing Stats

File Path                                  PID    Runtime      # DAGs    # Errors  Last Runtime    Last Run
-----------------------------------------  -----  ---------  --------  ----------  --------------  -------------------
/opt/airflow/dags/globalretail_etl_dag.py                           1           0  0.56s           2026-05-05T13:10:36
================================================================================
[2026-05-05T13:11:20.956+0000] {manager.py:878} INFO - 
================================================================================
DAG File Processing Stats

File Path                                  PID    Runtime      # DAGs    # Errors  Last Runtime    Last Run
-----------------------------------------  -----  ---------  --------  ----------  --------------  -------------------
/opt/airflow/dags/globalretail_etl_dag.py                           1           0  0.53s           2026-05-05T13:11:06
================================================================================
[2026-05-05T13:11:22.860+0000] {manager.py:737} INFO - Searching for files in /opt/airflow/dags
[2026-05-05T13:11:22.877+0000] {manager.py:740} INFO - There are 1 files in /opt/airflow/dags
[2026-05-05T13:11:51.080+0000] {manager.py:878} INFO - 
================================================================================
DAG File Processing Stats

File Path                                  PID    Runtime      # DAGs    # Errors  Last Runtime    Last Run
-----------------------------------------  -----  ---------  --------  ----------  --------------  -------------------
/opt/airflow/dags/globalretail_etl_dag.py                           1           0  0.59s           2026-05-05T13:11:37
================================================================================
[2026-05-05T13:12:21.124+0000] {manager.py:878} INFO - 
================================================================================
DAG File Processing Stats

File Path                                  PID    Runtime      # DAGs    # Errors  Last Runtime    Last Run
-----------------------------------------  -----  ---------  --------  ----------  --------------  -------------------
/opt/airflow/dags/globalretail_etl_dag.py                           1           0  0.52s           2026-05-05T13:12:08
================================================================================
[2026-05-05T13:12:51.271+0000] {manager.py:878} INFO - 
================================================================================
DAG File Processing Stats

File Path                                  PID    Runtime      # DAGs    # Errors  Last Runtime    Last Run
-----------------------------------------  -----  ---------  --------  ----------  --------------  -------------------
/opt/airflow/dags/globalretail_etl_dag.py                           1           0  0.68s           2026-05-05T13:12:38
================================================================================
[2026-05-05T13:13:21.332+0000] {manager.py:878} INFO - 
================================================================================
DAG File Processing Stats

File Path                                  PID    Runtime      # DAGs    # Errors  Last Runtime    Last Run
-----------------------------------------  -----  ---------  --------  ----------  --------------  -------------------
/opt/airflow/dags/globalretail_etl_dag.py                           1           0  0.45s           2026-05-05T13:13:09
================================================================================
[2026-05-05T13:13:51.486+0000] {manager.py:878} INFO - 
================================================================================
DAG File Processing Stats

File Path                                  PID    Runtime      # DAGs    # Errors  Last Runtime    Last Run
-----------------------------------------  -----  ---------  --------  ----------  --------------  -------------------
/opt/airflow/dags/globalretail_etl_dag.py                           1           0  0.49s           2026-05-05T13:13:39
================================================================================
[2026-05-05T13:14:21.541+0000] {manager.py:878} INFO - 
================================================================================
DAG File Processing Stats

File Path                                  PID    Runtime      # DAGs    # Errors  Last Runtime    Last Run
-----------------------------------------  -----  ---------  --------  ----------  --------------  -------------------
/opt/airflow/dags/globalretail_etl_dag.py                           1           0  0.57s           2026-05-05T13:14:10
================================================================================
[2026-05-05T13:14:51.501+0000] {manager.py:878} INFO - 
================================================================================
DAG File Processing Stats

File Path                                  PID    Runtime      # DAGs    # Errors  Last Runtime    Last Run
-----------------------------------------  -----  ---------  --------  ----------  --------------  -------------------
/opt/airflow/dags/globalretail_etl_dag.py                           1           0  0.57s           2026-05-05T13:14:41
================================================================================
[2026-05-05T13:15:21.532+0000] {manager.py:878} INFO - 
================================================================================
DAG File Processing Stats

File Path                                  PID    Runtime      # DAGs    # Errors  Last Runtime    Last Run
-----------------------------------------  -----  ---------  --------  ----------  --------------  -------------------
/opt/airflow/dags/globalretail_etl_dag.py                           1           0  0.68s           2026-05-05T13:15:11
================================================================================
[2026-05-05T13:15:51.849+0000] {manager.py:878} INFO - 
================================================================================
DAG File Processing Stats

File Path                                  PID    Runtime      # DAGs    # Errors  Last Runtime    Last Run
-----------------------------------------  -----  ---------  --------  ----------  --------------  -------------------
/opt/airflow/dags/globalretail_etl_dag.py                           1           0  0.50s           2026-05-05T13:15:42
================================================================================
[2026-05-05T13:16:21.876+0000] {manager.py:878} INFO - 
================================================================================
DAG File Processing Stats

File Path                                  PID    Runtime      # DAGs    # Errors  Last Runtime    Last Run
-----------------------------------------  -----  ---------  --------  ----------  --------------  -------------------
/opt/airflow/dags/globalretail_etl_dag.py                           1           0  0.49s           2026-05-05T13:16:12
================================================================================
[2026-05-05T13:16:22.880+0000] {manager.py:737} INFO - Searching for files in /opt/airflow/dags
[2026-05-05T13:16:22.896+0000] {manager.py:740} INFO - There are 1 files in /opt/airflow/dags
[2026-05-05T13:16:51.956+0000] {manager.py:878} INFO - 
================================================================================
DAG File Processing Stats

File Path                                  PID    Runtime      # DAGs    # Errors  Last Runtime    Last Run
-----------------------------------------  -----  ---------  --------  ----------  --------------  -------------------
/opt/airflow/dags/globalretail_etl_dag.py                           1           0  0.53s           2026-05-05T13:16:43
================================================================================
[2026-05-05T13:17:21.973+0000] {manager.py:878} INFO - 
================================================================================
DAG File Processing Stats

File Path                                  PID    Runtime      # DAGs    # Errors  Last Runtime    Last Run
-----------------------------------------  -----  ---------  --------  ----------  --------------  -------------------
/opt/airflow/dags/globalretail_etl_dag.py                           1           0  0.55s           2026-05-05T13:17:14
================================================================================
[2026-05-05T13:17:52.032+0000] {manager.py:878} INFO - 
================================================================================
DAG File Processing Stats

File Path                                  PID    Runtime      # DAGs    # Errors  Last Runtime    Last Run
-----------------------------------------  -----  ---------  --------  ----------  --------------  -------------------
/opt/airflow/dags/globalretail_etl_dag.py                           1           0  0.49s           2026-05-05T13:17:45
================================================================================
[2026-05-05T13:18:22.062+0000] {manager.py:878} INFO - 
================================================================================
DAG File Processing Stats

File Path                                  PID    Runtime      # DAGs    # Errors  Last Runtime    Last Run
-----------------------------------------  -----  ---------  --------  ----------  --------------  -------------------
/opt/airflow/dags/globalretail_etl_dag.py                           1           0  0.53s           2026-05-05T13:18:16
================================================================================
[2026-05-05T13:18:52.111+0000] {manager.py:878} INFO - 
================================================================================
DAG File Processing Stats

File Path                                  PID    Runtime      # DAGs    # Errors  Last Runtime    Last Run
-----------------------------------------  -----  ---------  --------  ----------  --------------  -------------------
/opt/airflow/dags/globalretail_etl_dag.py                           1           0  0.45s           2026-05-05T13:18:46
================================================================================
[2026-05-05T13:19:22.131+0000] {manager.py:878} INFO - 
================================================================================
DAG File Processing Stats

File Path                                  PID    Runtime      # DAGs    # Errors  Last Runtime    Last Run
-----------------------------------------  -----  ---------  --------  ----------  --------------  -------------------
/opt/airflow/dags/globalretail_etl_dag.py                           1           0  0.58s           2026-05-05T13:19:17
================================================================================
[2026-05-05T13:19:52.191+0000] {manager.py:878} INFO - 
================================================================================
DAG File Processing Stats

File Path                                  PID    Runtime      # DAGs    # Errors  Last Runtime    Last Run
-----------------------------------------  -----  ---------  --------  ----------  --------------  -------------------
/opt/airflow/dags/globalretail_etl_dag.py                           1           0  0.73s           2026-05-05T13:19:48
================================================================================
[2026-05-05T13:20:22.205+0000] {manager.py:878} INFO - 
================================================================================
DAG File Processing Stats

File Path                                  PID    Runtime      # DAGs    # Errors  Last Runtime    Last Run
-----------------------------------------  -----  ---------  --------  ----------  --------------  -------------------
/opt/airflow/dags/globalretail_etl_dag.py                           1           0  0.79s           2026-05-05T13:20:18
================================================================================
[2026-05-05T13:20:52.219+0000] {manager.py:878} INFO - 
================================================================================
DAG File Processing Stats

File Path                                  PID    Runtime      # DAGs    # Errors  Last Runtime    Last Run
-----------------------------------------  -----  ---------  --------  ----------  --------------  -------------------
/opt/airflow/dags/globalretail_etl_dag.py                           1           0  0.66s           2026-05-05T13:20:49
================================================================================
[2026-05-05T13:21:22.429+0000] {manager.py:878} INFO - 
================================================================================
DAG File Processing Stats

File Path                                  PID    Runtime      # DAGs    # Errors  Last Runtime    Last Run
-----------------------------------------  -----  ---------  --------  ----------  --------------  -------------------
/opt/airflow/dags/globalretail_etl_dag.py                           1           0  0.76s           2026-05-05T13:21:20
================================================================================
[2026-05-05T13:21:23.005+0000] {manager.py:737} INFO - Searching for files in /opt/airflow/dags
[2026-05-05T13:21:23.022+0000] {manager.py:740} INFO - There are 1 files in /opt/airflow/dags
[2026-05-05T13:21:52.442+0000] {manager.py:878} INFO - 
================================================================================
DAG File Processing Stats

File Path                                  PID    Runtime      # DAGs    # Errors  Last Runtime    Last Run
-----------------------------------------  -----  ---------  --------  ----------  --------------  -------------------
/opt/airflow/dags/globalretail_etl_dag.py                           1           0  0.58s           2026-05-05T13:21:51
================================================================================
[2026-05-05T13:22:22.351+0000] {manager.py:878} INFO - 
================================================================================
DAG File Processing Stats

File Path                                  PID    Runtime      # DAGs    # Errors  Last Runtime    Last Run
-----------------------------------------  -----  ---------  --------  ----------  --------------  -------------------
/opt/airflow/dags/globalretail_etl_dag.py                           1           0  0.67s           2026-05-05T13:22:22
================================================================================
[2026-05-05T13:22:52.394+0000] {manager.py:878} INFO - 
================================================================================
DAG File Processing Stats

File Path                                    PID  Runtime      # DAGs    # Errors  Last Runtime    Last Run
-----------------------------------------  -----  ---------  --------  ----------  --------------  -------------------
/opt/airflow/dags/globalretail_etl_dag.py   3140  0.01s             1           0  0.67s           2026-05-05T13:22:22
================================================================================
[2026-05-05T13:23:22.668+0000] {manager.py:878} INFO - 
================================================================================
DAG File Processing Stats

File Path                                  PID    Runtime      # DAGs    # Errors  Last Runtime    Last Run
-----------------------------------------  -----  ---------  --------  ----------  --------------  -------------------
/opt/airflow/dags/globalretail_etl_dag.py                           1           0  0.73s           2026-05-05T13:22:53
================================================================================
[2026-05-05T13:23:53.131+0000] {manager.py:878} INFO - 
================================================================================
DAG File Processing Stats

File Path                                  PID    Runtime      # DAGs    # Errors  Last Runtime    Last Run
-----------------------------------------  -----  ---------  --------  ----------  --------------  -------------------
/opt/airflow/dags/globalretail_etl_dag.py                           1           0  0.64s           2026-05-05T13:23:24
================================================================================
[2026-05-05T13:24:23.331+0000] {manager.py:878} INFO - 
================================================================================
DAG File Processing Stats

File Path                                  PID    Runtime      # DAGs    # Errors  Last Runtime    Last Run
-----------------------------------------  -----  ---------  --------  ----------  --------------  -------------------
/opt/airflow/dags/globalretail_etl_dag.py                           1           0  0.49s           2026-05-05T13:23:55
================================================================================
[2026-05-05T13:24:53.337+0000] {manager.py:878} INFO - 
================================================================================
DAG File Processing Stats

File Path                                  PID    Runtime      # DAGs    # Errors  Last Runtime    Last Run
-----------------------------------------  -----  ---------  --------  ----------  --------------  -------------------
/opt/airflow/dags/globalretail_etl_dag.py                           1           0  0.73s           2026-05-05T13:24:26
================================================================================
[2026-05-05T13:25:23.381+0000] {manager.py:878} INFO - 
================================================================================
DAG File Processing Stats

File Path                                  PID    Runtime      # DAGs    # Errors  Last Runtime    Last Run
-----------------------------------------  -----  ---------  --------  ----------  --------------  -------------------
/opt/airflow/dags/globalretail_etl_dag.py                           1           0  0.68s           2026-05-05T13:24:58
================================================================================
[2026-05-05T13:25:53.406+0000] {manager.py:878} INFO - 
================================================================================
DAG File Processing Stats

File Path                                  PID    Runtime      # DAGs    # Errors  Last Runtime    Last Run
-----------------------------------------  -----  ---------  --------  ----------  --------------  -------------------
/opt/airflow/dags/globalretail_etl_dag.py                           1           0  0.87s           2026-05-05T13:25:28
================================================================================
[2026-05-05T13:26:23.436+0000] {manager.py:737} INFO - Searching for files in /opt/airflow/dags
[2026-05-05T13:26:23.463+0000] {manager.py:740} INFO - There are 1 files in /opt/airflow/dags
[2026-05-05T13:26:23.480+0000] {manager.py:878} INFO - 
================================================================================
DAG File Processing Stats

File Path                                  PID    Runtime      # DAGs    # Errors  Last Runtime    Last Run
-----------------------------------------  -----  ---------  --------  ----------  --------------  -------------------
/opt/airflow/dags/globalretail_etl_dag.py                           1           0  0.54s           2026-05-05T13:25:59
================================================================================
[2026-05-05T13:26:53.353+0000] {manager.py:878} INFO - 
================================================================================
DAG File Processing Stats

File Path                                  PID    Runtime      # DAGs    # Errors  Last Runtime    Last Run
-----------------------------------------  -----  ---------  --------  ----------  --------------  -------------------
/opt/airflow/dags/globalretail_etl_dag.py                           1           0  0.79s           2026-05-05T13:26:30
================================================================================
[2026-05-05T13:27:23.567+0000] {manager.py:878} INFO - 
================================================================================
DAG File Processing Stats

File Path                                  PID    Runtime      # DAGs    # Errors  Last Runtime    Last Run
-----------------------------------------  -----  ---------  --------  ----------  --------------  -------------------
/opt/airflow/dags/globalretail_etl_dag.py                           1           0  0.77s           2026-05-05T13:27:01
================================================================================
[2026-05-05T13:27:53.616+0000] {manager.py:878} INFO - 
================================================================================
DAG File Processing Stats

File Path                                  PID    Runtime      # DAGs    # Errors  Last Runtime    Last Run
-----------------------------------------  -----  ---------  --------  ----------  --------------  -------------------
/opt/airflow/dags/globalretail_etl_dag.py                           1           0  0.78s           2026-05-05T13:27:31
================================================================================
[2026-05-05T13:28:23.535+0000] {manager.py:878} INFO - 
================================================================================
DAG File Processing Stats

File Path                                  PID    Runtime      # DAGs    # Errors  Last Runtime    Last Run
-----------------------------------------  -----  ---------  --------  ----------  --------------  -------------------
/opt/airflow/dags/globalretail_etl_dag.py                           1           0  0.55s           2026-05-05T13:28:02
================================================================================
[2026-05-05T13:28:54.051+0000] {manager.py:878} INFO - 
================================================================================
DAG File Processing Stats

File Path                                  PID    Runtime      # DAGs    # Errors  Last Runtime    Last Run
-----------------------------------------  -----  ---------  --------  ----------  --------------  -------------------
/opt/airflow/dags/globalretail_etl_dag.py                           1           0  0.60s           2026-05-05T13:28:33
================================================================================
[2026-05-05T13:29:24.013+0000] {manager.py:878} INFO - 
================================================================================
DAG File Processing Stats

File Path                                  PID    Runtime      # DAGs    # Errors  Last Runtime    Last Run
-----------------------------------------  -----  ---------  --------  ----------  --------------  -------------------
/opt/airflow/dags/globalretail_etl_dag.py                           1           0  0.93s           2026-05-05T13:29:05
================================================================================
[2026-05-05T13:29:54.127+0000] {manager.py:878} INFO - 
================================================================================
DAG File Processing Stats

File Path                                  PID    Runtime      # DAGs    # Errors  Last Runtime    Last Run
-----------------------------------------  -----  ---------  --------  ----------  --------------  -------------------
/opt/airflow/dags/globalretail_etl_dag.py                           1           0  0.73s           2026-05-05T13:29:35
================================================================================
[2026-05-05T13:30:24.122+0000] {manager.py:878} INFO - 
================================================================================
DAG File Processing Stats

File Path                                  PID    Runtime      # DAGs    # Errors  Last Runtime    Last Run
-----------------------------------------  -----  ---------  --------  ----------  --------------  -------------------
/opt/airflow/dags/globalretail_etl_dag.py                           1           0  0.84s           2026-05-05T13:30:06
================================================================================
[2026-05-05T13:30:54.169+0000] {manager.py:878} INFO - 
================================================================================
DAG File Processing Stats

File Path                                  PID    Runtime      # DAGs    # Errors  Last Runtime    Last Run
-----------------------------------------  -----  ---------  --------  ----------  --------------  -------------------
/opt/airflow/dags/globalretail_etl_dag.py                           1           0  0.93s           2026-05-05T13:30:38
================================================================================
[2026-05-05T13:31:23.844+0000] {manager.py:737} INFO - Searching for files in /opt/airflow/dags
[2026-05-05T13:31:23.865+0000] {manager.py:740} INFO - There are 1 files in /opt/airflow/dags
[2026-05-05T13:31:24.214+0000] {manager.py:878} INFO - 
================================================================================
DAG File Processing Stats

File Path                                  PID    Runtime      # DAGs    # Errors  Last Runtime    Last Run
-----------------------------------------  -----  ---------  --------  ----------  --------------  -------------------
/opt/airflow/dags/globalretail_etl_dag.py                           1           0  0.68s           2026-05-05T13:31:08
================================================================================
[2026-05-05T13:31:54.215+0000] {manager.py:878} INFO - 
================================================================================
DAG File Processing Stats

File Path                                  PID    Runtime      # DAGs    # Errors  Last Runtime    Last Run
-----------------------------------------  -----  ---------  --------  ----------  --------------  -------------------
/opt/airflow/dags/globalretail_etl_dag.py                           1           0  0.78s           2026-05-05T13:31:39
================================================================================
[2026-05-05T13:32:24.213+0000] {manager.py:878} INFO - 
================================================================================
DAG File Processing Stats

File Path                                  PID    Runtime      # DAGs    # Errors  Last Runtime    Last Run
-----------------------------------------  -----  ---------  --------  ----------  --------------  -------------------
/opt/airflow/dags/globalretail_etl_dag.py                           1           0  0.79s           2026-05-05T13:32:10
================================================================================
[2026-05-05T13:32:54.488+0000] {manager.py:878} INFO - 
================================================================================
DAG File Processing Stats

File Path                                  PID    Runtime      # DAGs    # Errors  Last Runtime    Last Run
-----------------------------------------  -----  ---------  --------  ----------  --------------  -------------------
/opt/airflow/dags/globalretail_etl_dag.py                           1           0  0.65s           2026-05-05T13:32:41
================================================================================
[2026-05-05T13:33:24.501+0000] {manager.py:878} INFO - 
================================================================================
DAG File Processing Stats

File Path                                  PID    Runtime      # DAGs    # Errors  Last Runtime    Last Run
-----------------------------------------  -----  ---------  --------  ----------  --------------  -------------------
/opt/airflow/dags/globalretail_etl_dag.py                           1           0  0.65s           2026-05-05T13:33:12
================================================================================
[2026-05-05T13:33:54.532+0000] {manager.py:878} INFO - 
================================================================================
DAG File Processing Stats

File Path                                  PID    Runtime      # DAGs    # Errors  Last Runtime    Last Run
-----------------------------------------  -----  ---------  --------  ----------  --------------  -------------------
/opt/airflow/dags/globalretail_etl_dag.py                           1           0  0.71s           2026-05-05T13:33:44
================================================================================
[2026-05-05T13:34:24.522+0000] {manager.py:878} INFO - 
================================================================================
DAG File Processing Stats

File Path                                  PID    Runtime      # DAGs    # Errors  Last Runtime    Last Run
-----------------------------------------  -----  ---------  --------  ----------  --------------  -------------------
/opt/airflow/dags/globalretail_etl_dag.py                           1           0  0.69s           2026-05-05T13:34:15
================================================================================
[2026-05-05T13:34:54.546+0000] {manager.py:878} INFO - 
================================================================================
DAG File Processing Stats

File Path                                  PID    Runtime      # DAGs    # Errors  Last Runtime    Last Run
-----------------------------------------  -----  ---------  --------  ----------  --------------  -------------------
/opt/airflow/dags/globalretail_etl_dag.py                           1           0  0.70s           2026-05-05T13:34:45
================================================================================
[2026-05-05T13:35:24.599+0000] {manager.py:878} INFO - 
================================================================================
DAG File Processing Stats

File Path                                  PID    Runtime      # DAGs    # Errors  Last Runtime    Last Run
-----------------------------------------  -----  ---------  --------  ----------  --------------  -------------------
/opt/airflow/dags/globalretail_etl_dag.py                           1           0  0.73s           2026-05-05T13:35:17
================================================================================
[2026-05-05T13:35:54.617+0000] {manager.py:878} INFO - 
================================================================================
DAG File Processing Stats

File Path                                  PID    Runtime      # DAGs    # Errors  Last Runtime    Last Run
-----------------------------------------  -----  ---------  --------  ----------  --------------  -------------------
/opt/airflow/dags/globalretail_etl_dag.py                           1           0  0.63s           2026-05-05T13:35:48
================================================================================
[2026-05-05T13:36:23.996+0000] {manager.py:737} INFO - Searching for files in /opt/airflow/dags
[2026-05-05T13:36:24.015+0000] {manager.py:740} INFO - There are 1 files in /opt/airflow/dags
[2026-05-05T13:36:24.624+0000] {manager.py:878} INFO - 
================================================================================
DAG File Processing Stats

File Path                                  PID    Runtime      # DAGs    # Errors  Last Runtime    Last Run
-----------------------------------------  -----  ---------  --------  ----------  --------------  -------------------
/opt/airflow/dags/globalretail_etl_dag.py                           1           0  0.71s           2026-05-05T13:36:18
================================================================================
[2026-05-05T13:36:54.633+0000] {manager.py:878} INFO - 
================================================================================
DAG File Processing Stats

File Path                                  PID    Runtime      # DAGs    # Errors  Last Runtime    Last Run
-----------------------------------------  -----  ---------  --------  ----------  --------------  -------------------
/opt/airflow/dags/globalretail_etl_dag.py                           1           0  0.87s           2026-05-05T13:36:49
================================================================================
[2026-05-05T13:37:24.894+0000] {manager.py:878} INFO - 
================================================================================
DAG File Processing Stats

File Path                                  PID    Runtime      # DAGs    # Errors  Last Runtime    Last Run
-----------------------------------------  -----  ---------  --------  ----------  --------------  -------------------
/opt/airflow/dags/globalretail_etl_dag.py                           1           0  0.62s           2026-05-05T13:37:21
================================================================================
[2026-05-05T13:37:55.306+0000] {manager.py:878} INFO - 
================================================================================
DAG File Processing Stats

File Path                                  PID    Runtime      # DAGs    # Errors  Last Runtime    Last Run
-----------------------------------------  -----  ---------  --------  ----------  --------------  -------------------
/opt/airflow/dags/globalretail_etl_dag.py                           1           0  0.63s           2026-05-05T13:37:52
================================================================================
[2026-05-05T13:38:25.542+0000] {manager.py:878} INFO - 
================================================================================
DAG File Processing Stats

File Path                                  PID    Runtime      # DAGs    # Errors  Last Runtime    Last Run
-----------------------------------------  -----  ---------  --------  ----------  --------------  -------------------
/opt/airflow/dags/globalretail_etl_dag.py                           1           0  0.59s           2026-05-05T13:38:23
================================================================================
[2026-05-05T13:38:55.917+0000] {manager.py:878} INFO - 
================================================================================
DAG File Processing Stats

File Path                                  PID    Runtime      # DAGs    # Errors  Last Runtime    Last Run
-----------------------------------------  -----  ---------  --------  ----------  --------------  -------------------
/opt/airflow/dags/globalretail_etl_dag.py                           1           0  0.63s           2026-05-05T13:38:55
================================================================================
[2026-05-05T13:39:25.991+0000] {manager.py:878} INFO - 
================================================================================
DAG File Processing Stats

File Path                                    PID  Runtime      # DAGs    # Errors  Last Runtime    Last Run
-----------------------------------------  -----  ---------  --------  ----------  --------------  -------------------
/opt/airflow/dags/globalretail_etl_dag.py   3954  0.01s             1           0  0.63s           2026-05-05T13:38:55
================================================================================
[2026-05-05T13:39:56.200+0000] {manager.py:878} INFO - 
================================================================================
DAG File Processing Stats

File Path                                  PID    Runtime      # DAGs    # Errors  Last Runtime    Last Run
-----------------------------------------  -----  ---------  --------  ----------  --------------  -------------------
/opt/airflow/dags/globalretail_etl_dag.py                           1           0  0.64s           2026-05-05T13:39:26
================================================================================
[2026-05-05T13:40:26.200+0000] {manager.py:878} INFO - 
================================================================================
DAG File Processing Stats

File Path                                  PID    Runtime      # DAGs    # Errors  Last Runtime    Last Run
-----------------------------------------  -----  ---------  --------  ----------  --------------  -------------------
/opt/airflow/dags/globalretail_etl_dag.py                           1           0  0.68s           2026-05-05T13:39:57
================================================================================
[2026-05-05T13:40:56.283+0000] {manager.py:878} INFO - 
================================================================================
DAG File Processing Stats

File Path                                  PID    Runtime      # DAGs    # Errors  Last Runtime    Last Run
-----------------------------------------  -----  ---------  --------  ----------  --------------  -------------------
/opt/airflow/dags/globalretail_etl_dag.py                           1           0  0.61s           2026-05-05T13:40:28
================================================================================
[2026-05-05T13:41:24.793+0000] {manager.py:737} INFO - Searching for files in /opt/airflow/dags
[2026-05-05T13:41:24.810+0000] {manager.py:740} INFO - There are 1 files in /opt/airflow/dags
[2026-05-05T13:41:26.840+0000] {manager.py:878} INFO - 
================================================================================
DAG File Processing Stats

File Path                                  PID    Runtime      # DAGs    # Errors  Last Runtime    Last Run
-----------------------------------------  -----  ---------  --------  ----------  --------------  -------------------
/opt/airflow/dags/globalretail_etl_dag.py                           1           0  0.70s           2026-05-05T13:41:00
================================================================================
[2026-05-05T13:41:56.965+0000] {manager.py:878} INFO - 
================================================================================
DAG File Processing Stats

File Path                                  PID    Runtime      # DAGs    # Errors  Last Runtime    Last Run
-----------------------------------------  -----  ---------  --------  ----------  --------------  -------------------
/opt/airflow/dags/globalretail_etl_dag.py                           1           0  0.60s           2026-05-05T13:41:31
================================================================================
[2026-05-05T13:42:26.976+0000] {manager.py:878} INFO - 
================================================================================
DAG File Processing Stats

File Path                                  PID    Runtime      # DAGs    # Errors  Last Runtime    Last Run
-----------------------------------------  -----  ---------  --------  ----------  --------------  -------------------
/opt/airflow/dags/globalretail_etl_dag.py                           1           0  0.81s           2026-05-05T13:42:02
================================================================================
[2026-05-05T13:42:57.258+0000] {manager.py:878} INFO - 
================================================================================
DAG File Processing Stats

File Path                                  PID    Runtime      # DAGs    # Errors  Last Runtime    Last Run
-----------------------------------------  -----  ---------  --------  ----------  --------------  -------------------
/opt/airflow/dags/globalretail_etl_dag.py                           1           0  0.75s           2026-05-05T13:42:33
================================================================================
[2026-05-05T13:43:27.755+0000] {manager.py:878} INFO - 
================================================================================
DAG File Processing Stats

File Path                                  PID    Runtime      # DAGs    # Errors  Last Runtime    Last Run
-----------------------------------------  -----  ---------  --------  ----------  --------------  -------------------
/opt/airflow/dags/globalretail_etl_dag.py                           1           0  0.67s           2026-05-05T13:43:04
================================================================================
[2026-05-05T13:43:57.915+0000] {manager.py:878} INFO - 
================================================================================
DAG File Processing Stats

File Path                                  PID    Runtime      # DAGs    # Errors  Last Runtime    Last Run
-----------------------------------------  -----  ---------  --------  ----------  --------------  -------------------
/opt/airflow/dags/globalretail_etl_dag.py                           1           0  0.71s           2026-05-05T13:43:36
================================================================================
[2026-05-05T13:44:27.907+0000] {manager.py:878} INFO - 
================================================================================
DAG File Processing Stats

File Path                                  PID    Runtime      # DAGs    # Errors  Last Runtime    Last Run
-----------------------------------------  -----  ---------  --------  ----------  --------------  -------------------
/opt/airflow/dags/globalretail_etl_dag.py                           1           0  0.69s           2026-05-05T13:44:07
================================================================================
[2026-05-05T13:44:58.165+0000] {manager.py:878} INFO - 
================================================================================
DAG File Processing Stats

File Path                                  PID    Runtime      # DAGs    # Errors  Last Runtime    Last Run
-----------------------------------------  -----  ---------  --------  ----------  --------------  -------------------
/opt/airflow/dags/globalretail_etl_dag.py                           1           0  0.65s           2026-05-05T13:44:38
================================================================================
[2026-05-05T13:45:28.602+0000] {manager.py:878} INFO - 
================================================================================
DAG File Processing Stats

File Path                                  PID    Runtime      # DAGs    # Errors  Last Runtime    Last Run
-----------------------------------------  -----  ---------  --------  ----------  --------------  -------------------
/opt/airflow/dags/globalretail_etl_dag.py                           1           0  0.73s           2026-05-05T13:45:09
================================================================================
[2026-05-05T13:45:58.891+0000] {manager.py:878} INFO - 
================================================================================
DAG File Processing Stats

File Path                                  PID    Runtime      # DAGs    # Errors  Last Runtime    Last Run
-----------------------------------------  -----  ---------  --------  ----------  --------------  -------------------
/opt/airflow/dags/globalretail_etl_dag.py                           1           0  0.72s           2026-05-05T13:45:41
================================================================================
[2026-05-05T13:46:25.326+0000] {manager.py:737} INFO - Searching for files in /opt/airflow/dags
[2026-05-05T13:46:25.344+0000] {manager.py:740} INFO - There are 1 files in /opt/airflow/dags
[2026-05-05T13:46:28.733+0000] {manager.py:878} INFO - 
================================================================================
DAG File Processing Stats

File Path                                  PID    Runtime      # DAGs    # Errors  Last Runtime    Last Run
-----------------------------------------  -----  ---------  --------  ----------  --------------  -------------------
/opt/airflow/dags/globalretail_etl_dag.py                           1           0  0.67s           2026-05-05T13:46:12
================================================================================
[2026-05-05T13:46:59.393+0000] {manager.py:878} INFO - 
================================================================================
DAG File Processing Stats

File Path                                  PID    Runtime      # DAGs    # Errors  Last Runtime    Last Run
-----------------------------------------  -----  ---------  --------  ----------  --------------  -------------------
/opt/airflow/dags/globalretail_etl_dag.py                           1           0  0.84s           2026-05-05T13:46:43
================================================================================
[2026-05-05T13:47:29.574+0000] {manager.py:878} INFO - 
================================================================================
DAG File Processing Stats

File Path                                  PID    Runtime      # DAGs    # Errors  Last Runtime    Last Run
-----------------------------------------  -----  ---------  --------  ----------  --------------  -------------------
/opt/airflow/dags/globalretail_etl_dag.py                           1           0  0.60s           2026-05-05T13:47:14
================================================================================
[2026-05-05T13:48:00.026+0000] {manager.py:878} INFO - 
================================================================================
DAG File Processing Stats

File Path                                  PID    Runtime      # DAGs    # Errors  Last Runtime    Last Run
-----------------------------------------  -----  ---------  --------  ----------  --------------  -------------------
/opt/airflow/dags/globalretail_etl_dag.py                           1           0  0.71s           2026-05-05T13:47:46
================================================================================
[2026-05-05T13:48:30.277+0000] {manager.py:878} INFO - 
================================================================================
DAG File Processing Stats

File Path                                  PID    Runtime      # DAGs    # Errors  Last Runtime    Last Run
-----------------------------------------  -----  ---------  --------  ----------  --------------  -------------------
/opt/airflow/dags/globalretail_etl_dag.py                           1           0  0.69s           2026-05-05T13:48:17
================================================================================
[2026-05-05T13:49:00.726+0000] {manager.py:878} INFO - 
================================================================================
DAG File Processing Stats

File Path                                  PID    Runtime      # DAGs    # Errors  Last Runtime    Last Run
-----------------------------------------  -----  ---------  --------  ----------  --------------  -------------------
/opt/airflow/dags/globalretail_etl_dag.py                           1           0  0.70s           2026-05-05T13:48:48
================================================================================
[2026-05-05T13:49:30.972+0000] {manager.py:878} INFO - 
================================================================================
DAG File Processing Stats

File Path                                  PID    Runtime      # DAGs    # Errors  Last Runtime    Last Run
-----------------------------------------  -----  ---------  --------  ----------  --------------  -------------------
/opt/airflow/dags/globalretail_etl_dag.py                           1           0  0.73s           2026-05-05T13:49:20
================================================================================
[2026-05-05T13:50:01.005+0000] {manager.py:878} INFO - 
================================================================================
DAG File Processing Stats

File Path                                  PID    Runtime      # DAGs    # Errors  Last Runtime    Last Run
-----------------------------------------  -----  ---------  --------  ----------  --------------  -------------------
/opt/airflow/dags/globalretail_etl_dag.py                           1           0  0.69s           2026-05-05T13:49:51
================================================================================
[2026-05-05T13:50:31.134+0000] {manager.py:878} INFO - 
================================================================================
DAG File Processing Stats

File Path                                  PID    Runtime      # DAGs    # Errors  Last Runtime    Last Run
-----------------------------------------  -----  ---------  --------  ----------  --------------  -------------------
/opt/airflow/dags/globalretail_etl_dag.py                           1           0  0.75s           2026-05-05T13:50:22
================================================================================
[2026-05-05T13:51:01.147+0000] {manager.py:878} INFO - 
================================================================================
DAG File Processing Stats

File Path                                  PID    Runtime      # DAGs    # Errors  Last Runtime    Last Run
-----------------------------------------  -----  ---------  --------  ----------  --------------  -------------------
/opt/airflow/dags/globalretail_etl_dag.py                           1           0  0.70s           2026-05-05T13:50:53
================================================================================
[2026-05-05T13:51:25.452+0000] {manager.py:737} INFO - Searching for files in /opt/airflow/dags
[2026-05-05T13:51:25.470+0000] {manager.py:740} INFO - There are 1 files in /opt/airflow/dags
[2026-05-05T13:51:30.984+0000] {manager.py:878} INFO - 
================================================================================
DAG File Processing Stats

File Path                                  PID    Runtime      # DAGs    # Errors  Last Runtime    Last Run
-----------------------------------------  -----  ---------  --------  ----------  --------------  -------------------
/opt/airflow/dags/globalretail_etl_dag.py                           1           0  1.84s           2026-05-05T13:51:25
================================================================================
[2026-05-05T13:52:01.541+0000] {manager.py:878} INFO - 
================================================================================
DAG File Processing Stats

File Path                                  PID    Runtime      # DAGs    # Errors  Last Runtime    Last Run
-----------------------------------------  -----  ---------  --------  ----------  --------------  -------------------
/opt/airflow/dags/globalretail_etl_dag.py                           1           0  0.66s           2026-05-05T13:51:56
================================================================================
[2026-05-05T13:52:31.664+0000] {manager.py:878} INFO - 
================================================================================
DAG File Processing Stats

File Path                                  PID    Runtime      # DAGs    # Errors  Last Runtime    Last Run
-----------------------------------------  -----  ---------  --------  ----------  --------------  -------------------
/opt/airflow/dags/globalretail_etl_dag.py                           1           0  0.65s           2026-05-05T13:52:28
================================================================================
[2026-05-05T13:53:01.657+0000] {manager.py:878} INFO - 
================================================================================
DAG File Processing Stats

File Path                                  PID    Runtime      # DAGs    # Errors  Last Runtime    Last Run
-----------------------------------------  -----  ---------  --------  ----------  --------------  -------------------
/opt/airflow/dags/globalretail_etl_dag.py                           1           0  0.66s           2026-05-05T13:52:58
================================================================================
[2026-05-05T13:53:31.509+0000] {manager.py:878} INFO - 
================================================================================
DAG File Processing Stats

File Path                                  PID    Runtime      # DAGs    # Errors  Last Runtime    Last Run
-----------------------------------------  -----  ---------  --------  ----------  --------------  -------------------
/opt/airflow/dags/globalretail_etl_dag.py                           1           0  0.65s           2026-05-05T13:53:29
================================================================================
[2026-05-05T13:54:01.677+0000] {manager.py:878} INFO - 
================================================================================
DAG File Processing Stats

File Path                                  PID    Runtime      # DAGs    # Errors  Last Runtime    Last Run
-----------------------------------------  -----  ---------  --------  ----------  --------------  -------------------
/opt/airflow/dags/globalretail_etl_dag.py                           1           0  0.72s           2026-05-05T13:54:00
================================================================================
[2026-05-05T13:54:31.771+0000] {manager.py:878} INFO - 
================================================================================
DAG File Processing Stats

File Path                                    PID  Runtime      # DAGs    # Errors  Last Runtime    Last Run
-----------------------------------------  -----  ---------  --------  ----------  --------------  -------------------
/opt/airflow/dags/globalretail_etl_dag.py   4589  0.79s             1           0  0.72s           2026-05-05T13:54:00
================================================================================
[2026-05-05T13:55:01.794+0000] {manager.py:878} INFO - 
================================================================================
DAG File Processing Stats

File Path                                  PID    Runtime      # DAGs    # Errors  Last Runtime    Last Run
-----------------------------------------  -----  ---------  --------  ----------  --------------  -------------------
/opt/airflow/dags/globalretail_etl_dag.py                           1           0  0.82s           2026-05-05T13:54:31
================================================================================
[2026-05-05T13:55:47.109+0000] {manager.py:470} INFO - Processing files using up to 2 processes at a time 
[2026-05-05T13:55:47.112+0000] {manager.py:471} INFO - Process each file at most once every 30 seconds
[2026-05-05T13:55:47.113+0000] {manager.py:472} INFO - Checking for new files in /opt/airflow/dags every 300 seconds
[2026-05-05T13:55:47.114+0000] {manager.py:737} INFO - Searching for files in /opt/airflow/dags
[2026-05-05T13:55:47.149+0000] {manager.py:740} INFO - There are 1 files in /opt/airflow/dags
[2026-05-05T13:55:51.313+0000] {manager.py:878} INFO - 
================================================================================
DAG File Processing Stats

File Path                                  PID    Runtime      # DAGs    # Errors  Last Runtime    Last Run
-----------------------------------------  -----  ---------  --------  ----------  --------------  -------------------
/opt/airflow/dags/globalretail_etl_dag.py                           1           0  1.31s           2026-05-05T13:55:48
================================================================================
[2026-05-05T13:56:21.434+0000] {manager.py:878} INFO - 
================================================================================
DAG File Processing Stats

File Path                                  PID    Runtime      # DAGs    # Errors  Last Runtime    Last Run
-----------------------------------------  -----  ---------  --------  ----------  --------------  -------------------
/opt/airflow/dags/globalretail_etl_dag.py                           1           0  0.85s           2026-05-05T13:56:19
================================================================================
[2026-05-05T13:56:51.628+0000] {manager.py:878} INFO - 
================================================================================
DAG File Processing Stats

File Path                                  PID    Runtime      # DAGs    # Errors  Last Runtime    Last Run
-----------------------------------------  -----  ---------  --------  ----------  --------------  -------------------
/opt/airflow/dags/globalretail_etl_dag.py                           1           0  0.78s           2026-05-05T13:56:50
================================================================================
[2026-05-05T13:57:21.745+0000] {manager.py:878} INFO - 
================================================================================
DAG File Processing Stats

File Path                                  PID    Runtime      # DAGs    # Errors  Last Runtime    Last Run
-----------------------------------------  -----  ---------  --------  ----------  --------------  -------------------
/opt/airflow/dags/globalretail_etl_dag.py                           1           0  0.63s           2026-05-05T13:57:21
================================================================================
[2026-05-05T13:57:51.853+0000] {manager.py:878} INFO - 
================================================================================
DAG File Processing Stats

File Path                                    PID  Runtime      # DAGs    # Errors  Last Runtime    Last Run
-----------------------------------------  -----  ---------  --------  ----------  --------------  -------------------
/opt/airflow/dags/globalretail_etl_dag.py    270  0.48s             1           0  0.63s           2026-05-05T13:57:21
================================================================================
[2026-05-05T13:58:21.970+0000] {manager.py:878} INFO - 
================================================================================
DAG File Processing Stats

File Path                                  PID    Runtime      # DAGs    # Errors  Last Runtime    Last Run
-----------------------------------------  -----  ---------  --------  ----------  --------------  -------------------
/opt/airflow/dags/globalretail_etl_dag.py                           1           0  0.69s           2026-05-05T13:57:52
================================================================================
[2026-05-05T13:58:52.091+0000] {manager.py:878} INFO - 
================================================================================
DAG File Processing Stats

File Path                                  PID    Runtime      # DAGs    # Errors  Last Runtime    Last Run
-----------------------------------------  -----  ---------  --------  ----------  --------------  -------------------
/opt/airflow/dags/globalretail_etl_dag.py                           1           0  0.90s           2026-05-05T13:58:23
================================================================================
[2026-05-05T13:59:22.159+0000] {manager.py:878} INFO - 
================================================================================
DAG File Processing Stats

File Path                                  PID    Runtime      # DAGs    # Errors  Last Runtime    Last Run
-----------------------------------------  -----  ---------  --------  ----------  --------------  -------------------
/opt/airflow/dags/globalretail_etl_dag.py                           1           0  0.71s           2026-05-05T13:58:53
================================================================================
[2026-05-05T13:59:52.235+0000] {manager.py:878} INFO - 
================================================================================
DAG File Processing Stats

File Path                                  PID    Runtime      # DAGs    # Errors  Last Runtime    Last Run
-----------------------------------------  -----  ---------  --------  ----------  --------------  -------------------
/opt/airflow/dags/globalretail_etl_dag.py                           1           0  0.58s           2026-05-05T13:59:24
================================================================================
[2026-05-05T14:00:22.270+0000] {manager.py:878} INFO - 
================================================================================
DAG File Processing Stats

File Path                                  PID    Runtime      # DAGs    # Errors  Last Runtime    Last Run
-----------------------------------------  -----  ---------  --------  ----------  --------------  -------------------
/opt/airflow/dags/globalretail_etl_dag.py                           1           0  0.67s           2026-05-05T13:59:55
================================================================================
[2026-05-05T14:00:47.545+0000] {manager.py:737} INFO - Searching for files in /opt/airflow/dags
[2026-05-05T14:00:47.561+0000] {manager.py:740} INFO - There are 1 files in /opt/airflow/dags
[2026-05-05T14:00:52.604+0000] {manager.py:878} INFO - 
================================================================================
DAG File Processing Stats

File Path                                  PID    Runtime      # DAGs    # Errors  Last Runtime    Last Run
-----------------------------------------  -----  ---------  --------  ----------  --------------  -------------------
/opt/airflow/dags/globalretail_etl_dag.py                           1           0  0.63s           2026-05-05T14:00:25
================================================================================
[2026-05-05T14:01:22.937+0000] {manager.py:878} INFO - 
================================================================================
DAG File Processing Stats

File Path                                  PID    Runtime      # DAGs    # Errors  Last Runtime    Last Run
-----------------------------------------  -----  ---------  --------  ----------  --------------  -------------------
/opt/airflow/dags/globalretail_etl_dag.py                           1           0  0.67s           2026-05-05T14:00:57
================================================================================
[2026-05-05T14:01:52.982+0000] {manager.py:878} INFO - 
================================================================================
DAG File Processing Stats

File Path                                  PID    Runtime      # DAGs    # Errors  Last Runtime    Last Run
-----------------------------------------  -----  ---------  --------  ----------  --------------  -------------------
/opt/airflow/dags/globalretail_etl_dag.py                           1           0  0.50s           2026-05-05T14:01:27
================================================================================
[2026-05-05T14:02:23.373+0000] {manager.py:878} INFO - 
================================================================================
DAG File Processing Stats

File Path                                  PID    Runtime      # DAGs    # Errors  Last Runtime    Last Run
-----------------------------------------  -----  ---------  --------  ----------  --------------  -------------------
/opt/airflow/dags/globalretail_etl_dag.py                           1           0  0.60s           2026-05-05T14:01:58
================================================================================
[2026-05-05T14:02:53.347+0000] {manager.py:878} INFO - 
================================================================================
DAG File Processing Stats

File Path                                  PID    Runtime      # DAGs    # Errors  Last Runtime    Last Run
-----------------------------------------  -----  ---------  --------  ----------  --------------  -------------------
/opt/airflow/dags/globalretail_etl_dag.py                           1           0  0.67s           2026-05-05T14:02:29
================================================================================
[2026-05-05T14:03:23.698+0000] {manager.py:878} INFO - 
================================================================================
DAG File Processing Stats

File Path                                  PID    Runtime      # DAGs    # Errors  Last Runtime    Last Run
-----------------------------------------  -----  ---------  --------  ----------  --------------  -------------------
/opt/airflow/dags/globalretail_etl_dag.py                           1           0  0.62s           2026-05-05T14:02:59
================================================================================
[2026-05-05T14:03:53.646+0000] {manager.py:878} INFO - 
================================================================================
DAG File Processing Stats

File Path                                  PID    Runtime      # DAGs    # Errors  Last Runtime    Last Run
-----------------------------------------  -----  ---------  --------  ----------  --------------  -------------------
/opt/airflow/dags/globalretail_etl_dag.py                           1           0  0.63s           2026-05-05T14:03:30
================================================================================
[2026-05-05T14:04:23.480+0000] {manager.py:878} INFO - 
================================================================================
DAG File Processing Stats

File Path                                  PID    Runtime      # DAGs    # Errors  Last Runtime    Last Run
-----------------------------------------  -----  ---------  --------  ----------  --------------  -------------------
/opt/airflow/dags/globalretail_etl_dag.py                           1           0  0.65s           2026-05-05T14:04:01
================================================================================
[2026-05-05T14:04:53.393+0000] {manager.py:878} INFO - 
================================================================================
DAG File Processing Stats

File Path                                  PID    Runtime      # DAGs    # Errors  Last Runtime    Last Run
-----------------------------------------  -----  ---------  --------  ----------  --------------  -------------------
/opt/airflow/dags/globalretail_etl_dag.py                           1           0  0.65s           2026-05-05T14:04:32
================================================================================
[2026-05-05T14:05:23.525+0000] {manager.py:878} INFO - 
================================================================================
DAG File Processing Stats

File Path                                  PID    Runtime      # DAGs    # Errors  Last Runtime    Last Run
-----------------------------------------  -----  ---------  --------  ----------  --------------  -------------------
/opt/airflow/dags/globalretail_etl_dag.py                           1           0  0.66s           2026-05-05T14:05:03
================================================================================
[2026-05-05T14:05:47.703+0000] {manager.py:737} INFO - Searching for files in /opt/airflow/dags
[2026-05-05T14:05:47.720+0000] {manager.py:740} INFO - There are 1 files in /opt/airflow/dags
[2026-05-05T14:05:53.769+0000] {manager.py:878} INFO - 
================================================================================
DAG File Processing Stats

File Path                                  PID    Runtime      # DAGs    # Errors  Last Runtime    Last Run
-----------------------------------------  -----  ---------  --------  ----------  --------------  -------------------
/opt/airflow/dags/globalretail_etl_dag.py                           1           0  0.62s           2026-05-05T14:05:35
================================================================================
[2026-05-05T14:06:24.161+0000] {manager.py:878} INFO - 
================================================================================
DAG File Processing Stats

File Path                                  PID    Runtime      # DAGs    # Errors  Last Runtime    Last Run
-----------------------------------------  -----  ---------  --------  ----------  --------------  -------------------
/opt/airflow/dags/globalretail_etl_dag.py                           1           0  0.68s           2026-05-05T14:06:06
================================================================================
[2026-05-05T14:06:54.096+0000] {manager.py:878} INFO - 
================================================================================
DAG File Processing Stats

File Path                                  PID    Runtime      # DAGs    # Errors  Last Runtime    Last Run
-----------------------------------------  -----  ---------  --------  ----------  --------------  -------------------
/opt/airflow/dags/globalretail_etl_dag.py                           1           0  0.64s           2026-05-05T14:06:36
================================================================================
[2026-05-05T14:07:23.996+0000] {manager.py:878} INFO - 
================================================================================
DAG File Processing Stats

File Path                                  PID    Runtime      # DAGs    # Errors  Last Runtime    Last Run
-----------------------------------------  -----  ---------  --------  ----------  --------------  -------------------
/opt/airflow/dags/globalretail_etl_dag.py                           1           0  0.90s           2026-05-05T14:07:07
================================================================================
[2026-05-05T14:07:53.607+0000] {manager.py:878} INFO - 
================================================================================
DAG File Processing Stats

File Path                                  PID    Runtime      # DAGs    # Errors  Last Runtime    Last Run
-----------------------------------------  -----  ---------  --------  ----------  --------------  -------------------
/opt/airflow/dags/globalretail_etl_dag.py                           1           0  0.69s           2026-05-05T14:07:38
================================================================================
[2026-05-05T14:08:23.595+0000] {manager.py:878} INFO - 
================================================================================
DAG File Processing Stats

File Path                                  PID    Runtime      # DAGs    # Errors  Last Runtime    Last Run
-----------------------------------------  -----  ---------  --------  ----------  --------------  -------------------
/opt/airflow/dags/globalretail_etl_dag.py                           1           0  0.75s           2026-05-05T14:08:10
================================================================================
[2026-05-05T14:08:53.582+0000] {manager.py:878} INFO - 
================================================================================
DAG File Processing Stats

File Path                                  PID    Runtime      # DAGs    # Errors  Last Runtime    Last Run
-----------------------------------------  -----  ---------  --------  ----------  --------------  -------------------
/opt/airflow/dags/globalretail_etl_dag.py                           1           0  0.81s           2026-05-05T14:08:41
================================================================================
[2026-05-05T14:09:23.567+0000] {manager.py:878} INFO - 
================================================================================
DAG File Processing Stats

File Path                                  PID    Runtime      # DAGs    # Errors  Last Runtime    Last Run
-----------------------------------------  -----  ---------  --------  ----------  --------------  -------------------
/opt/airflow/dags/globalretail_etl_dag.py                           1           0  0.79s           2026-05-05T14:09:11
================================================================================
[2026-05-05T14:09:53.290+0000] {manager.py:878} INFO - 
================================================================================
DAG File Processing Stats

File Path                                  PID    Runtime      # DAGs    # Errors  Last Runtime    Last Run
-----------------------------------------  -----  ---------  --------  ----------  --------------  -------------------
/opt/airflow/dags/globalretail_etl_dag.py                           1           0  0.70s           2026-05-05T14:09:43
================================================================================
[2026-05-05T14:10:23.232+0000] {manager.py:878} INFO - 
================================================================================
DAG File Processing Stats

File Path                                  PID    Runtime      # DAGs    # Errors  Last Runtime    Last Run
-----------------------------------------  -----  ---------  --------  ----------  --------------  -------------------
/opt/airflow/dags/globalretail_etl_dag.py                           1           0  0.82s           2026-05-05T14:10:14
================================================================================
[2026-05-05T14:10:47.822+0000] {manager.py:737} INFO - Searching for files in /opt/airflow/dags
[2026-05-05T14:10:47.843+0000] {manager.py:740} INFO - There are 1 files in /opt/airflow/dags
[2026-05-05T14:10:53.308+0000] {manager.py:878} INFO - 
================================================================================
DAG File Processing Stats

File Path                                  PID    Runtime      # DAGs    # Errors  Last Runtime    Last Run
-----------------------------------------  -----  ---------  --------  ----------  --------------  -------------------
/opt/airflow/dags/globalretail_etl_dag.py                           1           0  0.78s           2026-05-05T14:10:45
================================================================================
[2026-05-05T14:11:23.608+0000] {manager.py:878} INFO - 
================================================================================
DAG File Processing Stats

File Path                                  PID    Runtime      # DAGs    # Errors  Last Runtime    Last Run
-----------------------------------------  -----  ---------  --------  ----------  --------------  -------------------
/opt/airflow/dags/globalretail_etl_dag.py                           1           0  0.66s           2026-05-05T14:11:16
================================================================================
[2026-05-05T14:11:53.992+0000] {manager.py:878} INFO - 
================================================================================
DAG File Processing Stats

File Path                                  PID    Runtime      # DAGs    # Errors  Last Runtime    Last Run
-----------------------------------------  -----  ---------  --------  ----------  --------------  -------------------
/opt/airflow/dags/globalretail_etl_dag.py                           1           0  0.62s           2026-05-05T14:11:47
================================================================================
[2026-05-05T14:12:24.175+0000] {manager.py:878} INFO - 
================================================================================
DAG File Processing Stats

File Path                                  PID    Runtime      # DAGs    # Errors  Last Runtime    Last Run
-----------------------------------------  -----  ---------  --------  ----------  --------------  -------------------
/opt/airflow/dags/globalretail_etl_dag.py                           1           0  0.65s           2026-05-05T14:12:18
================================================================================
[2026-05-05T14:12:54.582+0000] {manager.py:878} INFO - 
================================================================================
DAG File Processing Stats

File Path                                  PID    Runtime      # DAGs    # Errors  Last Runtime    Last Run
-----------------------------------------  -----  ---------  --------  ----------  --------------  -------------------
/opt/airflow/dags/globalretail_etl_dag.py                           1           0  0.72s           2026-05-05T14:12:50
================================================================================
[2026-05-05T14:13:23.995+0000] {manager.py:878} INFO - 
================================================================================
DAG File Processing Stats

File Path                                  PID    Runtime      # DAGs    # Errors  Last Runtime    Last Run
-----------------------------------------  -----  ---------  --------  ----------  --------------  -------------------
/opt/airflow/dags/globalretail_etl_dag.py                           1           0  0.81s           2026-05-05T14:13:21
================================================================================
[2026-05-05T14:13:53.899+0000] {manager.py:878} INFO - 
================================================================================
DAG File Processing Stats

File Path                                  PID    Runtime      # DAGs    # Errors  Last Runtime    Last Run
-----------------------------------------  -----  ---------  --------  ----------  --------------  -------------------
/opt/airflow/dags/globalretail_etl_dag.py                           1           0  0.82s           2026-05-05T14:13:52
================================================================================
[2026-05-05T14:14:23.890+0000] {manager.py:878} INFO - 
================================================================================
DAG File Processing Stats

File Path                                    PID  Runtime      # DAGs    # Errors  Last Runtime    Last Run
-----------------------------------------  -----  ---------  --------  ----------  --------------  -------------------
/opt/airflow/dags/globalretail_etl_dag.py    852  0.43s             1           0  0.82s           2026-05-05T14:13:52
================================================================================
[2026-05-05T14:14:53.888+0000] {manager.py:878} INFO - 
================================================================================
DAG File Processing Stats

File Path                                  PID    Runtime      # DAGs    # Errors  Last Runtime    Last Run
-----------------------------------------  -----  ---------  --------  ----------  --------------  -------------------
/opt/airflow/dags/globalretail_etl_dag.py                           1           0  0.66s           2026-05-05T14:14:24
================================================================================
[2026-05-05T14:15:24.069+0000] {manager.py:878} INFO - 
================================================================================
DAG File Processing Stats

File Path                                  PID    Runtime      # DAGs    # Errors  Last Runtime    Last Run
-----------------------------------------  -----  ---------  --------  ----------  --------------  -------------------
/opt/airflow/dags/globalretail_etl_dag.py                           1           0  0.82s           2026-05-05T14:14:55
================================================================================
[2026-05-05T14:15:47.834+0000] {manager.py:737} INFO - Searching for files in /opt/airflow/dags
[2026-05-05T14:15:47.850+0000] {manager.py:740} INFO - There are 1 files in /opt/airflow/dags
[2026-05-05T14:15:53.692+0000] {manager.py:878} INFO - 
================================================================================
DAG File Processing Stats

File Path                                  PID    Runtime      # DAGs    # Errors  Last Runtime    Last Run
-----------------------------------------  -----  ---------  --------  ----------  --------------  -------------------
/opt/airflow/dags/globalretail_etl_dag.py                           1           0  1.00s           2026-05-05T14:15:27
================================================================================
[2026-05-05T14:16:23.336+0000] {manager.py:878} INFO - 
================================================================================
DAG File Processing Stats

File Path                                  PID    Runtime      # DAGs    # Errors  Last Runtime    Last Run
-----------------------------------------  -----  ---------  --------  ----------  --------------  -------------------
/opt/airflow/dags/globalretail_etl_dag.py                           1           0  0.66s           2026-05-05T14:15:58
================================================================================
[2026-05-05T14:16:53.141+0000] {manager.py:878} INFO - 
================================================================================
DAG File Processing Stats

File Path                                  PID    Runtime      # DAGs    # Errors  Last Runtime    Last Run
-----------------------------------------  -----  ---------  --------  ----------  --------------  -------------------
/opt/airflow/dags/globalretail_etl_dag.py                           1           0  0.72s           2026-05-05T14:16:29
================================================================================
[2026-05-05T14:17:23.384+0000] {manager.py:878} INFO - 
================================================================================
DAG File Processing Stats

File Path                                  PID    Runtime      # DAGs    # Errors  Last Runtime    Last Run
-----------------------------------------  -----  ---------  --------  ----------  --------------  -------------------
/opt/airflow/dags/globalretail_etl_dag.py                           1           0  0.70s           2026-05-05T14:16:59
================================================================================
[2026-05-05T14:17:52.986+0000] {manager.py:878} INFO - 
================================================================================
DAG File Processing Stats

File Path                                  PID    Runtime      # DAGs    # Errors  Last Runtime    Last Run
-----------------------------------------  -----  ---------  --------  ----------  --------------  -------------------
/opt/airflow/dags/globalretail_etl_dag.py                           1           0  0.73s           2026-05-05T14:17:31
================================================================================
[2026-05-05T14:18:22.594+0000] {manager.py:878} INFO - 
================================================================================
DAG File Processing Stats

File Path                                  PID    Runtime      # DAGs    # Errors  Last Runtime    Last Run
-----------------------------------------  -----  ---------  --------  ----------  --------------  -------------------
/opt/airflow/dags/globalretail_etl_dag.py                           1           0  0.70s           2026-05-05T14:18:02
================================================================================
[2026-05-05T14:18:52.632+0000] {manager.py:878} INFO - 
================================================================================
DAG File Processing Stats

File Path                                  PID    Runtime      # DAGs    # Errors  Last Runtime    Last Run
-----------------------------------------  -----  ---------  --------  ----------  --------------  -------------------
/opt/airflow/dags/globalretail_etl_dag.py                           1           0  0.78s           2026-05-05T14:18:33
================================================================================
[2026-05-05T14:19:22.950+0000] {manager.py:878} INFO - 
================================================================================
DAG File Processing Stats

File Path                                  PID    Runtime      # DAGs    # Errors  Last Runtime    Last Run
-----------------------------------------  -----  ---------  --------  ----------  --------------  -------------------
/opt/airflow/dags/globalretail_etl_dag.py                           1           0  0.67s           2026-05-05T14:19:04
================================================================================
[2026-05-05T14:19:53.269+0000] {manager.py:878} INFO - 
================================================================================
DAG File Processing Stats

File Path                                  PID    Runtime      # DAGs    # Errors  Last Runtime    Last Run
-----------------------------------------  -----  ---------  --------  ----------  --------------  -------------------
/opt/airflow/dags/globalretail_etl_dag.py                           1           0  0.75s           2026-05-05T14:19:35
================================================================================
[2026-05-05T14:20:23.668+0000] {manager.py:878} INFO - 
================================================================================
DAG File Processing Stats

File Path                                  PID    Runtime      # DAGs    # Errors  Last Runtime    Last Run
-----------------------------------------  -----  ---------  --------  ----------  --------------  -------------------
/opt/airflow/dags/globalretail_etl_dag.py                           1           0  0.62s           2026-05-05T14:20:06
================================================================================
[2026-05-05T14:20:47.953+0000] {manager.py:737} INFO - Searching for files in /opt/airflow/dags
[2026-05-05T14:20:47.970+0000] {manager.py:740} INFO - There are 1 files in /opt/airflow/dags
[2026-05-05T14:20:53.445+0000] {manager.py:878} INFO - 
================================================================================
DAG File Processing Stats

File Path                                  PID    Runtime      # DAGs    # Errors  Last Runtime    Last Run
-----------------------------------------  -----  ---------  --------  ----------  --------------  -------------------
/opt/airflow/dags/globalretail_etl_dag.py                           1           0  0.67s           2026-05-05T14:20:38
================================================================================
[2026-05-05T14:21:23.652+0000] {manager.py:878} INFO - 
================================================================================
DAG File Processing Stats

File Path                                  PID    Runtime      # DAGs    # Errors  Last Runtime    Last Run
-----------------------------------------  -----  ---------  --------  ----------  --------------  -------------------
/opt/airflow/dags/globalretail_etl_dag.py                           1           0  0.66s           2026-05-05T14:21:09
================================================================================
[2026-05-05T14:21:53.719+0000] {manager.py:878} INFO - 
================================================================================
DAG File Processing Stats

File Path                                  PID    Runtime      # DAGs    # Errors  Last Runtime    Last Run
-----------------------------------------  -----  ---------  --------  ----------  --------------  -------------------
/opt/airflow/dags/globalretail_etl_dag.py                           1           0  0.72s           2026-05-05T14:21:40
================================================================================
[2026-05-05T14:22:23.219+0000] {manager.py:878} INFO - 
================================================================================
DAG File Processing Stats

File Path                                  PID    Runtime      # DAGs    # Errors  Last Runtime    Last Run
-----------------------------------------  -----  ---------  --------  ----------  --------------  -------------------
/opt/airflow/dags/globalretail_etl_dag.py                           1           0  1.19s           2026-05-05T14:22:11
================================================================================
[2026-05-05T14:22:52.768+0000] {manager.py:878} INFO - 
================================================================================
DAG File Processing Stats

File Path                                  PID    Runtime      # DAGs    # Errors  Last Runtime    Last Run
-----------------------------------------  -----  ---------  --------  ----------  --------------  -------------------
/opt/airflow/dags/globalretail_etl_dag.py                           1           0  0.83s           2026-05-05T14:22:43
================================================================================
[2026-05-05T14:23:22.736+0000] {manager.py:878} INFO - 
================================================================================
DAG File Processing Stats

File Path                                  PID    Runtime      # DAGs    # Errors  Last Runtime    Last Run
-----------------------------------------  -----  ---------  --------  ----------  --------------  -------------------
/opt/airflow/dags/globalretail_etl_dag.py                           1           0  0.86s           2026-05-05T14:23:14
================================================================================
[2026-05-05T14:23:52.301+0000] {manager.py:878} INFO - 
================================================================================
DAG File Processing Stats

File Path                                  PID    Runtime      # DAGs    # Errors  Last Runtime    Last Run
-----------------------------------------  -----  ---------  --------  ----------  --------------  -------------------
/opt/airflow/dags/globalretail_etl_dag.py                           1           0  0.65s           2026-05-05T14:23:45
================================================================================
[2026-05-05T14:24:22.371+0000] {manager.py:878} INFO - 
================================================================================
DAG File Processing Stats

File Path                                  PID    Runtime      # DAGs    # Errors  Last Runtime    Last Run
-----------------------------------------  -----  ---------  --------  ----------  --------------  -------------------
/opt/airflow/dags/globalretail_etl_dag.py                           1           0  0.65s           2026-05-05T14:24:16
================================================================================
[2026-05-05T14:24:51.998+0000] {manager.py:878} INFO - 
================================================================================
DAG File Processing Stats

File Path                                  PID    Runtime      # DAGs    # Errors  Last Runtime    Last Run
-----------------------------------------  -----  ---------  --------  ----------  --------------  -------------------
/opt/airflow/dags/globalretail_etl_dag.py                           1           0  0.65s           2026-05-05T14:24:47
================================================================================
[2026-05-05T14:25:21.590+0000] {manager.py:878} INFO - 
================================================================================
DAG File Processing Stats

File Path                                  PID    Runtime      # DAGs    # Errors  Last Runtime    Last Run
-----------------------------------------  -----  ---------  --------  ----------  --------------  -------------------
/opt/airflow/dags/globalretail_etl_dag.py                           1           0  0.68s           2026-05-05T14:25:18
================================================================================
[2026-05-05T14:25:48.192+0000] {manager.py:737} INFO - Searching for files in /opt/airflow/dags
[2026-05-05T14:25:48.210+0000] {manager.py:740} INFO - There are 1 files in /opt/airflow/dags
[2026-05-05T14:25:51.471+0000] {manager.py:878} INFO - 
================================================================================
DAG File Processing Stats

File Path                                  PID    Runtime      # DAGs    # Errors  Last Runtime    Last Run
-----------------------------------------  -----  ---------  --------  ----------  --------------  -------------------
/opt/airflow/dags/globalretail_etl_dag.py                           1           0  0.58s           2026-05-05T14:25:49
================================================================================
[2026-05-05T14:26:21.344+0000] {manager.py:878} INFO - 
================================================================================
DAG File Processing Stats

File Path                                  PID    Runtime      # DAGs    # Errors  Last Runtime    Last Run
-----------------------------------------  -----  ---------  --------  ----------  --------------  -------------------
/opt/airflow/dags/globalretail_etl_dag.py                           1           0  0.69s           2026-05-05T14:26:20
================================================================================
[2026-05-05T14:26:50.964+0000] {manager.py:878} INFO - 
================================================================================
DAG File Processing Stats

File Path                                    PID  Runtime      # DAGs    # Errors  Last Runtime    Last Run
-----------------------------------------  -----  ---------  --------  ----------  --------------  -------------------
/opt/airflow/dags/globalretail_etl_dag.py   1282  0.01s             1           0  0.69s           2026-05-05T14:26:20
================================================================================
[2026-05-05T14:27:20.878+0000] {manager.py:878} INFO - 
================================================================================
DAG File Processing Stats

File Path                                  PID    Runtime      # DAGs    # Errors  Last Runtime    Last Run
-----------------------------------------  -----  ---------  --------  ----------  --------------  -------------------
/opt/airflow/dags/globalretail_etl_dag.py                           1           0  0.68s           2026-05-05T14:26:51
================================================================================
[2026-05-05T14:27:50.747+0000] {manager.py:878} INFO - 
================================================================================
DAG File Processing Stats

File Path                                  PID    Runtime      # DAGs    # Errors  Last Runtime    Last Run
-----------------------------------------  -----  ---------  --------  ----------  --------------  -------------------
/opt/airflow/dags/globalretail_etl_dag.py                           1           0  0.66s           2026-05-05T14:27:22
================================================================================
[2026-05-05T14:28:20.638+0000] {manager.py:878} INFO - 
================================================================================
DAG File Processing Stats

File Path                                  PID    Runtime      # DAGs    # Errors  Last Runtime    Last Run
-----------------------------------------  -----  ---------  --------  ----------  --------------  -------------------
/opt/airflow/dags/globalretail_etl_dag.py                           1           0  0.65s           2026-05-05T14:27:53
================================================================================
[2026-05-05T14:28:50.519+0000] {manager.py:878} INFO - 
================================================================================
DAG File Processing Stats

File Path                                  PID    Runtime      # DAGs    # Errors  Last Runtime    Last Run
-----------------------------------------  -----  ---------  --------  ----------  --------------  -------------------
/opt/airflow/dags/globalretail_etl_dag.py                           1           0  0.68s           2026-05-05T14:28:24
================================================================================
[2026-05-05T14:29:20.401+0000] {manager.py:878} INFO - 
================================================================================
DAG File Processing Stats

File Path                                  PID    Runtime      # DAGs    # Errors  Last Runtime    Last Run
-----------------------------------------  -----  ---------  --------  ----------  --------------  -------------------
/opt/airflow/dags/globalretail_etl_dag.py                           1           0  0.74s           2026-05-05T14:28:55
================================================================================
[2026-05-05T14:29:50.403+0000] {manager.py:878} INFO - 
================================================================================
DAG File Processing Stats

File Path                                  PID    Runtime      # DAGs    # Errors  Last Runtime    Last Run
-----------------------------------------  -----  ---------  --------  ----------  --------------  -------------------
/opt/airflow/dags/globalretail_etl_dag.py                           1           0  0.68s           2026-05-05T14:29:26
================================================================================
[2026-05-05T14:30:20.085+0000] {manager.py:878} INFO - 
================================================================================
DAG File Processing Stats

File Path                                  PID    Runtime      # DAGs    # Errors  Last Runtime    Last Run
-----------------------------------------  -----  ---------  --------  ----------  --------------  -------------------
/opt/airflow/dags/globalretail_etl_dag.py                           1           0  0.73s           2026-05-05T14:29:57
================================================================================
[2026-05-05T14:30:48.199+0000] {manager.py:737} INFO - Searching for files in /opt/airflow/dags
[2026-05-05T14:30:48.215+0000] {manager.py:740} INFO - There are 1 files in /opt/airflow/dags
[2026-05-05T14:30:50.030+0000] {manager.py:878} INFO - 
================================================================================
DAG File Processing Stats

File Path                                  PID    Runtime      # DAGs    # Errors  Last Runtime    Last Run
-----------------------------------------  -----  ---------  --------  ----------  --------------  -------------------
/opt/airflow/dags/globalretail_etl_dag.py                           1           0  0.65s           2026-05-05T14:30:28
================================================================================
[2026-05-05T14:31:19.776+0000] {manager.py:878} INFO - 
================================================================================
DAG File Processing Stats

File Path                                  PID    Runtime      # DAGs    # Errors  Last Runtime    Last Run
-----------------------------------------  -----  ---------  --------  ----------  --------------  -------------------
/opt/airflow/dags/globalretail_etl_dag.py                           1           0  0.63s           2026-05-05T14:30:59
================================================================================
[2026-05-05T14:31:49.760+0000] {manager.py:878} INFO - 
================================================================================
DAG File Processing Stats

File Path                                  PID    Runtime      # DAGs    # Errors  Last Runtime    Last Run
-----------------------------------------  -----  ---------  --------  ----------  --------------  -------------------
/opt/airflow/dags/globalretail_etl_dag.py                           1           0  0.65s           2026-05-05T14:31:30
================================================================================
[2026-05-05T14:32:19.467+0000] {manager.py:878} INFO - 
================================================================================
DAG File Processing Stats

File Path                                  PID    Runtime      # DAGs    # Errors  Last Runtime    Last Run
-----------------------------------------  -----  ---------  --------  ----------  --------------  -------------------
/opt/airflow/dags/globalretail_etl_dag.py                           1           0  0.72s           2026-05-05T14:32:01
================================================================================
[2026-05-05T14:32:49.617+0000] {manager.py:878} INFO - 
================================================================================
DAG File Processing Stats

File Path                                  PID    Runtime      # DAGs    # Errors  Last Runtime    Last Run
-----------------------------------------  -----  ---------  --------  ----------  --------------  -------------------
/opt/airflow/dags/globalretail_etl_dag.py                           1           0  0.66s           2026-05-05T14:32:32
================================================================================
[2026-05-05T14:33:18.985+0000] {manager.py:878} INFO - 
================================================================================
DAG File Processing Stats

File Path                                  PID    Runtime      # DAGs    # Errors  Last Runtime    Last Run
-----------------------------------------  -----  ---------  --------  ----------  --------------  -------------------
/opt/airflow/dags/globalretail_etl_dag.py                           1           0  0.83s           2026-05-05T14:33:03
================================================================================
[2026-05-05T14:33:48.636+0000] {manager.py:878} INFO - 
================================================================================
DAG File Processing Stats

File Path                                  PID    Runtime      # DAGs    # Errors  Last Runtime    Last Run
-----------------------------------------  -----  ---------  --------  ----------  --------------  -------------------
/opt/airflow/dags/globalretail_etl_dag.py                           1           0  0.70s           2026-05-05T14:33:35
================================================================================
[2026-05-05T14:34:18.133+0000] {manager.py:878} INFO - 
================================================================================
DAG File Processing Stats

File Path                                  PID    Runtime      # DAGs    # Errors  Last Runtime    Last Run
-----------------------------------------  -----  ---------  --------  ----------  --------------  -------------------
/opt/airflow/dags/globalretail_etl_dag.py                           1           0  0.68s           2026-05-05T14:34:06
================================================================================
[2026-05-05T14:34:47.819+0000] {manager.py:878} INFO - 
================================================================================
DAG File Processing Stats

File Path                                  PID    Runtime      # DAGs    # Errors  Last Runtime    Last Run
-----------------------------------------  -----  ---------  --------  ----------  --------------  -------------------
/opt/airflow/dags/globalretail_etl_dag.py                           1           0  0.65s           2026-05-05T14:34:37
================================================================================
[2026-05-05T14:35:17.868+0000] {manager.py:878} INFO - 
================================================================================
DAG File Processing Stats

File Path                                  PID    Runtime      # DAGs    # Errors  Last Runtime    Last Run
-----------------------------------------  -----  ---------  --------  ----------  --------------  -------------------
/opt/airflow/dags/globalretail_etl_dag.py                           1           0  0.78s           2026-05-05T14:35:08
================================================================================
[2026-05-05T14:35:47.661+0000] {manager.py:878} INFO - 
================================================================================
DAG File Processing Stats

File Path                                  PID    Runtime      # DAGs    # Errors  Last Runtime    Last Run
-----------------------------------------  -----  ---------  --------  ----------  --------------  -------------------
/opt/airflow/dags/globalretail_etl_dag.py                           1           0  0.73s           2026-05-05T14:35:39
================================================================================
[2026-05-05T14:35:48.667+0000] {manager.py:737} INFO - Searching for files in /opt/airflow/dags
[2026-05-05T14:35:48.686+0000] {manager.py:740} INFO - There are 1 files in /opt/airflow/dags
[2026-05-05T14:36:17.155+0000] {manager.py:878} INFO - 
================================================================================
DAG File Processing Stats

File Path                                  PID    Runtime      # DAGs    # Errors  Last Runtime    Last Run
-----------------------------------------  -----  ---------  --------  ----------  --------------  -------------------
/opt/airflow/dags/globalretail_etl_dag.py                           1           0  0.66s           2026-05-05T14:36:10
================================================================================
[2026-05-05T14:36:46.640+0000] {manager.py:878} INFO - 
================================================================================
DAG File Processing Stats

File Path                                  PID    Runtime      # DAGs    # Errors  Last Runtime    Last Run
-----------------------------------------  -----  ---------  --------  ----------  --------------  -------------------
/opt/airflow/dags/globalretail_etl_dag.py                           1           0  0.72s           2026-05-05T14:36:41
================================================================================
[2026-05-05T14:37:16.398+0000] {manager.py:878} INFO - 
================================================================================
DAG File Processing Stats

File Path                                  PID    Runtime      # DAGs    # Errors  Last Runtime    Last Run
-----------------------------------------  -----  ---------  --------  ----------  --------------  -------------------
/opt/airflow/dags/globalretail_etl_dag.py                           1           0  0.70s           2026-05-05T14:37:12
================================================================================
[2026-05-05T14:37:46.524+0000] {manager.py:878} INFO - 
================================================================================
DAG File Processing Stats

File Path                                  PID    Runtime      # DAGs    # Errors  Last Runtime    Last Run
-----------------------------------------  -----  ---------  --------  ----------  --------------  -------------------
/opt/airflow/dags/globalretail_etl_dag.py                           1           0  0.72s           2026-05-05T14:37:43
================================================================================
[2026-05-05T14:38:15.918+0000] {manager.py:878} INFO - 
================================================================================
DAG File Processing Stats

File Path                                  PID    Runtime      # DAGs    # Errors  Last Runtime    Last Run
-----------------------------------------  -----  ---------  --------  ----------  --------------  -------------------
/opt/airflow/dags/globalretail_etl_dag.py                           1           0  0.74s           2026-05-05T14:38:14
================================================================================
[2026-05-05T14:38:45.457+0000] {manager.py:878} INFO - 
================================================================================
DAG File Processing Stats

File Path                                    PID  Runtime      # DAGs    # Errors  Last Runtime    Last Run
-----------------------------------------  -----  ---------  --------  ----------  --------------  -------------------
/opt/airflow/dags/globalretail_etl_dag.py   1702  0.00s             1           0  0.74s           2026-05-05T14:38:14
================================================================================
[2026-05-05T14:39:15.205+0000] {manager.py:878} INFO - 
================================================================================
DAG File Processing Stats

File Path                                  PID    Runtime      # DAGs    # Errors  Last Runtime    Last Run
-----------------------------------------  -----  ---------  --------  ----------  --------------  -------------------
/opt/airflow/dags/globalretail_etl_dag.py                           1           0  0.63s           2026-05-05T14:38:46
================================================================================
[2026-05-05T14:39:45.171+0000] {manager.py:878} INFO - 
================================================================================
DAG File Processing Stats

File Path                                  PID    Runtime      # DAGs    # Errors  Last Runtime    Last Run
-----------------------------------------  -----  ---------  --------  ----------  --------------  -------------------
/opt/airflow/dags/globalretail_etl_dag.py                           1           0  0.64s           2026-05-05T14:39:16
================================================================================
[2026-05-05T14:40:14.903+0000] {manager.py:878} INFO - 
================================================================================
DAG File Processing Stats

File Path                                  PID    Runtime      # DAGs    # Errors  Last Runtime    Last Run
-----------------------------------------  -----  ---------  --------  ----------  --------------  -------------------
/opt/airflow/dags/globalretail_etl_dag.py                           1           0  0.61s           2026-05-05T14:39:47
================================================================================
[2026-05-05T14:40:44.895+0000] {manager.py:878} INFO - 
================================================================================
DAG File Processing Stats

File Path                                  PID    Runtime      # DAGs    # Errors  Last Runtime    Last Run
-----------------------------------------  -----  ---------  --------  ----------  --------------  -------------------
/opt/airflow/dags/globalretail_etl_dag.py                           1           0  0.62s           2026-05-05T14:40:18
================================================================================
[2026-05-05T14:40:48.930+0000] {manager.py:737} INFO - Searching for files in /opt/airflow/dags
[2026-05-05T14:40:48.951+0000] {manager.py:740} INFO - There are 1 files in /opt/airflow/dags
[2026-05-05T14:41:14.237+0000] {manager.py:878} INFO - 
================================================================================
DAG File Processing Stats

File Path                                  PID    Runtime      # DAGs    # Errors  Last Runtime    Last Run
-----------------------------------------  -----  ---------  --------  ----------  --------------  -------------------
/opt/airflow/dags/globalretail_etl_dag.py                           1           0  0.74s           2026-05-05T14:40:49
================================================================================
[2026-05-05T14:41:43.787+0000] {manager.py:878} INFO - 
================================================================================
DAG File Processing Stats

File Path                                  PID    Runtime      # DAGs    # Errors  Last Runtime    Last Run
-----------------------------------------  -----  ---------  --------  ----------  --------------  -------------------
/opt/airflow/dags/globalretail_etl_dag.py                           1           0  0.75s           2026-05-05T14:41:20
================================================================================
[2026-05-05T14:42:13.510+0000] {manager.py:878} INFO - 
================================================================================
DAG File Processing Stats

File Path                                  PID    Runtime      # DAGs    # Errors  Last Runtime    Last Run
-----------------------------------------  -----  ---------  --------  ----------  --------------  -------------------
/opt/airflow/dags/globalretail_etl_dag.py                           1           0  0.71s           2026-05-05T14:41:51
================================================================================
[2026-05-05T14:42:43.033+0000] {manager.py:878} INFO - 
================================================================================
DAG File Processing Stats

File Path                                  PID    Runtime      # DAGs    # Errors  Last Runtime    Last Run
-----------------------------------------  -----  ---------  --------  ----------  --------------  -------------------
/opt/airflow/dags/globalretail_etl_dag.py                           1           0  0.71s           2026-05-05T14:42:23
================================================================================
[2026-05-05T14:43:12.904+0000] {manager.py:878} INFO - 
================================================================================
DAG File Processing Stats

File Path                                  PID    Runtime      # DAGs    # Errors  Last Runtime    Last Run
-----------------------------------------  -----  ---------  --------  ----------  --------------  -------------------
/opt/airflow/dags/globalretail_etl_dag.py                           1           0  0.65s           2026-05-05T14:42:54
================================================================================
[2026-05-05T14:43:42.257+0000] {manager.py:878} INFO - 
================================================================================
DAG File Processing Stats

File Path                                  PID    Runtime      # DAGs    # Errors  Last Runtime    Last Run
-----------------------------------------  -----  ---------  --------  ----------  --------------  -------------------
/opt/airflow/dags/globalretail_etl_dag.py                           1           0  0.79s           2026-05-05T14:43:25
================================================================================
[2026-05-05T14:44:12.270+0000] {manager.py:878} INFO - 
================================================================================
DAG File Processing Stats

File Path                                  PID    Runtime      # DAGs    # Errors  Last Runtime    Last Run
-----------------------------------------  -----  ---------  --------  ----------  --------------  -------------------
/opt/airflow/dags/globalretail_etl_dag.py                           1           0  0.70s           2026-05-05T14:43:56
================================================================================
[2026-05-05T14:44:41.988+0000] {manager.py:878} INFO - 
================================================================================
DAG File Processing Stats

File Path                                  PID    Runtime      # DAGs    # Errors  Last Runtime    Last Run
-----------------------------------------  -----  ---------  --------  ----------  --------------  -------------------
/opt/airflow/dags/globalretail_etl_dag.py                           1           0  0.67s           2026-05-05T14:44:27
================================================================================
[2026-05-05T14:45:12.057+0000] {manager.py:878} INFO - 
================================================================================
DAG File Processing Stats

File Path                                  PID    Runtime      # DAGs    # Errors  Last Runtime    Last Run
-----------------------------------------  -----  ---------  --------  ----------  --------------  -------------------
/opt/airflow/dags/globalretail_etl_dag.py                           1           0  0.69s           2026-05-05T14:44:58
================================================================================
[2026-05-05T14:45:41.419+0000] {manager.py:878} INFO - 
================================================================================
DAG File Processing Stats

File Path                                  PID    Runtime      # DAGs    # Errors  Last Runtime    Last Run
-----------------------------------------  -----  ---------  --------  ----------  --------------  -------------------
/opt/airflow/dags/globalretail_etl_dag.py                           1           0  0.82s           2026-05-05T14:45:29
================================================================================
[2026-05-05T14:45:48.971+0000] {manager.py:737} INFO - Searching for files in /opt/airflow/dags
[2026-05-05T14:45:48.989+0000] {manager.py:740} INFO - There are 1 files in /opt/airflow/dags
[2026-05-05T14:46:11.163+0000] {manager.py:878} INFO - 
================================================================================
DAG File Processing Stats

File Path                                  PID    Runtime      # DAGs    # Errors  Last Runtime    Last Run
-----------------------------------------  -----  ---------  --------  ----------  --------------  -------------------
/opt/airflow/dags/globalretail_etl_dag.py                           1           0  0.69s           2026-05-05T14:46:00
================================================================================
[2026-05-05T14:46:40.690+0000] {manager.py:878} INFO - 
================================================================================
DAG File Processing Stats

File Path                                  PID    Runtime      # DAGs    # Errors  Last Runtime    Last Run
-----------------------------------------  -----  ---------  --------  ----------  --------------  -------------------
/opt/airflow/dags/globalretail_etl_dag.py                           1           0  0.76s           2026-05-05T14:46:31
================================================================================
[2026-05-05T15:05:16.412+0000] {manager.py:737} INFO - Searching for files in /opt/airflow/dags
[2026-05-05T15:05:16.445+0000] {manager.py:740} INFO - There are 1 files in /opt/airflow/dags
[2026-05-05T15:06:13.528+0000] {manager.py:878} INFO - 
================================================================================
DAG File Processing Stats

File Path                                  PID    Runtime      # DAGs    # Errors  Last Runtime    Last Run
-----------------------------------------  -----  ---------  --------  ----------  --------------  -------------------
/opt/airflow/dags/globalretail_etl_dag.py                           1           0  1.85s           2026-05-05T15:05:50
================================================================================
[2026-05-05T15:06:44.001+0000] {manager.py:878} INFO - 
================================================================================
DAG File Processing Stats

File Path                                  PID    Runtime      # DAGs    # Errors  Last Runtime    Last Run
-----------------------------------------  -----  ---------  --------  ----------  --------------  -------------------
/opt/airflow/dags/globalretail_etl_dag.py                           1           0  0.78s           2026-05-05T15:06:21
================================================================================
[2026-05-05T15:07:13.759+0000] {manager.py:878} INFO - 
================================================================================
DAG File Processing Stats

File Path                                  PID    Runtime      # DAGs    # Errors  Last Runtime    Last Run
-----------------------------------------  -----  ---------  --------  ----------  --------------  -------------------
/opt/airflow/dags/globalretail_etl_dag.py                           1           0  0.73s           2026-05-05T15:06:52
================================================================================
[2026-05-05T15:07:43.434+0000] {manager.py:878} INFO - 
================================================================================
DAG File Processing Stats

File Path                                  PID    Runtime      # DAGs    # Errors  Last Runtime    Last Run
-----------------------------------------  -----  ---------  --------  ----------  --------------  -------------------
/opt/airflow/dags/globalretail_etl_dag.py                           1           0  0.87s           2026-05-05T15:07:24
================================================================================
[2026-05-05T15:08:13.025+0000] {manager.py:878} INFO - 
================================================================================
DAG File Processing Stats

File Path                                  PID    Runtime      # DAGs    # Errors  Last Runtime    Last Run
-----------------------------------------  -----  ---------  --------  ----------  --------------  -------------------
/opt/airflow/dags/globalretail_etl_dag.py                           1           0  0.90s           2026-05-05T15:07:55
================================================================================
[2026-05-05T15:08:42.124+0000] {manager.py:878} INFO - 
================================================================================
DAG File Processing Stats

File Path                                  PID    Runtime      # DAGs    # Errors  Last Runtime    Last Run
-----------------------------------------  -----  ---------  --------  ----------  --------------  -------------------
/opt/airflow/dags/globalretail_etl_dag.py                           1           0  0.79s           2026-05-05T15:08:27
================================================================================
[2026-05-05T15:09:11.773+0000] {manager.py:878} INFO - 
================================================================================
DAG File Processing Stats

File Path                                  PID    Runtime      # DAGs    # Errors  Last Runtime    Last Run
-----------------------------------------  -----  ---------  --------  ----------  --------------  -------------------
/opt/airflow/dags/globalretail_etl_dag.py                           1           0  0.93s           2026-05-05T15:08:59
================================================================================
[2026-05-05T15:09:41.401+0000] {manager.py:878} INFO - 
================================================================================
DAG File Processing Stats

File Path                                  PID    Runtime      # DAGs    # Errors  Last Runtime    Last Run
-----------------------------------------  -----  ---------  --------  ----------  --------------  -------------------
/opt/airflow/dags/globalretail_etl_dag.py                           1           0  0.80s           2026-05-05T15:09:30
================================================================================
[2026-05-05T15:10:10.896+0000] {manager.py:878} INFO - 
================================================================================
DAG File Processing Stats

File Path                                  PID    Runtime      # DAGs    # Errors  Last Runtime    Last Run
-----------------------------------------  -----  ---------  --------  ----------  --------------  -------------------
/opt/airflow/dags/globalretail_etl_dag.py                           1           0  0.74s           2026-05-05T15:10:02
================================================================================
[2026-05-05T15:10:16.956+0000] {manager.py:737} INFO - Searching for files in /opt/airflow/dags
[2026-05-05T15:10:16.975+0000] {manager.py:740} INFO - There are 1 files in /opt/airflow/dags
[2026-05-05T15:10:40.586+0000] {manager.py:878} INFO - 
================================================================================
DAG File Processing Stats

File Path                                  PID    Runtime      # DAGs    # Errors  Last Runtime    Last Run
-----------------------------------------  -----  ---------  --------  ----------  --------------  -------------------
/opt/airflow/dags/globalretail_etl_dag.py                           1           0  0.82s           2026-05-05T15:10:33
================================================================================
[2026-05-05T15:11:10.141+0000] {manager.py:878} INFO - 
================================================================================
DAG File Processing Stats

File Path                                  PID    Runtime      # DAGs    # Errors  Last Runtime    Last Run
-----------------------------------------  -----  ---------  --------  ----------  --------------  -------------------
/opt/airflow/dags/globalretail_etl_dag.py                           1           0  0.84s           2026-05-05T15:11:04
================================================================================
[2026-05-05T15:11:39.665+0000] {manager.py:878} INFO - 
================================================================================
DAG File Processing Stats

File Path                                  PID    Runtime      # DAGs    # Errors  Last Runtime    Last Run
-----------------------------------------  -----  ---------  --------  ----------  --------------  -------------------
/opt/airflow/dags/globalretail_etl_dag.py                           1           0  0.81s           2026-05-05T15:11:36
================================================================================
[2026-05-05T15:12:09.335+0000] {manager.py:878} INFO - 
================================================================================
DAG File Processing Stats

File Path                                  PID    Runtime      # DAGs    # Errors  Last Runtime    Last Run
-----------------------------------------  -----  ---------  --------  ----------  --------------  -------------------
/opt/airflow/dags/globalretail_etl_dag.py                           1           0  0.75s           2026-05-05T15:12:06
================================================================================
[2026-05-05T15:12:38.838+0000] {manager.py:878} INFO - 
================================================================================
DAG File Processing Stats

File Path                                  PID    Runtime      # DAGs    # Errors  Last Runtime    Last Run
-----------------------------------------  -----  ---------  --------  ----------  --------------  -------------------
/opt/airflow/dags/globalretail_etl_dag.py                           1           0  0.21s           2026-05-05T15:12:37
================================================================================
