[2026-05-05T12:07:08.810+0000] {processor.py:161} INFO - Started process (PID=211) to work on /opt/airflow/dags/globalretail_etl_dag.py
[2026-05-05T12:07:08.811+0000] {processor.py:830} INFO - Processing file /opt/airflow/dags/globalretail_etl_dag.py for tasks to queue
[2026-05-05T12:07:08.814+0000] {logging_mixin.py:188} INFO - [2026-05-05T12:07:08.813+0000] {dagbag.py:540} INFO - Filling up the DagBag from /opt/airflow/dags/globalretail_etl_dag.py
[2026-05-05T12:07:09.364+0000] {processor.py:840} INFO - DAG(s) 'globalretail_etl_pipeline' retrieved from /opt/airflow/dags/globalretail_etl_dag.py
[2026-05-05T12:07:09.577+0000] {logging_mixin.py:188} INFO - [2026-05-05T12:07:09.576+0000] {override.py:1829} INFO - Created Permission View: can edit on DAG:globalretail_etl_pipeline
[2026-05-05T12:07:09.586+0000] {logging_mixin.py:188} INFO - [2026-05-05T12:07:09.586+0000] {override.py:1829} INFO - Created Permission View: can delete on DAG:globalretail_etl_pipeline
[2026-05-05T12:07:09.593+0000] {logging_mixin.py:188} INFO - [2026-05-05T12:07:09.593+0000] {override.py:1829} INFO - Created Permission View: can read on DAG:globalretail_etl_pipeline
[2026-05-05T12:07:09.594+0000] {logging_mixin.py:188} INFO - [2026-05-05T12:07:09.594+0000] {dag.py:3096} INFO - Sync 1 DAGs
[2026-05-05T12:07:09.603+0000] {logging_mixin.py:188} INFO - [2026-05-05T12:07:09.602+0000] {dag.py:3118} INFO - Creating ORM DAG for globalretail_etl_pipeline
[2026-05-05T12:07:09.610+0000] {logging_mixin.py:188} INFO - [2026-05-05T12:07:09.610+0000] {dag.py:3954} INFO - Setting next_dagrun for globalretail_etl_pipeline to 2026-05-04 00:00:00+00:00, run_after=2026-05-05 00:00:00+00:00
[2026-05-05T12:07:09.630+0000] {processor.py:183} INFO - Processing /opt/airflow/dags/globalretail_etl_dag.py took 0.827 seconds
[2026-05-05T12:07:39.853+0000] {processor.py:161} INFO - Started process (PID=224) to work on /opt/airflow/dags/globalretail_etl_dag.py
[2026-05-05T12:07:39.854+0000] {processor.py:830} INFO - Processing file /opt/airflow/dags/globalretail_etl_dag.py for tasks to queue
[2026-05-05T12:07:39.857+0000] {logging_mixin.py:188} INFO - [2026-05-05T12:07:39.857+0000] {dagbag.py:540} INFO - Filling up the DagBag from /opt/airflow/dags/globalretail_etl_dag.py
[2026-05-05T12:07:40.415+0000] {processor.py:840} INFO - DAG(s) 'globalretail_etl_pipeline' retrieved from /opt/airflow/dags/globalretail_etl_dag.py
[2026-05-05T12:07:40.437+0000] {logging_mixin.py:188} INFO - [2026-05-05T12:07:40.436+0000] {dag.py:3096} INFO - Sync 1 DAGs
[2026-05-05T12:07:40.453+0000] {logging_mixin.py:188} INFO - [2026-05-05T12:07:40.453+0000] {dag.py:3954} INFO - Setting next_dagrun for globalretail_etl_pipeline to 2026-05-04 00:00:00+00:00, run_after=2026-05-05 00:00:00+00:00
[2026-05-05T12:07:40.512+0000] {processor.py:183} INFO - Processing /opt/airflow/dags/globalretail_etl_dag.py took 0.666 seconds
[2026-05-05T12:08:10.721+0000] {processor.py:161} INFO - Started process (PID=237) to work on /opt/airflow/dags/globalretail_etl_dag.py
[2026-05-05T12:08:10.722+0000] {processor.py:830} INFO - Processing file /opt/airflow/dags/globalretail_etl_dag.py for tasks to queue
[2026-05-05T12:08:10.725+0000] {logging_mixin.py:188} INFO - [2026-05-05T12:08:10.724+0000] {dagbag.py:540} INFO - Filling up the DagBag from /opt/airflow/dags/globalretail_etl_dag.py
[2026-05-05T12:08:11.286+0000] {processor.py:840} INFO - DAG(s) 'globalretail_etl_pipeline' retrieved from /opt/airflow/dags/globalretail_etl_dag.py
[2026-05-05T12:08:11.306+0000] {logging_mixin.py:188} INFO - [2026-05-05T12:08:11.306+0000] {dag.py:3096} INFO - Sync 1 DAGs
[2026-05-05T12:08:11.322+0000] {logging_mixin.py:188} INFO - [2026-05-05T12:08:11.322+0000] {dag.py:3954} INFO - Setting next_dagrun for globalretail_etl_pipeline to 2026-05-04 00:00:00+00:00, run_after=2026-05-05 00:00:00+00:00
[2026-05-05T12:08:11.341+0000] {processor.py:183} INFO - Processing /opt/airflow/dags/globalretail_etl_dag.py took 0.627 seconds
[2026-05-05T12:08:41.482+0000] {processor.py:161} INFO - Started process (PID=250) to work on /opt/airflow/dags/globalretail_etl_dag.py
[2026-05-05T12:08:41.576+0000] {processor.py:830} INFO - Processing file /opt/airflow/dags/globalretail_etl_dag.py for tasks to queue
[2026-05-05T12:08:41.579+0000] {logging_mixin.py:188} INFO - [2026-05-05T12:08:41.579+0000] {dagbag.py:540} INFO - Filling up the DagBag from /opt/airflow/dags/globalretail_etl_dag.py
[2026-05-05T12:08:42.436+0000] {processor.py:840} INFO - DAG(s) 'globalretail_etl_pipeline' retrieved from /opt/airflow/dags/globalretail_etl_dag.py
[2026-05-05T12:08:42.487+0000] {logging_mixin.py:188} INFO - [2026-05-05T12:08:42.486+0000] {dag.py:3096} INFO - Sync 1 DAGs
[2026-05-05T12:08:42.524+0000] {logging_mixin.py:188} INFO - [2026-05-05T12:08:42.524+0000] {dag.py:3954} INFO - Setting next_dagrun for globalretail_etl_pipeline to 2026-05-04 00:00:00+00:00, run_after=2026-05-05 00:00:00+00:00
[2026-05-05T12:08:42.553+0000] {processor.py:183} INFO - Processing /opt/airflow/dags/globalretail_etl_dag.py took 1.079 seconds
[2026-05-05T12:09:12.690+0000] {processor.py:161} INFO - Started process (PID=256) to work on /opt/airflow/dags/globalretail_etl_dag.py
[2026-05-05T12:09:12.691+0000] {processor.py:830} INFO - Processing file /opt/airflow/dags/globalretail_etl_dag.py for tasks to queue
[2026-05-05T12:09:12.694+0000] {logging_mixin.py:188} INFO - [2026-05-05T12:09:12.693+0000] {dagbag.py:540} INFO - Filling up the DagBag from /opt/airflow/dags/globalretail_etl_dag.py
[2026-05-05T12:09:13.280+0000] {processor.py:840} INFO - DAG(s) 'globalretail_etl_pipeline' retrieved from /opt/airflow/dags/globalretail_etl_dag.py
[2026-05-05T12:09:13.304+0000] {logging_mixin.py:188} INFO - [2026-05-05T12:09:13.304+0000] {dag.py:3096} INFO - Sync 1 DAGs
[2026-05-05T12:09:13.325+0000] {logging_mixin.py:188} INFO - [2026-05-05T12:09:13.324+0000] {dag.py:3954} INFO - Setting next_dagrun for globalretail_etl_pipeline to 2026-05-04 00:00:00+00:00, run_after=2026-05-05 00:00:00+00:00
[2026-05-05T12:09:13.352+0000] {processor.py:183} INFO - Processing /opt/airflow/dags/globalretail_etl_dag.py took 0.670 seconds
[2026-05-05T12:09:43.526+0000] {processor.py:161} INFO - Started process (PID=269) to work on /opt/airflow/dags/globalretail_etl_dag.py
[2026-05-05T12:09:43.527+0000] {processor.py:830} INFO - Processing file /opt/airflow/dags/globalretail_etl_dag.py for tasks to queue
[2026-05-05T12:09:43.530+0000] {logging_mixin.py:188} INFO - [2026-05-05T12:09:43.530+0000] {dagbag.py:540} INFO - Filling up the DagBag from /opt/airflow/dags/globalretail_etl_dag.py
[2026-05-05T12:09:44.122+0000] {processor.py:840} INFO - DAG(s) 'globalretail_etl_pipeline' retrieved from /opt/airflow/dags/globalretail_etl_dag.py
[2026-05-05T12:09:44.145+0000] {logging_mixin.py:188} INFO - [2026-05-05T12:09:44.145+0000] {dag.py:3096} INFO - Sync 1 DAGs
[2026-05-05T12:09:44.162+0000] {logging_mixin.py:188} INFO - [2026-05-05T12:09:44.162+0000] {dag.py:3954} INFO - Setting next_dagrun for globalretail_etl_pipeline to 2026-05-04 00:00:00+00:00, run_after=2026-05-05 00:00:00+00:00
[2026-05-05T12:09:44.180+0000] {processor.py:183} INFO - Processing /opt/airflow/dags/globalretail_etl_dag.py took 0.661 seconds
[2026-05-05T12:10:14.312+0000] {processor.py:161} INFO - Started process (PID=283) to work on /opt/airflow/dags/globalretail_etl_dag.py
[2026-05-05T12:10:14.313+0000] {processor.py:830} INFO - Processing file /opt/airflow/dags/globalretail_etl_dag.py for tasks to queue
[2026-05-05T12:10:14.315+0000] {logging_mixin.py:188} INFO - [2026-05-05T12:10:14.314+0000] {dagbag.py:540} INFO - Filling up the DagBag from /opt/airflow/dags/globalretail_etl_dag.py
[2026-05-05T12:10:14.850+0000] {processor.py:840} INFO - DAG(s) 'globalretail_etl_pipeline' retrieved from /opt/airflow/dags/globalretail_etl_dag.py
[2026-05-05T12:10:14.873+0000] {logging_mixin.py:188} INFO - [2026-05-05T12:10:14.873+0000] {dag.py:3096} INFO - Sync 1 DAGs
[2026-05-05T12:10:14.893+0000] {logging_mixin.py:188} INFO - [2026-05-05T12:10:14.893+0000] {dag.py:3954} INFO - Setting next_dagrun for globalretail_etl_pipeline to 2026-05-04 00:00:00+00:00, run_after=2026-05-05 00:00:00+00:00
[2026-05-05T12:10:14.912+0000] {processor.py:183} INFO - Processing /opt/airflow/dags/globalretail_etl_dag.py took 0.606 seconds
[2026-05-05T12:10:45.048+0000] {processor.py:161} INFO - Started process (PID=296) to work on /opt/airflow/dags/globalretail_etl_dag.py
[2026-05-05T12:10:45.049+0000] {processor.py:830} INFO - Processing file /opt/airflow/dags/globalretail_etl_dag.py for tasks to queue
[2026-05-05T12:10:45.052+0000] {logging_mixin.py:188} INFO - [2026-05-05T12:10:45.051+0000] {dagbag.py:540} INFO - Filling up the DagBag from /opt/airflow/dags/globalretail_etl_dag.py
[2026-05-05T12:10:45.614+0000] {processor.py:840} INFO - DAG(s) 'globalretail_etl_pipeline' retrieved from /opt/airflow/dags/globalretail_etl_dag.py
[2026-05-05T12:10:45.636+0000] {logging_mixin.py:188} INFO - [2026-05-05T12:10:45.636+0000] {dag.py:3096} INFO - Sync 1 DAGs
[2026-05-05T12:10:45.655+0000] {logging_mixin.py:188} INFO - [2026-05-05T12:10:45.654+0000] {dag.py:3954} INFO - Setting next_dagrun for globalretail_etl_pipeline to 2026-05-04 00:00:00+00:00, run_after=2026-05-05 00:00:00+00:00
[2026-05-05T12:10:45.674+0000] {processor.py:183} INFO - Processing /opt/airflow/dags/globalretail_etl_dag.py took 0.633 seconds
[2026-05-05T12:11:15.840+0000] {processor.py:161} INFO - Started process (PID=309) to work on /opt/airflow/dags/globalretail_etl_dag.py
[2026-05-05T12:11:15.841+0000] {processor.py:830} INFO - Processing file /opt/airflow/dags/globalretail_etl_dag.py for tasks to queue
[2026-05-05T12:11:15.844+0000] {logging_mixin.py:188} INFO - [2026-05-05T12:11:15.844+0000] {dagbag.py:540} INFO - Filling up the DagBag from /opt/airflow/dags/globalretail_etl_dag.py
[2026-05-05T12:11:16.459+0000] {processor.py:840} INFO - DAG(s) 'globalretail_etl_pipeline' retrieved from /opt/airflow/dags/globalretail_etl_dag.py
[2026-05-05T12:11:16.489+0000] {logging_mixin.py:188} INFO - [2026-05-05T12:11:16.488+0000] {dag.py:3096} INFO - Sync 1 DAGs
[2026-05-05T12:11:16.512+0000] {logging_mixin.py:188} INFO - [2026-05-05T12:11:16.512+0000] {dag.py:3954} INFO - Setting next_dagrun for globalretail_etl_pipeline to 2026-05-04 00:00:00+00:00, run_after=2026-05-05 00:00:00+00:00
[2026-05-05T12:11:16.533+0000] {processor.py:183} INFO - Processing /opt/airflow/dags/globalretail_etl_dag.py took 0.699 seconds
[2026-05-05T12:11:46.694+0000] {processor.py:161} INFO - Started process (PID=322) to work on /opt/airflow/dags/globalretail_etl_dag.py
[2026-05-05T12:11:46.695+0000] {processor.py:830} INFO - Processing file /opt/airflow/dags/globalretail_etl_dag.py for tasks to queue
[2026-05-05T12:11:46.698+0000] {logging_mixin.py:188} INFO - [2026-05-05T12:11:46.698+0000] {dagbag.py:540} INFO - Filling up the DagBag from /opt/airflow/dags/globalretail_etl_dag.py
[2026-05-05T12:11:47.248+0000] {processor.py:840} INFO - DAG(s) 'globalretail_etl_pipeline' retrieved from /opt/airflow/dags/globalretail_etl_dag.py
[2026-05-05T12:11:47.274+0000] {logging_mixin.py:188} INFO - [2026-05-05T12:11:47.273+0000] {dag.py:3096} INFO - Sync 1 DAGs
[2026-05-05T12:11:47.294+0000] {logging_mixin.py:188} INFO - [2026-05-05T12:11:47.293+0000] {dag.py:3954} INFO - Setting next_dagrun for globalretail_etl_pipeline to 2026-05-04 00:00:00+00:00, run_after=2026-05-05 00:00:00+00:00
[2026-05-05T12:11:47.314+0000] {processor.py:183} INFO - Processing /opt/airflow/dags/globalretail_etl_dag.py took 0.627 seconds
[2026-05-05T12:12:17.393+0000] {processor.py:161} INFO - Started process (PID=335) to work on /opt/airflow/dags/globalretail_etl_dag.py
[2026-05-05T12:12:17.394+0000] {processor.py:830} INFO - Processing file /opt/airflow/dags/globalretail_etl_dag.py for tasks to queue
[2026-05-05T12:12:17.396+0000] {logging_mixin.py:188} INFO - [2026-05-05T12:12:17.396+0000] {dagbag.py:540} INFO - Filling up the DagBag from /opt/airflow/dags/globalretail_etl_dag.py
[2026-05-05T12:12:17.975+0000] {processor.py:840} INFO - DAG(s) 'globalretail_etl_pipeline' retrieved from /opt/airflow/dags/globalretail_etl_dag.py
[2026-05-05T12:12:17.999+0000] {logging_mixin.py:188} INFO - [2026-05-05T12:12:17.999+0000] {dag.py:3096} INFO - Sync 1 DAGs
[2026-05-05T12:12:18.018+0000] {logging_mixin.py:188} INFO - [2026-05-05T12:12:18.018+0000] {dag.py:3954} INFO - Setting next_dagrun for globalretail_etl_pipeline to 2026-05-04 00:00:00+00:00, run_after=2026-05-05 00:00:00+00:00
[2026-05-05T12:12:18.038+0000] {processor.py:183} INFO - Processing /opt/airflow/dags/globalretail_etl_dag.py took 0.653 seconds
[2026-05-05T12:12:19.415+0000] {processor.py:161} INFO - Started process (PID=341) to work on /opt/airflow/dags/globalretail_etl_dag.py
[2026-05-05T12:12:19.416+0000] {processor.py:830} INFO - Processing file /opt/airflow/dags/globalretail_etl_dag.py for tasks to queue
[2026-05-05T12:12:19.417+0000] {logging_mixin.py:188} INFO - [2026-05-05T12:12:19.417+0000] {dagbag.py:540} INFO - Filling up the DagBag from /opt/airflow/dags/globalretail_etl_dag.py
[2026-05-05T12:12:19.930+0000] {processor.py:840} INFO - DAG(s) 'globalretail_etl_pipeline' retrieved from /opt/airflow/dags/globalretail_etl_dag.py
[2026-05-05T12:12:19.950+0000] {logging_mixin.py:188} INFO - [2026-05-05T12:12:19.949+0000] {dag.py:3096} INFO - Sync 1 DAGs
[2026-05-05T12:12:19.967+0000] {logging_mixin.py:188} INFO - [2026-05-05T12:12:19.967+0000] {dag.py:3954} INFO - Setting next_dagrun for globalretail_etl_pipeline to 2026-05-04 00:00:00+00:00, run_after=2026-05-05 00:00:00+00:00
[2026-05-05T12:12:19.989+0000] {processor.py:183} INFO - Processing /opt/airflow/dags/globalretail_etl_dag.py took 0.580 seconds
[2026-05-05T12:12:50.704+0000] {processor.py:161} INFO - Started process (PID=423) to work on /opt/airflow/dags/globalretail_etl_dag.py
[2026-05-05T12:12:50.706+0000] {processor.py:830} INFO - Processing file /opt/airflow/dags/globalretail_etl_dag.py for tasks to queue
[2026-05-05T12:12:50.709+0000] {logging_mixin.py:188} INFO - [2026-05-05T12:12:50.708+0000] {dagbag.py:540} INFO - Filling up the DagBag from /opt/airflow/dags/globalretail_etl_dag.py
[2026-05-05T12:12:51.274+0000] {processor.py:840} INFO - DAG(s) 'globalretail_etl_pipeline' retrieved from /opt/airflow/dags/globalretail_etl_dag.py
[2026-05-05T12:12:51.294+0000] {logging_mixin.py:188} INFO - [2026-05-05T12:12:51.293+0000] {dag.py:3096} INFO - Sync 1 DAGs
[2026-05-05T12:12:51.328+0000] {processor.py:183} INFO - Processing /opt/airflow/dags/globalretail_etl_dag.py took 0.633 seconds
[2026-05-05T12:13:21.665+0000] {processor.py:161} INFO - Started process (PID=449) to work on /opt/airflow/dags/globalretail_etl_dag.py
[2026-05-05T12:13:21.667+0000] {processor.py:830} INFO - Processing file /opt/airflow/dags/globalretail_etl_dag.py for tasks to queue
[2026-05-05T12:13:21.669+0000] {logging_mixin.py:188} INFO - [2026-05-05T12:13:21.669+0000] {dagbag.py:540} INFO - Filling up the DagBag from /opt/airflow/dags/globalretail_etl_dag.py
[2026-05-05T12:13:22.309+0000] {processor.py:840} INFO - DAG(s) 'globalretail_etl_pipeline' retrieved from /opt/airflow/dags/globalretail_etl_dag.py
[2026-05-05T12:13:22.332+0000] {logging_mixin.py:188} INFO - [2026-05-05T12:13:22.332+0000] {dag.py:3096} INFO - Sync 1 DAGs
[2026-05-05T12:13:22.372+0000] {processor.py:183} INFO - Processing /opt/airflow/dags/globalretail_etl_dag.py took 0.713 seconds
[2026-05-05T12:13:52.500+0000] {processor.py:161} INFO - Started process (PID=474) to work on /opt/airflow/dags/globalretail_etl_dag.py
[2026-05-05T12:13:52.501+0000] {processor.py:830} INFO - Processing file /opt/airflow/dags/globalretail_etl_dag.py for tasks to queue
[2026-05-05T12:13:52.503+0000] {logging_mixin.py:188} INFO - [2026-05-05T12:13:52.503+0000] {dagbag.py:540} INFO - Filling up the DagBag from /opt/airflow/dags/globalretail_etl_dag.py
[2026-05-05T12:13:53.069+0000] {processor.py:840} INFO - DAG(s) 'globalretail_etl_pipeline' retrieved from /opt/airflow/dags/globalretail_etl_dag.py
[2026-05-05T12:13:53.092+0000] {logging_mixin.py:188} INFO - [2026-05-05T12:13:53.092+0000] {dag.py:3096} INFO - Sync 1 DAGs
[2026-05-05T12:13:53.125+0000] {processor.py:183} INFO - Processing /opt/airflow/dags/globalretail_etl_dag.py took 0.630 seconds
[2026-05-05T12:14:23.311+0000] {processor.py:161} INFO - Started process (PID=505) to work on /opt/airflow/dags/globalretail_etl_dag.py
[2026-05-05T12:14:23.314+0000] {processor.py:830} INFO - Processing file /opt/airflow/dags/globalretail_etl_dag.py for tasks to queue
[2026-05-05T12:14:23.319+0000] {logging_mixin.py:188} INFO - [2026-05-05T12:14:23.319+0000] {dagbag.py:540} INFO - Filling up the DagBag from /opt/airflow/dags/globalretail_etl_dag.py
[2026-05-05T12:14:23.927+0000] {processor.py:840} INFO - DAG(s) 'globalretail_etl_pipeline' retrieved from /opt/airflow/dags/globalretail_etl_dag.py
[2026-05-05T12:14:23.948+0000] {logging_mixin.py:188} INFO - [2026-05-05T12:14:23.947+0000] {dag.py:3096} INFO - Sync 1 DAGs
[2026-05-05T12:14:23.984+0000] {processor.py:183} INFO - Processing /opt/airflow/dags/globalretail_etl_dag.py took 0.687 seconds
[2026-05-05T12:14:54.187+0000] {processor.py:161} INFO - Started process (PID=531) to work on /opt/airflow/dags/globalretail_etl_dag.py
[2026-05-05T12:14:54.189+0000] {processor.py:830} INFO - Processing file /opt/airflow/dags/globalretail_etl_dag.py for tasks to queue
[2026-05-05T12:14:54.190+0000] {logging_mixin.py:188} INFO - [2026-05-05T12:14:54.190+0000] {dagbag.py:540} INFO - Filling up the DagBag from /opt/airflow/dags/globalretail_etl_dag.py
[2026-05-05T12:14:55.024+0000] {processor.py:840} INFO - DAG(s) 'globalretail_etl_pipeline' retrieved from /opt/airflow/dags/globalretail_etl_dag.py
[2026-05-05T12:14:55.061+0000] {logging_mixin.py:188} INFO - [2026-05-05T12:14:55.060+0000] {dag.py:3096} INFO - Sync 1 DAGs
[2026-05-05T12:14:55.113+0000] {processor.py:183} INFO - Processing /opt/airflow/dags/globalretail_etl_dag.py took 0.932 seconds
[2026-05-05T12:15:25.500+0000] {processor.py:161} INFO - Started process (PID=556) to work on /opt/airflow/dags/globalretail_etl_dag.py
[2026-05-05T12:15:25.501+0000] {processor.py:830} INFO - Processing file /opt/airflow/dags/globalretail_etl_dag.py for tasks to queue
[2026-05-05T12:15:25.504+0000] {logging_mixin.py:188} INFO - [2026-05-05T12:15:25.503+0000] {dagbag.py:540} INFO - Filling up the DagBag from /opt/airflow/dags/globalretail_etl_dag.py
[2026-05-05T12:15:26.184+0000] {processor.py:840} INFO - DAG(s) 'globalretail_etl_pipeline' retrieved from /opt/airflow/dags/globalretail_etl_dag.py
[2026-05-05T12:15:26.210+0000] {logging_mixin.py:188} INFO - [2026-05-05T12:15:26.210+0000] {dag.py:3096} INFO - Sync 1 DAGs
[2026-05-05T12:15:26.254+0000] {processor.py:183} INFO - Processing /opt/airflow/dags/globalretail_etl_dag.py took 0.760 seconds
[2026-05-05T12:15:56.402+0000] {processor.py:161} INFO - Started process (PID=587) to work on /opt/airflow/dags/globalretail_etl_dag.py
[2026-05-05T12:15:56.403+0000] {processor.py:830} INFO - Processing file /opt/airflow/dags/globalretail_etl_dag.py for tasks to queue
[2026-05-05T12:15:56.406+0000] {logging_mixin.py:188} INFO - [2026-05-05T12:15:56.405+0000] {dagbag.py:540} INFO - Filling up the DagBag from /opt/airflow/dags/globalretail_etl_dag.py
[2026-05-05T12:15:56.981+0000] {processor.py:840} INFO - DAG(s) 'globalretail_etl_pipeline' retrieved from /opt/airflow/dags/globalretail_etl_dag.py
[2026-05-05T12:15:57.006+0000] {logging_mixin.py:188} INFO - [2026-05-05T12:15:57.005+0000] {dag.py:3096} INFO - Sync 1 DAGs
[2026-05-05T12:15:57.048+0000] {processor.py:183} INFO - Processing /opt/airflow/dags/globalretail_etl_dag.py took 0.652 seconds
[2026-05-05T12:16:27.737+0000] {processor.py:161} INFO - Started process (PID=612) to work on /opt/airflow/dags/globalretail_etl_dag.py
[2026-05-05T12:16:27.738+0000] {processor.py:830} INFO - Processing file /opt/airflow/dags/globalretail_etl_dag.py for tasks to queue
[2026-05-05T12:16:27.740+0000] {logging_mixin.py:188} INFO - [2026-05-05T12:16:27.740+0000] {dagbag.py:540} INFO - Filling up the DagBag from /opt/airflow/dags/globalretail_etl_dag.py
[2026-05-05T12:16:28.319+0000] {processor.py:840} INFO - DAG(s) 'globalretail_etl_pipeline' retrieved from /opt/airflow/dags/globalretail_etl_dag.py
[2026-05-05T12:16:28.342+0000] {logging_mixin.py:188} INFO - [2026-05-05T12:16:28.341+0000] {dag.py:3096} INFO - Sync 1 DAGs
[2026-05-05T12:16:28.379+0000] {processor.py:183} INFO - Processing /opt/airflow/dags/globalretail_etl_dag.py took 0.647 seconds
[2026-05-05T12:16:58.760+0000] {processor.py:161} INFO - Started process (PID=643) to work on /opt/airflow/dags/globalretail_etl_dag.py
[2026-05-05T12:16:58.762+0000] {processor.py:830} INFO - Processing file /opt/airflow/dags/globalretail_etl_dag.py for tasks to queue
[2026-05-05T12:16:58.764+0000] {logging_mixin.py:188} INFO - [2026-05-05T12:16:58.764+0000] {dagbag.py:540} INFO - Filling up the DagBag from /opt/airflow/dags/globalretail_etl_dag.py
[2026-05-05T12:16:59.445+0000] {processor.py:840} INFO - DAG(s) 'globalretail_etl_pipeline' retrieved from /opt/airflow/dags/globalretail_etl_dag.py
[2026-05-05T12:16:59.486+0000] {logging_mixin.py:188} INFO - [2026-05-05T12:16:59.486+0000] {dag.py:3096} INFO - Sync 1 DAGs
[2026-05-05T12:16:59.535+0000] {processor.py:183} INFO - Processing /opt/airflow/dags/globalretail_etl_dag.py took 0.784 seconds
[2026-05-05T12:17:29.728+0000] {processor.py:161} INFO - Started process (PID=668) to work on /opt/airflow/dags/globalretail_etl_dag.py
[2026-05-05T12:17:29.729+0000] {processor.py:830} INFO - Processing file /opt/airflow/dags/globalretail_etl_dag.py for tasks to queue
[2026-05-05T12:17:29.731+0000] {logging_mixin.py:188} INFO - [2026-05-05T12:17:29.731+0000] {dagbag.py:540} INFO - Filling up the DagBag from /opt/airflow/dags/globalretail_etl_dag.py
[2026-05-05T12:17:30.226+0000] {processor.py:840} INFO - DAG(s) 'globalretail_etl_pipeline' retrieved from /opt/airflow/dags/globalretail_etl_dag.py
[2026-05-05T12:17:30.247+0000] {logging_mixin.py:188} INFO - [2026-05-05T12:17:30.247+0000] {dag.py:3096} INFO - Sync 1 DAGs
[2026-05-05T12:17:30.278+0000] {processor.py:183} INFO - Processing /opt/airflow/dags/globalretail_etl_dag.py took 0.620 seconds
[2026-05-05T12:18:00.390+0000] {processor.py:161} INFO - Started process (PID=713) to work on /opt/airflow/dags/globalretail_etl_dag.py
[2026-05-05T12:18:00.391+0000] {processor.py:830} INFO - Processing file /opt/airflow/dags/globalretail_etl_dag.py for tasks to queue
[2026-05-05T12:18:00.393+0000] {logging_mixin.py:188} INFO - [2026-05-05T12:18:00.392+0000] {dagbag.py:540} INFO - Filling up the DagBag from /opt/airflow/dags/globalretail_etl_dag.py
[2026-05-05T12:18:00.904+0000] {processor.py:840} INFO - DAG(s) 'globalretail_etl_pipeline' retrieved from /opt/airflow/dags/globalretail_etl_dag.py
[2026-05-05T12:18:00.926+0000] {logging_mixin.py:188} INFO - [2026-05-05T12:18:00.926+0000] {dag.py:3096} INFO - Sync 1 DAGs
[2026-05-05T12:18:00.959+0000] {processor.py:183} INFO - Processing /opt/airflow/dags/globalretail_etl_dag.py took 0.575 seconds
[2026-05-05T12:18:31.068+0000] {processor.py:161} INFO - Started process (PID=751) to work on /opt/airflow/dags/globalretail_etl_dag.py
[2026-05-05T12:18:31.069+0000] {processor.py:830} INFO - Processing file /opt/airflow/dags/globalretail_etl_dag.py for tasks to queue
[2026-05-05T12:18:31.070+0000] {logging_mixin.py:188} INFO - [2026-05-05T12:18:31.070+0000] {dagbag.py:540} INFO - Filling up the DagBag from /opt/airflow/dags/globalretail_etl_dag.py
[2026-05-05T12:18:31.548+0000] {processor.py:840} INFO - DAG(s) 'globalretail_etl_pipeline' retrieved from /opt/airflow/dags/globalretail_etl_dag.py
[2026-05-05T12:18:31.569+0000] {logging_mixin.py:188} INFO - [2026-05-05T12:18:31.569+0000] {dag.py:3096} INFO - Sync 1 DAGs
[2026-05-05T12:18:31.602+0000] {processor.py:183} INFO - Processing /opt/airflow/dags/globalretail_etl_dag.py took 0.539 seconds
[2026-05-05T12:19:01.694+0000] {processor.py:161} INFO - Started process (PID=788) to work on /opt/airflow/dags/globalretail_etl_dag.py
[2026-05-05T12:19:01.695+0000] {processor.py:830} INFO - Processing file /opt/airflow/dags/globalretail_etl_dag.py for tasks to queue
[2026-05-05T12:19:01.697+0000] {logging_mixin.py:188} INFO - [2026-05-05T12:19:01.696+0000] {dagbag.py:540} INFO - Filling up the DagBag from /opt/airflow/dags/globalretail_etl_dag.py
[2026-05-05T12:19:02.167+0000] {processor.py:840} INFO - DAG(s) 'globalretail_etl_pipeline' retrieved from /opt/airflow/dags/globalretail_etl_dag.py
[2026-05-05T12:19:02.186+0000] {logging_mixin.py:188} INFO - [2026-05-05T12:19:02.186+0000] {dag.py:3096} INFO - Sync 1 DAGs
[2026-05-05T12:19:02.217+0000] {processor.py:183} INFO - Processing /opt/airflow/dags/globalretail_etl_dag.py took 0.529 seconds
[2026-05-05T12:19:32.349+0000] {processor.py:161} INFO - Started process (PID=820) to work on /opt/airflow/dags/globalretail_etl_dag.py
[2026-05-05T12:19:32.351+0000] {processor.py:830} INFO - Processing file /opt/airflow/dags/globalretail_etl_dag.py for tasks to queue
[2026-05-05T12:19:32.355+0000] {logging_mixin.py:188} INFO - [2026-05-05T12:19:32.354+0000] {dagbag.py:540} INFO - Filling up the DagBag from /opt/airflow/dags/globalretail_etl_dag.py
[2026-05-05T12:19:33.067+0000] {processor.py:840} INFO - DAG(s) 'globalretail_etl_pipeline' retrieved from /opt/airflow/dags/globalretail_etl_dag.py
[2026-05-05T12:19:33.095+0000] {logging_mixin.py:188} INFO - [2026-05-05T12:19:33.094+0000] {dag.py:3096} INFO - Sync 1 DAGs
[2026-05-05T12:19:33.140+0000] {processor.py:183} INFO - Processing /opt/airflow/dags/globalretail_etl_dag.py took 0.803 seconds
[2026-05-05T12:20:03.222+0000] {processor.py:161} INFO - Started process (PID=832) to work on /opt/airflow/dags/globalretail_etl_dag.py
[2026-05-05T12:20:03.223+0000] {processor.py:830} INFO - Processing file /opt/airflow/dags/globalretail_etl_dag.py for tasks to queue
[2026-05-05T12:20:03.225+0000] {logging_mixin.py:188} INFO - [2026-05-05T12:20:03.224+0000] {dagbag.py:540} INFO - Filling up the DagBag from /opt/airflow/dags/globalretail_etl_dag.py
[2026-05-05T12:20:03.772+0000] {processor.py:840} INFO - DAG(s) 'globalretail_etl_pipeline' retrieved from /opt/airflow/dags/globalretail_etl_dag.py
[2026-05-05T12:20:03.794+0000] {logging_mixin.py:188} INFO - [2026-05-05T12:20:03.794+0000] {dag.py:3096} INFO - Sync 1 DAGs
[2026-05-05T12:20:03.828+0000] {processor.py:183} INFO - Processing /opt/airflow/dags/globalretail_etl_dag.py took 0.612 seconds
[2026-05-05T12:20:33.915+0000] {processor.py:161} INFO - Started process (PID=857) to work on /opt/airflow/dags/globalretail_etl_dag.py
[2026-05-05T12:20:33.916+0000] {processor.py:830} INFO - Processing file /opt/airflow/dags/globalretail_etl_dag.py for tasks to queue
[2026-05-05T12:20:33.918+0000] {logging_mixin.py:188} INFO - [2026-05-05T12:20:33.918+0000] {dagbag.py:540} INFO - Filling up the DagBag from /opt/airflow/dags/globalretail_etl_dag.py
[2026-05-05T12:20:34.475+0000] {processor.py:840} INFO - DAG(s) 'globalretail_etl_pipeline' retrieved from /opt/airflow/dags/globalretail_etl_dag.py
[2026-05-05T12:20:34.497+0000] {logging_mixin.py:188} INFO - [2026-05-05T12:20:34.497+0000] {dag.py:3096} INFO - Sync 1 DAGs
[2026-05-05T12:20:34.532+0000] {processor.py:183} INFO - Processing /opt/airflow/dags/globalretail_etl_dag.py took 0.622 seconds
[2026-05-05T12:21:04.669+0000] {processor.py:161} INFO - Started process (PID=882) to work on /opt/airflow/dags/globalretail_etl_dag.py
[2026-05-05T12:21:04.670+0000] {processor.py:830} INFO - Processing file /opt/airflow/dags/globalretail_etl_dag.py for tasks to queue
[2026-05-05T12:21:04.672+0000] {logging_mixin.py:188} INFO - [2026-05-05T12:21:04.671+0000] {dagbag.py:540} INFO - Filling up the DagBag from /opt/airflow/dags/globalretail_etl_dag.py
[2026-05-05T12:21:05.203+0000] {processor.py:840} INFO - DAG(s) 'globalretail_etl_pipeline' retrieved from /opt/airflow/dags/globalretail_etl_dag.py
[2026-05-05T12:21:05.226+0000] {logging_mixin.py:188} INFO - [2026-05-05T12:21:05.226+0000] {dag.py:3096} INFO - Sync 1 DAGs
[2026-05-05T12:21:05.258+0000] {processor.py:183} INFO - Processing /opt/airflow/dags/globalretail_etl_dag.py took 0.594 seconds
[2026-05-05T12:21:35.345+0000] {processor.py:161} INFO - Started process (PID=901) to work on /opt/airflow/dags/globalretail_etl_dag.py
[2026-05-05T12:21:35.347+0000] {processor.py:830} INFO - Processing file /opt/airflow/dags/globalretail_etl_dag.py for tasks to queue
[2026-05-05T12:21:35.349+0000] {logging_mixin.py:188} INFO - [2026-05-05T12:21:35.348+0000] {dagbag.py:540} INFO - Filling up the DagBag from /opt/airflow/dags/globalretail_etl_dag.py
[2026-05-05T12:21:35.904+0000] {processor.py:840} INFO - DAG(s) 'globalretail_etl_pipeline' retrieved from /opt/airflow/dags/globalretail_etl_dag.py
[2026-05-05T12:21:35.927+0000] {logging_mixin.py:188} INFO - [2026-05-05T12:21:35.926+0000] {dag.py:3096} INFO - Sync 1 DAGs
[2026-05-05T12:21:35.988+0000] {processor.py:183} INFO - Processing /opt/airflow/dags/globalretail_etl_dag.py took 0.648 seconds
[2026-05-05T12:22:07.027+0000] {processor.py:161} INFO - Started process (PID=927) to work on /opt/airflow/dags/globalretail_etl_dag.py
[2026-05-05T12:22:07.028+0000] {processor.py:830} INFO - Processing file /opt/airflow/dags/globalretail_etl_dag.py for tasks to queue
[2026-05-05T12:22:07.030+0000] {logging_mixin.py:188} INFO - [2026-05-05T12:22:07.030+0000] {dagbag.py:540} INFO - Filling up the DagBag from /opt/airflow/dags/globalretail_etl_dag.py
[2026-05-05T12:22:07.568+0000] {processor.py:840} INFO - DAG(s) 'globalretail_etl_pipeline' retrieved from /opt/airflow/dags/globalretail_etl_dag.py
[2026-05-05T12:22:07.589+0000] {logging_mixin.py:188} INFO - [2026-05-05T12:22:07.588+0000] {dag.py:3096} INFO - Sync 1 DAGs
[2026-05-05T12:22:07.621+0000] {processor.py:183} INFO - Processing /opt/airflow/dags/globalretail_etl_dag.py took 0.599 seconds
[2026-05-05T12:22:37.739+0000] {processor.py:161} INFO - Started process (PID=952) to work on /opt/airflow/dags/globalretail_etl_dag.py
[2026-05-05T12:22:37.740+0000] {processor.py:830} INFO - Processing file /opt/airflow/dags/globalretail_etl_dag.py for tasks to queue
[2026-05-05T12:22:37.742+0000] {logging_mixin.py:188} INFO - [2026-05-05T12:22:37.741+0000] {dagbag.py:540} INFO - Filling up the DagBag from /opt/airflow/dags/globalretail_etl_dag.py
[2026-05-05T12:22:38.278+0000] {processor.py:840} INFO - DAG(s) 'globalretail_etl_pipeline' retrieved from /opt/airflow/dags/globalretail_etl_dag.py
[2026-05-05T12:22:38.302+0000] {logging_mixin.py:188} INFO - [2026-05-05T12:22:38.302+0000] {dag.py:3096} INFO - Sync 1 DAGs
[2026-05-05T12:22:38.334+0000] {processor.py:183} INFO - Processing /opt/airflow/dags/globalretail_etl_dag.py took 0.601 seconds
[2026-05-05T12:23:08.417+0000] {processor.py:161} INFO - Started process (PID=989) to work on /opt/airflow/dags/globalretail_etl_dag.py
[2026-05-05T12:23:08.418+0000] {processor.py:830} INFO - Processing file /opt/airflow/dags/globalretail_etl_dag.py for tasks to queue
[2026-05-05T12:23:08.421+0000] {logging_mixin.py:188} INFO - [2026-05-05T12:23:08.419+0000] {dagbag.py:540} INFO - Filling up the DagBag from /opt/airflow/dags/globalretail_etl_dag.py
[2026-05-05T12:23:08.950+0000] {processor.py:840} INFO - DAG(s) 'globalretail_etl_pipeline' retrieved from /opt/airflow/dags/globalretail_etl_dag.py
[2026-05-05T12:23:08.972+0000] {logging_mixin.py:188} INFO - [2026-05-05T12:23:08.971+0000] {dag.py:3096} INFO - Sync 1 DAGs
[2026-05-05T12:23:09.007+0000] {processor.py:183} INFO - Processing /opt/airflow/dags/globalretail_etl_dag.py took 0.595 seconds
[2026-05-05T12:23:39.101+0000] {processor.py:161} INFO - Started process (PID=1014) to work on /opt/airflow/dags/globalretail_etl_dag.py
[2026-05-05T12:23:39.102+0000] {processor.py:830} INFO - Processing file /opt/airflow/dags/globalretail_etl_dag.py for tasks to queue
[2026-05-05T12:23:39.104+0000] {logging_mixin.py:188} INFO - [2026-05-05T12:23:39.104+0000] {dagbag.py:540} INFO - Filling up the DagBag from /opt/airflow/dags/globalretail_etl_dag.py
[2026-05-05T12:23:39.655+0000] {processor.py:840} INFO - DAG(s) 'globalretail_etl_pipeline' retrieved from /opt/airflow/dags/globalretail_etl_dag.py
[2026-05-05T12:23:39.677+0000] {logging_mixin.py:188} INFO - [2026-05-05T12:23:39.676+0000] {dag.py:3096} INFO - Sync 1 DAGs
[2026-05-05T12:23:39.694+0000] {logging_mixin.py:188} INFO - [2026-05-05T12:23:39.693+0000] {dag.py:3954} INFO - Setting next_dagrun for globalretail_etl_pipeline to 2026-05-05 00:00:00+00:00, run_after=2026-05-06 00:00:00+00:00
[2026-05-05T12:23:39.711+0000] {processor.py:183} INFO - Processing /opt/airflow/dags/globalretail_etl_dag.py took 0.615 seconds
[2026-05-05T12:24:09.789+0000] {processor.py:161} INFO - Started process (PID=1028) to work on /opt/airflow/dags/globalretail_etl_dag.py
[2026-05-05T12:24:09.790+0000] {processor.py:830} INFO - Processing file /opt/airflow/dags/globalretail_etl_dag.py for tasks to queue
[2026-05-05T12:24:09.792+0000] {logging_mixin.py:188} INFO - [2026-05-05T12:24:09.791+0000] {dagbag.py:540} INFO - Filling up the DagBag from /opt/airflow/dags/globalretail_etl_dag.py
[2026-05-05T12:24:10.330+0000] {processor.py:840} INFO - DAG(s) 'globalretail_etl_pipeline' retrieved from /opt/airflow/dags/globalretail_etl_dag.py
[2026-05-05T12:24:10.350+0000] {logging_mixin.py:188} INFO - [2026-05-05T12:24:10.350+0000] {dag.py:3096} INFO - Sync 1 DAGs
[2026-05-05T12:24:10.370+0000] {logging_mixin.py:188} INFO - [2026-05-05T12:24:10.369+0000] {dag.py:3954} INFO - Setting next_dagrun for globalretail_etl_pipeline to 2026-05-05 00:00:00+00:00, run_after=2026-05-06 00:00:00+00:00
[2026-05-05T12:24:10.386+0000] {processor.py:183} INFO - Processing /opt/airflow/dags/globalretail_etl_dag.py took 0.603 seconds
[2026-05-05T12:24:40.552+0000] {processor.py:161} INFO - Started process (PID=1041) to work on /opt/airflow/dags/globalretail_etl_dag.py
[2026-05-05T12:24:40.553+0000] {processor.py:830} INFO - Processing file /opt/airflow/dags/globalretail_etl_dag.py for tasks to queue
[2026-05-05T12:24:40.554+0000] {logging_mixin.py:188} INFO - [2026-05-05T12:24:40.554+0000] {dagbag.py:540} INFO - Filling up the DagBag from /opt/airflow/dags/globalretail_etl_dag.py
[2026-05-05T12:24:41.071+0000] {processor.py:840} INFO - DAG(s) 'globalretail_etl_pipeline' retrieved from /opt/airflow/dags/globalretail_etl_dag.py
[2026-05-05T12:24:41.092+0000] {logging_mixin.py:188} INFO - [2026-05-05T12:24:41.092+0000] {dag.py:3096} INFO - Sync 1 DAGs
[2026-05-05T12:24:41.109+0000] {logging_mixin.py:188} INFO - [2026-05-05T12:24:41.109+0000] {dag.py:3954} INFO - Setting next_dagrun for globalretail_etl_pipeline to 2026-05-05 00:00:00+00:00, run_after=2026-05-06 00:00:00+00:00
[2026-05-05T12:24:41.129+0000] {processor.py:183} INFO - Processing /opt/airflow/dags/globalretail_etl_dag.py took 0.583 seconds
[2026-05-05T12:25:11.231+0000] {processor.py:161} INFO - Started process (PID=1054) to work on /opt/airflow/dags/globalretail_etl_dag.py
[2026-05-05T12:25:11.232+0000] {processor.py:830} INFO - Processing file /opt/airflow/dags/globalretail_etl_dag.py for tasks to queue
[2026-05-05T12:25:11.234+0000] {logging_mixin.py:188} INFO - [2026-05-05T12:25:11.234+0000] {dagbag.py:540} INFO - Filling up the DagBag from /opt/airflow/dags/globalretail_etl_dag.py
[2026-05-05T12:25:11.778+0000] {processor.py:840} INFO - DAG(s) 'globalretail_etl_pipeline' retrieved from /opt/airflow/dags/globalretail_etl_dag.py
[2026-05-05T12:25:11.802+0000] {logging_mixin.py:188} INFO - [2026-05-05T12:25:11.801+0000] {dag.py:3096} INFO - Sync 1 DAGs
[2026-05-05T12:25:11.820+0000] {logging_mixin.py:188} INFO - [2026-05-05T12:25:11.820+0000] {dag.py:3954} INFO - Setting next_dagrun for globalretail_etl_pipeline to 2026-05-05 00:00:00+00:00, run_after=2026-05-06 00:00:00+00:00
[2026-05-05T12:25:11.840+0000] {processor.py:183} INFO - Processing /opt/airflow/dags/globalretail_etl_dag.py took 0.614 seconds
[2026-05-05T12:25:41.914+0000] {processor.py:161} INFO - Started process (PID=1067) to work on /opt/airflow/dags/globalretail_etl_dag.py
[2026-05-05T12:25:41.915+0000] {processor.py:830} INFO - Processing file /opt/airflow/dags/globalretail_etl_dag.py for tasks to queue
[2026-05-05T12:25:41.917+0000] {logging_mixin.py:188} INFO - [2026-05-05T12:25:41.917+0000] {dagbag.py:540} INFO - Filling up the DagBag from /opt/airflow/dags/globalretail_etl_dag.py
[2026-05-05T12:25:42.448+0000] {processor.py:840} INFO - DAG(s) 'globalretail_etl_pipeline' retrieved from /opt/airflow/dags/globalretail_etl_dag.py
[2026-05-05T12:25:42.469+0000] {logging_mixin.py:188} INFO - [2026-05-05T12:25:42.469+0000] {dag.py:3096} INFO - Sync 1 DAGs
[2026-05-05T12:25:42.485+0000] {logging_mixin.py:188} INFO - [2026-05-05T12:25:42.485+0000] {dag.py:3954} INFO - Setting next_dagrun for globalretail_etl_pipeline to 2026-05-05 00:00:00+00:00, run_after=2026-05-06 00:00:00+00:00
[2026-05-05T12:25:42.503+0000] {processor.py:183} INFO - Processing /opt/airflow/dags/globalretail_etl_dag.py took 0.594 seconds
[2026-05-05T12:26:12.632+0000] {processor.py:161} INFO - Started process (PID=1080) to work on /opt/airflow/dags/globalretail_etl_dag.py
[2026-05-05T12:26:12.633+0000] {processor.py:830} INFO - Processing file /opt/airflow/dags/globalretail_etl_dag.py for tasks to queue
[2026-05-05T12:26:12.636+0000] {logging_mixin.py:188} INFO - [2026-05-05T12:26:12.635+0000] {dagbag.py:540} INFO - Filling up the DagBag from /opt/airflow/dags/globalretail_etl_dag.py
[2026-05-05T12:26:13.219+0000] {processor.py:840} INFO - DAG(s) 'globalretail_etl_pipeline' retrieved from /opt/airflow/dags/globalretail_etl_dag.py
[2026-05-05T12:26:13.240+0000] {logging_mixin.py:188} INFO - [2026-05-05T12:26:13.239+0000] {dag.py:3096} INFO - Sync 1 DAGs
[2026-05-05T12:26:13.257+0000] {logging_mixin.py:188} INFO - [2026-05-05T12:26:13.257+0000] {dag.py:3954} INFO - Setting next_dagrun for globalretail_etl_pipeline to 2026-05-05 00:00:00+00:00, run_after=2026-05-06 00:00:00+00:00
[2026-05-05T12:26:13.275+0000] {processor.py:183} INFO - Processing /opt/airflow/dags/globalretail_etl_dag.py took 0.651 seconds
[2026-05-05T12:26:43.349+0000] {processor.py:161} INFO - Started process (PID=1093) to work on /opt/airflow/dags/globalretail_etl_dag.py
[2026-05-05T12:26:43.350+0000] {processor.py:830} INFO - Processing file /opt/airflow/dags/globalretail_etl_dag.py for tasks to queue
[2026-05-05T12:26:43.352+0000] {logging_mixin.py:188} INFO - [2026-05-05T12:26:43.352+0000] {dagbag.py:540} INFO - Filling up the DagBag from /opt/airflow/dags/globalretail_etl_dag.py
[2026-05-05T12:26:43.896+0000] {processor.py:840} INFO - DAG(s) 'globalretail_etl_pipeline' retrieved from /opt/airflow/dags/globalretail_etl_dag.py
[2026-05-05T12:26:43.918+0000] {logging_mixin.py:188} INFO - [2026-05-05T12:26:43.918+0000] {dag.py:3096} INFO - Sync 1 DAGs
[2026-05-05T12:26:43.936+0000] {logging_mixin.py:188} INFO - [2026-05-05T12:26:43.936+0000] {dag.py:3954} INFO - Setting next_dagrun for globalretail_etl_pipeline to 2026-05-05 00:00:00+00:00, run_after=2026-05-06 00:00:00+00:00
[2026-05-05T12:26:43.952+0000] {processor.py:183} INFO - Processing /opt/airflow/dags/globalretail_etl_dag.py took 0.608 seconds
[2026-05-05T12:27:14.085+0000] {processor.py:161} INFO - Started process (PID=1106) to work on /opt/airflow/dags/globalretail_etl_dag.py
[2026-05-05T12:27:14.087+0000] {processor.py:830} INFO - Processing file /opt/airflow/dags/globalretail_etl_dag.py for tasks to queue
[2026-05-05T12:27:14.089+0000] {logging_mixin.py:188} INFO - [2026-05-05T12:27:14.089+0000] {dagbag.py:540} INFO - Filling up the DagBag from /opt/airflow/dags/globalretail_etl_dag.py
[2026-05-05T12:27:14.596+0000] {processor.py:840} INFO - DAG(s) 'globalretail_etl_pipeline' retrieved from /opt/airflow/dags/globalretail_etl_dag.py
[2026-05-05T12:27:14.617+0000] {logging_mixin.py:188} INFO - [2026-05-05T12:27:14.617+0000] {dag.py:3096} INFO - Sync 1 DAGs
[2026-05-05T12:27:14.634+0000] {logging_mixin.py:188} INFO - [2026-05-05T12:27:14.634+0000] {dag.py:3954} INFO - Setting next_dagrun for globalretail_etl_pipeline to 2026-05-05 00:00:00+00:00, run_after=2026-05-06 00:00:00+00:00
[2026-05-05T12:27:14.651+0000] {processor.py:183} INFO - Processing /opt/airflow/dags/globalretail_etl_dag.py took 0.572 seconds
[2026-05-05T12:27:44.739+0000] {processor.py:161} INFO - Started process (PID=1119) to work on /opt/airflow/dags/globalretail_etl_dag.py
[2026-05-05T12:27:44.741+0000] {processor.py:830} INFO - Processing file /opt/airflow/dags/globalretail_etl_dag.py for tasks to queue
[2026-05-05T12:27:44.743+0000] {logging_mixin.py:188} INFO - [2026-05-05T12:27:44.743+0000] {dagbag.py:540} INFO - Filling up the DagBag from /opt/airflow/dags/globalretail_etl_dag.py
[2026-05-05T12:27:45.374+0000] {processor.py:840} INFO - DAG(s) 'globalretail_etl_pipeline' retrieved from /opt/airflow/dags/globalretail_etl_dag.py
[2026-05-05T12:27:45.397+0000] {logging_mixin.py:188} INFO - [2026-05-05T12:27:45.397+0000] {dag.py:3096} INFO - Sync 1 DAGs
[2026-05-05T12:27:45.416+0000] {logging_mixin.py:188} INFO - [2026-05-05T12:27:45.415+0000] {dag.py:3954} INFO - Setting next_dagrun for globalretail_etl_pipeline to 2026-05-05 00:00:00+00:00, run_after=2026-05-06 00:00:00+00:00
[2026-05-05T12:27:45.435+0000] {processor.py:183} INFO - Processing /opt/airflow/dags/globalretail_etl_dag.py took 0.703 seconds
[2026-05-05T12:28:11.464+0000] {processor.py:161} INFO - Started process (PID=1148) to work on /opt/airflow/dags/globalretail_etl_dag.py
[2026-05-05T12:28:11.465+0000] {processor.py:830} INFO - Processing file /opt/airflow/dags/globalretail_etl_dag.py for tasks to queue
[2026-05-05T12:28:11.468+0000] {logging_mixin.py:188} INFO - [2026-05-05T12:28:11.468+0000] {dagbag.py:540} INFO - Filling up the DagBag from /opt/airflow/dags/globalretail_etl_dag.py
[2026-05-05T12:28:12.040+0000] {processor.py:840} INFO - DAG(s) 'globalretail_etl_pipeline' retrieved from /opt/airflow/dags/globalretail_etl_dag.py
[2026-05-05T12:28:12.059+0000] {logging_mixin.py:188} INFO - [2026-05-05T12:28:12.059+0000] {dag.py:3096} INFO - Sync 1 DAGs
[2026-05-05T12:28:12.076+0000] {logging_mixin.py:188} INFO - [2026-05-05T12:28:12.076+0000] {dag.py:3954} INFO - Setting next_dagrun for globalretail_etl_pipeline to 2026-05-05 00:00:00+00:00, run_after=2026-05-06 00:00:00+00:00
[2026-05-05T12:28:12.100+0000] {processor.py:183} INFO - Processing /opt/airflow/dags/globalretail_etl_dag.py took 0.645 seconds
[2026-05-05T12:28:42.224+0000] {processor.py:161} INFO - Started process (PID=1203) to work on /opt/airflow/dags/globalretail_etl_dag.py
[2026-05-05T12:28:42.225+0000] {processor.py:830} INFO - Processing file /opt/airflow/dags/globalretail_etl_dag.py for tasks to queue
[2026-05-05T12:28:42.228+0000] {logging_mixin.py:188} INFO - [2026-05-05T12:28:42.228+0000] {dagbag.py:540} INFO - Filling up the DagBag from /opt/airflow/dags/globalretail_etl_dag.py
[2026-05-05T12:28:43.686+0000] {processor.py:840} INFO - DAG(s) 'globalretail_etl_pipeline' retrieved from /opt/airflow/dags/globalretail_etl_dag.py
[2026-05-05T12:28:43.737+0000] {logging_mixin.py:188} INFO - [2026-05-05T12:28:43.736+0000] {dag.py:3096} INFO - Sync 1 DAGs
[2026-05-05T12:28:43.800+0000] {processor.py:183} INFO - Processing /opt/airflow/dags/globalretail_etl_dag.py took 1.585 seconds
[2026-05-05T12:29:13.900+0000] {processor.py:161} INFO - Started process (PID=1231) to work on /opt/airflow/dags/globalretail_etl_dag.py
[2026-05-05T12:29:13.901+0000] {processor.py:830} INFO - Processing file /opt/airflow/dags/globalretail_etl_dag.py for tasks to queue
[2026-05-05T12:29:13.905+0000] {logging_mixin.py:188} INFO - [2026-05-05T12:29:13.905+0000] {dagbag.py:540} INFO - Filling up the DagBag from /opt/airflow/dags/globalretail_etl_dag.py
[2026-05-05T12:29:14.570+0000] {processor.py:840} INFO - DAG(s) 'globalretail_etl_pipeline' retrieved from /opt/airflow/dags/globalretail_etl_dag.py
[2026-05-05T12:29:14.595+0000] {logging_mixin.py:188} INFO - [2026-05-05T12:29:14.594+0000] {dag.py:3096} INFO - Sync 1 DAGs
[2026-05-05T12:29:14.635+0000] {processor.py:183} INFO - Processing /opt/airflow/dags/globalretail_etl_dag.py took 0.744 seconds
[2026-05-05T12:29:45.667+0000] {processor.py:161} INFO - Started process (PID=1257) to work on /opt/airflow/dags/globalretail_etl_dag.py
[2026-05-05T12:29:45.669+0000] {processor.py:830} INFO - Processing file /opt/airflow/dags/globalretail_etl_dag.py for tasks to queue
[2026-05-05T12:29:45.672+0000] {logging_mixin.py:188} INFO - [2026-05-05T12:29:45.671+0000] {dagbag.py:540} INFO - Filling up the DagBag from /opt/airflow/dags/globalretail_etl_dag.py
[2026-05-05T12:29:46.292+0000] {processor.py:840} INFO - DAG(s) 'globalretail_etl_pipeline' retrieved from /opt/airflow/dags/globalretail_etl_dag.py
[2026-05-05T12:29:46.315+0000] {logging_mixin.py:188} INFO - [2026-05-05T12:29:46.314+0000] {dag.py:3096} INFO - Sync 1 DAGs
[2026-05-05T12:29:46.352+0000] {processor.py:183} INFO - Processing /opt/airflow/dags/globalretail_etl_dag.py took 0.693 seconds
[2026-05-05T12:30:16.443+0000] {processor.py:161} INFO - Started process (PID=1282) to work on /opt/airflow/dags/globalretail_etl_dag.py
[2026-05-05T12:30:16.444+0000] {processor.py:830} INFO - Processing file /opt/airflow/dags/globalretail_etl_dag.py for tasks to queue
[2026-05-05T12:30:16.446+0000] {logging_mixin.py:188} INFO - [2026-05-05T12:30:16.446+0000] {dagbag.py:540} INFO - Filling up the DagBag from /opt/airflow/dags/globalretail_etl_dag.py
[2026-05-05T12:30:17.030+0000] {processor.py:840} INFO - DAG(s) 'globalretail_etl_pipeline' retrieved from /opt/airflow/dags/globalretail_etl_dag.py
[2026-05-05T12:30:17.052+0000] {logging_mixin.py:188} INFO - [2026-05-05T12:30:17.052+0000] {dag.py:3096} INFO - Sync 1 DAGs
[2026-05-05T12:30:17.087+0000] {processor.py:183} INFO - Processing /opt/airflow/dags/globalretail_etl_dag.py took 0.650 seconds
[2026-05-05T12:30:47.170+0000] {processor.py:161} INFO - Started process (PID=1307) to work on /opt/airflow/dags/globalretail_etl_dag.py
[2026-05-05T12:30:47.171+0000] {processor.py:830} INFO - Processing file /opt/airflow/dags/globalretail_etl_dag.py for tasks to queue
[2026-05-05T12:30:47.174+0000] {logging_mixin.py:188} INFO - [2026-05-05T12:30:47.174+0000] {dagbag.py:540} INFO - Filling up the DagBag from /opt/airflow/dags/globalretail_etl_dag.py
[2026-05-05T12:30:47.651+0000] {processor.py:840} INFO - DAG(s) 'globalretail_etl_pipeline' retrieved from /opt/airflow/dags/globalretail_etl_dag.py
[2026-05-05T12:30:47.671+0000] {logging_mixin.py:188} INFO - [2026-05-05T12:30:47.670+0000] {dag.py:3096} INFO - Sync 1 DAGs
[2026-05-05T12:30:47.703+0000] {processor.py:183} INFO - Processing /opt/airflow/dags/globalretail_etl_dag.py took 0.539 seconds
[2026-05-05T12:31:17.820+0000] {processor.py:161} INFO - Started process (PID=1327) to work on /opt/airflow/dags/globalretail_etl_dag.py
[2026-05-05T12:31:17.821+0000] {processor.py:830} INFO - Processing file /opt/airflow/dags/globalretail_etl_dag.py for tasks to queue
[2026-05-05T12:31:17.822+0000] {logging_mixin.py:188} INFO - [2026-05-05T12:31:17.822+0000] {dagbag.py:540} INFO - Filling up the DagBag from /opt/airflow/dags/globalretail_etl_dag.py
[2026-05-05T12:31:18.367+0000] {processor.py:840} INFO - DAG(s) 'globalretail_etl_pipeline' retrieved from /opt/airflow/dags/globalretail_etl_dag.py
[2026-05-05T12:31:18.389+0000] {logging_mixin.py:188} INFO - [2026-05-05T12:31:18.389+0000] {dag.py:3096} INFO - Sync 1 DAGs
[2026-05-05T12:31:18.424+0000] {processor.py:183} INFO - Processing /opt/airflow/dags/globalretail_etl_dag.py took 0.610 seconds
[2026-05-05T12:31:48.489+0000] {processor.py:161} INFO - Started process (PID=1353) to work on /opt/airflow/dags/globalretail_etl_dag.py
[2026-05-05T12:31:48.490+0000] {processor.py:830} INFO - Processing file /opt/airflow/dags/globalretail_etl_dag.py for tasks to queue
[2026-05-05T12:31:48.492+0000] {logging_mixin.py:188} INFO - [2026-05-05T12:31:48.492+0000] {dagbag.py:540} INFO - Filling up the DagBag from /opt/airflow/dags/globalretail_etl_dag.py
[2026-05-05T12:31:49.034+0000] {processor.py:840} INFO - DAG(s) 'globalretail_etl_pipeline' retrieved from /opt/airflow/dags/globalretail_etl_dag.py
[2026-05-05T12:31:49.056+0000] {logging_mixin.py:188} INFO - [2026-05-05T12:31:49.056+0000] {dag.py:3096} INFO - Sync 1 DAGs
[2026-05-05T12:31:49.091+0000] {processor.py:183} INFO - Processing /opt/airflow/dags/globalretail_etl_dag.py took 0.608 seconds
[2026-05-05T12:32:19.756+0000] {processor.py:161} INFO - Started process (PID=1378) to work on /opt/airflow/dags/globalretail_etl_dag.py
[2026-05-05T12:32:19.757+0000] {processor.py:830} INFO - Processing file /opt/airflow/dags/globalretail_etl_dag.py for tasks to queue
[2026-05-05T12:32:19.760+0000] {logging_mixin.py:188} INFO - [2026-05-05T12:32:19.759+0000] {dagbag.py:540} INFO - Filling up the DagBag from /opt/airflow/dags/globalretail_etl_dag.py
[2026-05-05T12:32:20.306+0000] {processor.py:840} INFO - DAG(s) 'globalretail_etl_pipeline' retrieved from /opt/airflow/dags/globalretail_etl_dag.py
[2026-05-05T12:32:20.327+0000] {logging_mixin.py:188} INFO - [2026-05-05T12:32:20.327+0000] {dag.py:3096} INFO - Sync 1 DAGs
[2026-05-05T12:32:20.360+0000] {processor.py:183} INFO - Processing /opt/airflow/dags/globalretail_etl_dag.py took 0.610 seconds
[2026-05-05T12:32:50.665+0000] {processor.py:161} INFO - Started process (PID=1403) to work on /opt/airflow/dags/globalretail_etl_dag.py
[2026-05-05T12:32:50.666+0000] {processor.py:830} INFO - Processing file /opt/airflow/dags/globalretail_etl_dag.py for tasks to queue
[2026-05-05T12:32:50.669+0000] {logging_mixin.py:188} INFO - [2026-05-05T12:32:50.669+0000] {dagbag.py:540} INFO - Filling up the DagBag from /opt/airflow/dags/globalretail_etl_dag.py
[2026-05-05T12:32:51.236+0000] {processor.py:840} INFO - DAG(s) 'globalretail_etl_pipeline' retrieved from /opt/airflow/dags/globalretail_etl_dag.py
[2026-05-05T12:32:51.256+0000] {logging_mixin.py:188} INFO - [2026-05-05T12:32:51.256+0000] {dag.py:3096} INFO - Sync 1 DAGs
[2026-05-05T12:32:51.294+0000] {processor.py:183} INFO - Processing /opt/airflow/dags/globalretail_etl_dag.py took 0.637 seconds
[2026-05-05T12:33:21.930+0000] {processor.py:161} INFO - Started process (PID=1423) to work on /opt/airflow/dags/globalretail_etl_dag.py
[2026-05-05T12:33:21.931+0000] {processor.py:830} INFO - Processing file /opt/airflow/dags/globalretail_etl_dag.py for tasks to queue
[2026-05-05T12:33:21.933+0000] {logging_mixin.py:188} INFO - [2026-05-05T12:33:21.933+0000] {dagbag.py:540} INFO - Filling up the DagBag from /opt/airflow/dags/globalretail_etl_dag.py
[2026-05-05T12:33:22.532+0000] {processor.py:840} INFO - DAG(s) 'globalretail_etl_pipeline' retrieved from /opt/airflow/dags/globalretail_etl_dag.py
[2026-05-05T12:33:22.554+0000] {logging_mixin.py:188} INFO - [2026-05-05T12:33:22.554+0000] {dag.py:3096} INFO - Sync 1 DAGs
[2026-05-05T12:33:22.589+0000] {processor.py:183} INFO - Processing /opt/airflow/dags/globalretail_etl_dag.py took 0.665 seconds
[2026-05-05T12:33:52.924+0000] {processor.py:161} INFO - Started process (PID=1448) to work on /opt/airflow/dags/globalretail_etl_dag.py
[2026-05-05T12:33:52.925+0000] {processor.py:830} INFO - Processing file /opt/airflow/dags/globalretail_etl_dag.py for tasks to queue
[2026-05-05T12:33:52.927+0000] {logging_mixin.py:188} INFO - [2026-05-05T12:33:52.927+0000] {dagbag.py:540} INFO - Filling up the DagBag from /opt/airflow/dags/globalretail_etl_dag.py
[2026-05-05T12:33:53.534+0000] {processor.py:840} INFO - DAG(s) 'globalretail_etl_pipeline' retrieved from /opt/airflow/dags/globalretail_etl_dag.py
[2026-05-05T12:33:53.556+0000] {logging_mixin.py:188} INFO - [2026-05-05T12:33:53.555+0000] {dag.py:3096} INFO - Sync 1 DAGs
[2026-05-05T12:33:53.590+0000] {processor.py:183} INFO - Processing /opt/airflow/dags/globalretail_etl_dag.py took 0.671 seconds
[2026-05-05T12:34:23.674+0000] {processor.py:161} INFO - Started process (PID=1483) to work on /opt/airflow/dags/globalretail_etl_dag.py
[2026-05-05T12:34:23.675+0000] {processor.py:830} INFO - Processing file /opt/airflow/dags/globalretail_etl_dag.py for tasks to queue
[2026-05-05T12:34:23.678+0000] {logging_mixin.py:188} INFO - [2026-05-05T12:34:23.677+0000] {dagbag.py:540} INFO - Filling up the DagBag from /opt/airflow/dags/globalretail_etl_dag.py
[2026-05-05T12:34:24.218+0000] {processor.py:840} INFO - DAG(s) 'globalretail_etl_pipeline' retrieved from /opt/airflow/dags/globalretail_etl_dag.py
[2026-05-05T12:34:24.240+0000] {logging_mixin.py:188} INFO - [2026-05-05T12:34:24.240+0000] {dag.py:3096} INFO - Sync 1 DAGs
[2026-05-05T12:34:24.258+0000] {logging_mixin.py:188} INFO - [2026-05-05T12:34:24.258+0000] {dag.py:3954} INFO - Setting next_dagrun for globalretail_etl_pipeline to 2026-05-05 00:00:00+00:00, run_after=2026-05-06 00:00:00+00:00
[2026-05-05T12:34:24.279+0000] {processor.py:183} INFO - Processing /opt/airflow/dags/globalretail_etl_dag.py took 0.612 seconds
[2026-05-05T12:34:46.221+0000] {processor.py:161} INFO - Started process (PID=1502) to work on /opt/airflow/dags/globalretail_etl_dag.py
[2026-05-05T12:34:46.222+0000] {processor.py:830} INFO - Processing file /opt/airflow/dags/globalretail_etl_dag.py for tasks to queue
[2026-05-05T12:34:46.223+0000] {logging_mixin.py:188} INFO - [2026-05-05T12:34:46.223+0000] {dagbag.py:540} INFO - Filling up the DagBag from /opt/airflow/dags/globalretail_etl_dag.py
[2026-05-05T12:34:46.731+0000] {processor.py:840} INFO - DAG(s) 'globalretail_etl_pipeline' retrieved from /opt/airflow/dags/globalretail_etl_dag.py
[2026-05-05T12:34:46.752+0000] {logging_mixin.py:188} INFO - [2026-05-05T12:34:46.751+0000] {dag.py:3096} INFO - Sync 1 DAGs
[2026-05-05T12:34:46.769+0000] {logging_mixin.py:188} INFO - [2026-05-05T12:34:46.769+0000] {dag.py:3954} INFO - Setting next_dagrun for globalretail_etl_pipeline to 2026-05-05 00:00:00+00:00, run_after=2026-05-06 00:00:00+00:00
[2026-05-05T12:34:46.792+0000] {processor.py:183} INFO - Processing /opt/airflow/dags/globalretail_etl_dag.py took 0.577 seconds
[2026-05-05T12:35:16.953+0000] {processor.py:161} INFO - Started process (PID=1557) to work on /opt/airflow/dags/globalretail_etl_dag.py
[2026-05-05T12:35:16.954+0000] {processor.py:830} INFO - Processing file /opt/airflow/dags/globalretail_etl_dag.py for tasks to queue
[2026-05-05T12:35:16.959+0000] {logging_mixin.py:188} INFO - [2026-05-05T12:35:16.958+0000] {dagbag.py:540} INFO - Filling up the DagBag from /opt/airflow/dags/globalretail_etl_dag.py
[2026-05-05T12:35:17.615+0000] {processor.py:840} INFO - DAG(s) 'globalretail_etl_pipeline' retrieved from /opt/airflow/dags/globalretail_etl_dag.py
[2026-05-05T12:35:17.643+0000] {logging_mixin.py:188} INFO - [2026-05-05T12:35:17.643+0000] {dag.py:3096} INFO - Sync 1 DAGs
[2026-05-05T12:35:17.680+0000] {processor.py:183} INFO - Processing /opt/airflow/dags/globalretail_etl_dag.py took 0.735 seconds
[2026-05-05T12:35:47.787+0000] {processor.py:161} INFO - Started process (PID=1592) to work on /opt/airflow/dags/globalretail_etl_dag.py
[2026-05-05T12:35:47.789+0000] {processor.py:830} INFO - Processing file /opt/airflow/dags/globalretail_etl_dag.py for tasks to queue
[2026-05-05T12:35:47.791+0000] {logging_mixin.py:188} INFO - [2026-05-05T12:35:47.791+0000] {dagbag.py:540} INFO - Filling up the DagBag from /opt/airflow/dags/globalretail_etl_dag.py
[2026-05-05T12:35:48.394+0000] {processor.py:840} INFO - DAG(s) 'globalretail_etl_pipeline' retrieved from /opt/airflow/dags/globalretail_etl_dag.py
[2026-05-05T12:35:48.416+0000] {logging_mixin.py:188} INFO - [2026-05-05T12:35:48.415+0000] {dag.py:3096} INFO - Sync 1 DAGs
[2026-05-05T12:35:48.452+0000] {processor.py:183} INFO - Processing /opt/airflow/dags/globalretail_etl_dag.py took 0.670 seconds
[2026-05-05T12:36:19.460+0000] {processor.py:161} INFO - Started process (PID=1611) to work on /opt/airflow/dags/globalretail_etl_dag.py
[2026-05-05T12:36:19.461+0000] {processor.py:830} INFO - Processing file /opt/airflow/dags/globalretail_etl_dag.py for tasks to queue
[2026-05-05T12:36:19.464+0000] {logging_mixin.py:188} INFO - [2026-05-05T12:36:19.463+0000] {dagbag.py:540} INFO - Filling up the DagBag from /opt/airflow/dags/globalretail_etl_dag.py
[2026-05-05T12:36:20.062+0000] {processor.py:840} INFO - DAG(s) 'globalretail_etl_pipeline' retrieved from /opt/airflow/dags/globalretail_etl_dag.py
[2026-05-05T12:36:20.087+0000] {logging_mixin.py:188} INFO - [2026-05-05T12:36:20.087+0000] {dag.py:3096} INFO - Sync 1 DAGs
[2026-05-05T12:36:20.119+0000] {processor.py:183} INFO - Processing /opt/airflow/dags/globalretail_etl_dag.py took 0.666 seconds
[2026-05-05T12:36:50.204+0000] {processor.py:161} INFO - Started process (PID=1636) to work on /opt/airflow/dags/globalretail_etl_dag.py
[2026-05-05T12:36:50.206+0000] {processor.py:830} INFO - Processing file /opt/airflow/dags/globalretail_etl_dag.py for tasks to queue
[2026-05-05T12:36:50.208+0000] {logging_mixin.py:188} INFO - [2026-05-05T12:36:50.208+0000] {dagbag.py:540} INFO - Filling up the DagBag from /opt/airflow/dags/globalretail_etl_dag.py
[2026-05-05T12:36:50.846+0000] {processor.py:840} INFO - DAG(s) 'globalretail_etl_pipeline' retrieved from /opt/airflow/dags/globalretail_etl_dag.py
[2026-05-05T12:36:50.876+0000] {logging_mixin.py:188} INFO - [2026-05-05T12:36:50.875+0000] {dag.py:3096} INFO - Sync 1 DAGs
[2026-05-05T12:36:50.920+0000] {processor.py:183} INFO - Processing /opt/airflow/dags/globalretail_etl_dag.py took 0.724 seconds
[2026-05-05T12:37:21.024+0000] {processor.py:161} INFO - Started process (PID=1654) to work on /opt/airflow/dags/globalretail_etl_dag.py
[2026-05-05T12:37:21.025+0000] {processor.py:830} INFO - Processing file /opt/airflow/dags/globalretail_etl_dag.py for tasks to queue
[2026-05-05T12:37:21.027+0000] {logging_mixin.py:188} INFO - [2026-05-05T12:37:21.027+0000] {dagbag.py:540} INFO - Filling up the DagBag from /opt/airflow/dags/globalretail_etl_dag.py
[2026-05-05T12:37:21.667+0000] {processor.py:840} INFO - DAG(s) 'globalretail_etl_pipeline' retrieved from /opt/airflow/dags/globalretail_etl_dag.py
[2026-05-05T12:37:21.689+0000] {logging_mixin.py:188} INFO - [2026-05-05T12:37:21.689+0000] {dag.py:3096} INFO - Sync 1 DAGs
[2026-05-05T12:37:21.728+0000] {processor.py:183} INFO - Processing /opt/airflow/dags/globalretail_etl_dag.py took 0.709 seconds
[2026-05-05T12:37:51.793+0000] {processor.py:161} INFO - Started process (PID=1679) to work on /opt/airflow/dags/globalretail_etl_dag.py
[2026-05-05T12:37:51.794+0000] {processor.py:830} INFO - Processing file /opt/airflow/dags/globalretail_etl_dag.py for tasks to queue
[2026-05-05T12:37:51.797+0000] {logging_mixin.py:188} INFO - [2026-05-05T12:37:51.796+0000] {dagbag.py:540} INFO - Filling up the DagBag from /opt/airflow/dags/globalretail_etl_dag.py
[2026-05-05T12:37:52.396+0000] {processor.py:840} INFO - DAG(s) 'globalretail_etl_pipeline' retrieved from /opt/airflow/dags/globalretail_etl_dag.py
[2026-05-05T12:37:52.424+0000] {logging_mixin.py:188} INFO - [2026-05-05T12:37:52.423+0000] {dag.py:3096} INFO - Sync 1 DAGs
[2026-05-05T12:37:52.460+0000] {processor.py:183} INFO - Processing /opt/airflow/dags/globalretail_etl_dag.py took 0.674 seconds
[2026-05-05T12:38:22.579+0000] {processor.py:161} INFO - Started process (PID=1698) to work on /opt/airflow/dags/globalretail_etl_dag.py
[2026-05-05T12:38:22.581+0000] {processor.py:830} INFO - Processing file /opt/airflow/dags/globalretail_etl_dag.py for tasks to queue
[2026-05-05T12:38:22.583+0000] {logging_mixin.py:188} INFO - [2026-05-05T12:38:22.583+0000] {dagbag.py:540} INFO - Filling up the DagBag from /opt/airflow/dags/globalretail_etl_dag.py
[2026-05-05T12:38:23.147+0000] {processor.py:840} INFO - DAG(s) 'globalretail_etl_pipeline' retrieved from /opt/airflow/dags/globalretail_etl_dag.py
[2026-05-05T12:38:23.169+0000] {logging_mixin.py:188} INFO - [2026-05-05T12:38:23.169+0000] {dag.py:3096} INFO - Sync 1 DAGs
[2026-05-05T12:38:23.203+0000] {processor.py:183} INFO - Processing /opt/airflow/dags/globalretail_etl_dag.py took 0.629 seconds
[2026-05-05T12:38:53.290+0000] {processor.py:161} INFO - Started process (PID=1724) to work on /opt/airflow/dags/globalretail_etl_dag.py
[2026-05-05T12:38:53.292+0000] {processor.py:830} INFO - Processing file /opt/airflow/dags/globalretail_etl_dag.py for tasks to queue
[2026-05-05T12:38:53.294+0000] {logging_mixin.py:188} INFO - [2026-05-05T12:38:53.293+0000] {dagbag.py:540} INFO - Filling up the DagBag from /opt/airflow/dags/globalretail_etl_dag.py
[2026-05-05T12:38:53.772+0000] {processor.py:840} INFO - DAG(s) 'globalretail_etl_pipeline' retrieved from /opt/airflow/dags/globalretail_etl_dag.py
[2026-05-05T12:38:53.796+0000] {logging_mixin.py:188} INFO - [2026-05-05T12:38:53.796+0000] {dag.py:3096} INFO - Sync 1 DAGs
[2026-05-05T12:38:53.834+0000] {processor.py:183} INFO - Processing /opt/airflow/dags/globalretail_etl_dag.py took 0.669 seconds
[2026-05-05T12:39:24.082+0000] {processor.py:161} INFO - Started process (PID=1749) to work on /opt/airflow/dags/globalretail_etl_dag.py
[2026-05-05T12:39:24.083+0000] {processor.py:830} INFO - Processing file /opt/airflow/dags/globalretail_etl_dag.py for tasks to queue
[2026-05-05T12:39:24.086+0000] {logging_mixin.py:188} INFO - [2026-05-05T12:39:24.085+0000] {dagbag.py:540} INFO - Filling up the DagBag from /opt/airflow/dags/globalretail_etl_dag.py
[2026-05-05T12:39:24.457+0000] {processor.py:840} INFO - DAG(s) 'globalretail_etl_pipeline' retrieved from /opt/airflow/dags/globalretail_etl_dag.py
[2026-05-05T12:39:24.482+0000] {logging_mixin.py:188} INFO - [2026-05-05T12:39:24.482+0000] {dag.py:3096} INFO - Sync 1 DAGs
[2026-05-05T12:39:24.521+0000] {processor.py:183} INFO - Processing /opt/airflow/dags/globalretail_etl_dag.py took 0.446 seconds
[2026-05-05T12:39:54.590+0000] {processor.py:161} INFO - Started process (PID=1769) to work on /opt/airflow/dags/globalretail_etl_dag.py
[2026-05-05T12:39:54.591+0000] {processor.py:830} INFO - Processing file /opt/airflow/dags/globalretail_etl_dag.py for tasks to queue
[2026-05-05T12:39:54.593+0000] {logging_mixin.py:188} INFO - [2026-05-05T12:39:54.593+0000] {dagbag.py:540} INFO - Filling up the DagBag from /opt/airflow/dags/globalretail_etl_dag.py
[2026-05-05T12:39:54.959+0000] {processor.py:840} INFO - DAG(s) 'globalretail_etl_pipeline' retrieved from /opt/airflow/dags/globalretail_etl_dag.py
[2026-05-05T12:39:54.987+0000] {logging_mixin.py:188} INFO - [2026-05-05T12:39:54.987+0000] {dag.py:3096} INFO - Sync 1 DAGs
[2026-05-05T12:39:55.030+0000] {processor.py:183} INFO - Processing /opt/airflow/dags/globalretail_etl_dag.py took 0.446 seconds
[2026-05-05T12:40:25.115+0000] {processor.py:161} INFO - Started process (PID=1794) to work on /opt/airflow/dags/globalretail_etl_dag.py
[2026-05-05T12:40:25.116+0000] {processor.py:830} INFO - Processing file /opt/airflow/dags/globalretail_etl_dag.py for tasks to queue
[2026-05-05T12:40:25.117+0000] {logging_mixin.py:188} INFO - [2026-05-05T12:40:25.117+0000] {dagbag.py:540} INFO - Filling up the DagBag from /opt/airflow/dags/globalretail_etl_dag.py
[2026-05-05T12:40:25.494+0000] {processor.py:840} INFO - DAG(s) 'globalretail_etl_pipeline' retrieved from /opt/airflow/dags/globalretail_etl_dag.py
[2026-05-05T12:40:25.528+0000] {logging_mixin.py:188} INFO - [2026-05-05T12:40:25.527+0000] {dag.py:3096} INFO - Sync 1 DAGs
[2026-05-05T12:40:25.576+0000] {processor.py:183} INFO - Processing /opt/airflow/dags/globalretail_etl_dag.py took 0.467 seconds
[2026-05-05T12:40:55.656+0000] {processor.py:161} INFO - Started process (PID=1820) to work on /opt/airflow/dags/globalretail_etl_dag.py
[2026-05-05T12:40:55.657+0000] {processor.py:830} INFO - Processing file /opt/airflow/dags/globalretail_etl_dag.py for tasks to queue
[2026-05-05T12:40:55.661+0000] {logging_mixin.py:188} INFO - [2026-05-05T12:40:55.660+0000] {dagbag.py:540} INFO - Filling up the DagBag from /opt/airflow/dags/globalretail_etl_dag.py
[2026-05-05T12:40:56.040+0000] {processor.py:840} INFO - DAG(s) 'globalretail_etl_pipeline' retrieved from /opt/airflow/dags/globalretail_etl_dag.py
[2026-05-05T12:40:56.069+0000] {logging_mixin.py:188} INFO - [2026-05-05T12:40:56.068+0000] {dag.py:3096} INFO - Sync 1 DAGs
[2026-05-05T12:40:56.107+0000] {processor.py:183} INFO - Processing /opt/airflow/dags/globalretail_etl_dag.py took 0.458 seconds
[2026-05-05T12:41:26.163+0000] {processor.py:161} INFO - Started process (PID=1839) to work on /opt/airflow/dags/globalretail_etl_dag.py
[2026-05-05T12:41:26.164+0000] {processor.py:830} INFO - Processing file /opt/airflow/dags/globalretail_etl_dag.py for tasks to queue
[2026-05-05T12:41:26.166+0000] {logging_mixin.py:188} INFO - [2026-05-05T12:41:26.166+0000] {dagbag.py:540} INFO - Filling up the DagBag from /opt/airflow/dags/globalretail_etl_dag.py
[2026-05-05T12:41:26.561+0000] {processor.py:840} INFO - DAG(s) 'globalretail_etl_pipeline' retrieved from /opt/airflow/dags/globalretail_etl_dag.py
[2026-05-05T12:41:26.591+0000] {logging_mixin.py:188} INFO - [2026-05-05T12:41:26.590+0000] {dag.py:3096} INFO - Sync 1 DAGs
[2026-05-05T12:41:26.638+0000] {processor.py:183} INFO - Processing /opt/airflow/dags/globalretail_etl_dag.py took 0.482 seconds
[2026-05-05T12:41:57.695+0000] {processor.py:161} INFO - Started process (PID=1865) to work on /opt/airflow/dags/globalretail_etl_dag.py
[2026-05-05T12:41:57.696+0000] {processor.py:830} INFO - Processing file /opt/airflow/dags/globalretail_etl_dag.py for tasks to queue
[2026-05-05T12:41:57.698+0000] {logging_mixin.py:188} INFO - [2026-05-05T12:41:57.698+0000] {dagbag.py:540} INFO - Filling up the DagBag from /opt/airflow/dags/globalretail_etl_dag.py
[2026-05-05T12:41:58.066+0000] {processor.py:840} INFO - DAG(s) 'globalretail_etl_pipeline' retrieved from /opt/airflow/dags/globalretail_etl_dag.py
[2026-05-05T12:41:58.094+0000] {logging_mixin.py:188} INFO - [2026-05-05T12:41:58.093+0000] {dag.py:3096} INFO - Sync 1 DAGs
[2026-05-05T12:41:58.136+0000] {processor.py:183} INFO - Processing /opt/airflow/dags/globalretail_etl_dag.py took 0.447 seconds
[2026-05-05T12:42:28.225+0000] {processor.py:161} INFO - Started process (PID=1891) to work on /opt/airflow/dags/globalretail_etl_dag.py
[2026-05-05T12:42:28.226+0000] {processor.py:830} INFO - Processing file /opt/airflow/dags/globalretail_etl_dag.py for tasks to queue
[2026-05-05T12:42:28.229+0000] {logging_mixin.py:188} INFO - [2026-05-05T12:42:28.228+0000] {dagbag.py:540} INFO - Filling up the DagBag from /opt/airflow/dags/globalretail_etl_dag.py
[2026-05-05T12:42:28.601+0000] {processor.py:840} INFO - DAG(s) 'globalretail_etl_pipeline' retrieved from /opt/airflow/dags/globalretail_etl_dag.py
[2026-05-05T12:42:28.628+0000] {logging_mixin.py:188} INFO - [2026-05-05T12:42:28.628+0000] {dag.py:3096} INFO - Sync 1 DAGs
[2026-05-05T12:42:28.667+0000] {processor.py:183} INFO - Processing /opt/airflow/dags/globalretail_etl_dag.py took 0.448 seconds
[2026-05-05T12:42:58.762+0000] {processor.py:161} INFO - Started process (PID=1916) to work on /opt/airflow/dags/globalretail_etl_dag.py
[2026-05-05T12:42:58.764+0000] {processor.py:830} INFO - Processing file /opt/airflow/dags/globalretail_etl_dag.py for tasks to queue
[2026-05-05T12:42:58.767+0000] {logging_mixin.py:188} INFO - [2026-05-05T12:42:58.766+0000] {dagbag.py:540} INFO - Filling up the DagBag from /opt/airflow/dags/globalretail_etl_dag.py
[2026-05-05T12:42:59.200+0000] {processor.py:840} INFO - DAG(s) 'globalretail_etl_pipeline' retrieved from /opt/airflow/dags/globalretail_etl_dag.py
[2026-05-05T12:42:59.228+0000] {logging_mixin.py:188} INFO - [2026-05-05T12:42:59.228+0000] {dag.py:3096} INFO - Sync 1 DAGs
[2026-05-05T12:42:59.269+0000] {processor.py:183} INFO - Processing /opt/airflow/dags/globalretail_etl_dag.py took 0.517 seconds
[2026-05-05T12:43:29.354+0000] {processor.py:161} INFO - Started process (PID=1935) to work on /opt/airflow/dags/globalretail_etl_dag.py
[2026-05-05T12:43:29.357+0000] {processor.py:830} INFO - Processing file /opt/airflow/dags/globalretail_etl_dag.py for tasks to queue
[2026-05-05T12:43:29.361+0000] {logging_mixin.py:188} INFO - [2026-05-05T12:43:29.360+0000] {dagbag.py:540} INFO - Filling up the DagBag from /opt/airflow/dags/globalretail_etl_dag.py
[2026-05-05T12:43:29.860+0000] {processor.py:840} INFO - DAG(s) 'globalretail_etl_pipeline' retrieved from /opt/airflow/dags/globalretail_etl_dag.py
[2026-05-05T12:43:29.890+0000] {logging_mixin.py:188} INFO - [2026-05-05T12:43:29.890+0000] {dag.py:3096} INFO - Sync 1 DAGs
[2026-05-05T12:43:29.942+0000] {processor.py:183} INFO - Processing /opt/airflow/dags/globalretail_etl_dag.py took 0.599 seconds
[2026-05-05T13:01:22.985+0000] {processor.py:161} INFO - Started process (PID=1941) to work on /opt/airflow/dags/globalretail_etl_dag.py
[2026-05-05T13:01:22.989+0000] {processor.py:830} INFO - Processing file /opt/airflow/dags/globalretail_etl_dag.py for tasks to queue
[2026-05-05T13:01:23.002+0000] {logging_mixin.py:188} INFO - [2026-05-05T13:01:23.000+0000] {dagbag.py:540} INFO - Filling up the DagBag from /opt/airflow/dags/globalretail_etl_dag.py
[2026-05-05T13:01:23.723+0000] {processor.py:840} INFO - DAG(s) 'globalretail_etl_pipeline' retrieved from /opt/airflow/dags/globalretail_etl_dag.py
[2026-05-05T13:01:23.765+0000] {logging_mixin.py:188} INFO - [2026-05-05T13:01:23.765+0000] {dag.py:3096} INFO - Sync 1 DAGs
[2026-05-05T13:01:23.875+0000] {processor.py:183} INFO - Processing /opt/airflow/dags/globalretail_etl_dag.py took 0.943 seconds
[2026-05-05T13:01:54.083+0000] {processor.py:161} INFO - Started process (PID=1968) to work on /opt/airflow/dags/globalretail_etl_dag.py
[2026-05-05T13:01:54.085+0000] {processor.py:830} INFO - Processing file /opt/airflow/dags/globalretail_etl_dag.py for tasks to queue
[2026-05-05T13:01:54.088+0000] {logging_mixin.py:188} INFO - [2026-05-05T13:01:54.087+0000] {dagbag.py:540} INFO - Filling up the DagBag from /opt/airflow/dags/globalretail_etl_dag.py
[2026-05-05T13:01:54.523+0000] {processor.py:840} INFO - DAG(s) 'globalretail_etl_pipeline' retrieved from /opt/airflow/dags/globalretail_etl_dag.py
[2026-05-05T13:01:54.553+0000] {logging_mixin.py:188} INFO - [2026-05-05T13:01:54.553+0000] {dag.py:3096} INFO - Sync 1 DAGs
[2026-05-05T13:01:54.600+0000] {processor.py:183} INFO - Processing /opt/airflow/dags/globalretail_etl_dag.py took 0.524 seconds
[2026-05-05T13:02:24.790+0000] {processor.py:161} INFO - Started process (PID=1980) to work on /opt/airflow/dags/globalretail_etl_dag.py
[2026-05-05T13:02:24.791+0000] {processor.py:830} INFO - Processing file /opt/airflow/dags/globalretail_etl_dag.py for tasks to queue
[2026-05-05T13:02:24.793+0000] {logging_mixin.py:188} INFO - [2026-05-05T13:02:24.793+0000] {dagbag.py:540} INFO - Filling up the DagBag from /opt/airflow/dags/globalretail_etl_dag.py
[2026-05-05T13:02:25.184+0000] {processor.py:840} INFO - DAG(s) 'globalretail_etl_pipeline' retrieved from /opt/airflow/dags/globalretail_etl_dag.py
[2026-05-05T13:02:25.211+0000] {logging_mixin.py:188} INFO - [2026-05-05T13:02:25.211+0000] {dag.py:3096} INFO - Sync 1 DAGs
[2026-05-05T13:02:25.253+0000] {processor.py:183} INFO - Processing /opt/airflow/dags/globalretail_etl_dag.py took 0.469 seconds
[2026-05-05T13:02:55.381+0000] {processor.py:161} INFO - Started process (PID=2005) to work on /opt/airflow/dags/globalretail_etl_dag.py
[2026-05-05T13:02:55.382+0000] {processor.py:830} INFO - Processing file /opt/airflow/dags/globalretail_etl_dag.py for tasks to queue
[2026-05-05T13:02:55.384+0000] {logging_mixin.py:188} INFO - [2026-05-05T13:02:55.384+0000] {dagbag.py:540} INFO - Filling up the DagBag from /opt/airflow/dags/globalretail_etl_dag.py
[2026-05-05T13:02:55.756+0000] {processor.py:840} INFO - DAG(s) 'globalretail_etl_pipeline' retrieved from /opt/airflow/dags/globalretail_etl_dag.py
[2026-05-05T13:02:55.781+0000] {logging_mixin.py:188} INFO - [2026-05-05T13:02:55.781+0000] {dag.py:3096} INFO - Sync 1 DAGs
[2026-05-05T13:02:55.821+0000] {processor.py:183} INFO - Processing /opt/airflow/dags/globalretail_etl_dag.py took 0.447 seconds
[2026-05-05T13:03:25.989+0000] {processor.py:161} INFO - Started process (PID=2031) to work on /opt/airflow/dags/globalretail_etl_dag.py
[2026-05-05T13:03:25.990+0000] {processor.py:830} INFO - Processing file /opt/airflow/dags/globalretail_etl_dag.py for tasks to queue
[2026-05-05T13:03:25.993+0000] {logging_mixin.py:188} INFO - [2026-05-05T13:03:25.992+0000] {dagbag.py:540} INFO - Filling up the DagBag from /opt/airflow/dags/globalretail_etl_dag.py
[2026-05-05T13:03:26.390+0000] {processor.py:840} INFO - DAG(s) 'globalretail_etl_pipeline' retrieved from /opt/airflow/dags/globalretail_etl_dag.py
[2026-05-05T13:03:26.417+0000] {logging_mixin.py:188} INFO - [2026-05-05T13:03:26.417+0000] {dag.py:3096} INFO - Sync 1 DAGs
[2026-05-05T13:03:26.457+0000] {processor.py:183} INFO - Processing /opt/airflow/dags/globalretail_etl_dag.py took 0.475 seconds
[2026-05-05T13:03:56.647+0000] {processor.py:161} INFO - Started process (PID=2050) to work on /opt/airflow/dags/globalretail_etl_dag.py
[2026-05-05T13:03:56.649+0000] {processor.py:830} INFO - Processing file /opt/airflow/dags/globalretail_etl_dag.py for tasks to queue
[2026-05-05T13:03:56.651+0000] {logging_mixin.py:188} INFO - [2026-05-05T13:03:56.650+0000] {dagbag.py:540} INFO - Filling up the DagBag from /opt/airflow/dags/globalretail_etl_dag.py
[2026-05-05T13:03:57.043+0000] {processor.py:840} INFO - DAG(s) 'globalretail_etl_pipeline' retrieved from /opt/airflow/dags/globalretail_etl_dag.py
[2026-05-05T13:03:57.071+0000] {logging_mixin.py:188} INFO - [2026-05-05T13:03:57.070+0000] {dag.py:3096} INFO - Sync 1 DAGs
[2026-05-05T13:03:57.112+0000] {processor.py:183} INFO - Processing /opt/airflow/dags/globalretail_etl_dag.py took 0.471 seconds
[2026-05-05T13:04:28.055+0000] {processor.py:161} INFO - Started process (PID=2087) to work on /opt/airflow/dags/globalretail_etl_dag.py
[2026-05-05T13:04:28.056+0000] {processor.py:830} INFO - Processing file /opt/airflow/dags/globalretail_etl_dag.py for tasks to queue
[2026-05-05T13:04:28.058+0000] {logging_mixin.py:188} INFO - [2026-05-05T13:04:28.058+0000] {dagbag.py:540} INFO - Filling up the DagBag from /opt/airflow/dags/globalretail_etl_dag.py
[2026-05-05T13:04:28.408+0000] {processor.py:840} INFO - DAG(s) 'globalretail_etl_pipeline' retrieved from /opt/airflow/dags/globalretail_etl_dag.py
[2026-05-05T13:04:28.433+0000] {logging_mixin.py:188} INFO - [2026-05-05T13:04:28.433+0000] {dag.py:3096} INFO - Sync 1 DAGs
[2026-05-05T13:04:28.470+0000] {processor.py:183} INFO - Processing /opt/airflow/dags/globalretail_etl_dag.py took 0.421 seconds
[2026-05-05T13:04:58.685+0000] {processor.py:161} INFO - Started process (PID=2112) to work on /opt/airflow/dags/globalretail_etl_dag.py
[2026-05-05T13:04:58.686+0000] {processor.py:830} INFO - Processing file /opt/airflow/dags/globalretail_etl_dag.py for tasks to queue
[2026-05-05T13:04:58.689+0000] {logging_mixin.py:188} INFO - [2026-05-05T13:04:58.688+0000] {dagbag.py:540} INFO - Filling up the DagBag from /opt/airflow/dags/globalretail_etl_dag.py
[2026-05-05T13:04:59.073+0000] {processor.py:840} INFO - DAG(s) 'globalretail_etl_pipeline' retrieved from /opt/airflow/dags/globalretail_etl_dag.py
[2026-05-05T13:04:59.101+0000] {logging_mixin.py:188} INFO - [2026-05-05T13:04:59.100+0000] {dag.py:3096} INFO - Sync 1 DAGs
[2026-05-05T13:04:59.142+0000] {processor.py:183} INFO - Processing /opt/airflow/dags/globalretail_etl_dag.py took 0.464 seconds
[2026-05-05T13:05:29.545+0000] {processor.py:161} INFO - Started process (PID=2150) to work on /opt/airflow/dags/globalretail_etl_dag.py
[2026-05-05T13:05:29.546+0000] {processor.py:830} INFO - Processing file /opt/airflow/dags/globalretail_etl_dag.py for tasks to queue
[2026-05-05T13:05:29.549+0000] {logging_mixin.py:188} INFO - [2026-05-05T13:05:29.548+0000] {dagbag.py:540} INFO - Filling up the DagBag from /opt/airflow/dags/globalretail_etl_dag.py
[2026-05-05T13:05:29.967+0000] {processor.py:840} INFO - DAG(s) 'globalretail_etl_pipeline' retrieved from /opt/airflow/dags/globalretail_etl_dag.py
[2026-05-05T13:05:29.995+0000] {logging_mixin.py:188} INFO - [2026-05-05T13:05:29.995+0000] {dag.py:3096} INFO - Sync 1 DAGs
[2026-05-05T13:05:30.038+0000] {processor.py:183} INFO - Processing /opt/airflow/dags/globalretail_etl_dag.py took 0.502 seconds
[2026-05-05T13:06:00.232+0000] {processor.py:161} INFO - Started process (PID=2182) to work on /opt/airflow/dags/globalretail_etl_dag.py
[2026-05-05T13:06:00.233+0000] {processor.py:830} INFO - Processing file /opt/airflow/dags/globalretail_etl_dag.py for tasks to queue
[2026-05-05T13:06:00.234+0000] {logging_mixin.py:188} INFO - [2026-05-05T13:06:00.234+0000] {dagbag.py:540} INFO - Filling up the DagBag from /opt/airflow/dags/globalretail_etl_dag.py
[2026-05-05T13:06:00.624+0000] {processor.py:840} INFO - DAG(s) 'globalretail_etl_pipeline' retrieved from /opt/airflow/dags/globalretail_etl_dag.py
[2026-05-05T13:06:00.650+0000] {logging_mixin.py:188} INFO - [2026-05-05T13:06:00.650+0000] {dag.py:3096} INFO - Sync 1 DAGs
[2026-05-05T13:06:00.693+0000] {processor.py:183} INFO - Processing /opt/airflow/dags/globalretail_etl_dag.py took 0.466 seconds
[2026-05-05T13:06:30.925+0000] {processor.py:161} INFO - Started process (PID=2222) to work on /opt/airflow/dags/globalretail_etl_dag.py
[2026-05-05T13:06:30.927+0000] {processor.py:830} INFO - Processing file /opt/airflow/dags/globalretail_etl_dag.py for tasks to queue
[2026-05-05T13:06:30.929+0000] {logging_mixin.py:188} INFO - [2026-05-05T13:06:30.929+0000] {dagbag.py:540} INFO - Filling up the DagBag from /opt/airflow/dags/globalretail_etl_dag.py
[2026-05-05T13:06:31.373+0000] {processor.py:840} INFO - DAG(s) 'globalretail_etl_pipeline' retrieved from /opt/airflow/dags/globalretail_etl_dag.py
[2026-05-05T13:06:31.405+0000] {logging_mixin.py:188} INFO - [2026-05-05T13:06:31.405+0000] {dag.py:3096} INFO - Sync 1 DAGs
[2026-05-05T13:06:31.472+0000] {processor.py:183} INFO - Processing /opt/airflow/dags/globalretail_etl_dag.py took 0.555 seconds
[2026-05-05T13:07:01.584+0000] {processor.py:161} INFO - Started process (PID=2266) to work on /opt/airflow/dags/globalretail_etl_dag.py
[2026-05-05T13:07:01.586+0000] {processor.py:830} INFO - Processing file /opt/airflow/dags/globalretail_etl_dag.py for tasks to queue
[2026-05-05T13:07:01.589+0000] {logging_mixin.py:188} INFO - [2026-05-05T13:07:01.588+0000] {dagbag.py:540} INFO - Filling up the DagBag from /opt/airflow/dags/globalretail_etl_dag.py
[2026-05-05T13:07:02.022+0000] {processor.py:840} INFO - DAG(s) 'globalretail_etl_pipeline' retrieved from /opt/airflow/dags/globalretail_etl_dag.py
[2026-05-05T13:07:02.054+0000] {logging_mixin.py:188} INFO - [2026-05-05T13:07:02.053+0000] {dag.py:3096} INFO - Sync 1 DAGs
[2026-05-05T13:07:02.101+0000] {processor.py:183} INFO - Processing /opt/airflow/dags/globalretail_etl_dag.py took 0.528 seconds
[2026-05-05T13:07:32.294+0000] {processor.py:161} INFO - Started process (PID=2291) to work on /opt/airflow/dags/globalretail_etl_dag.py
[2026-05-05T13:07:32.295+0000] {processor.py:830} INFO - Processing file /opt/airflow/dags/globalretail_etl_dag.py for tasks to queue
[2026-05-05T13:07:32.297+0000] {logging_mixin.py:188} INFO - [2026-05-05T13:07:32.297+0000] {dagbag.py:540} INFO - Filling up the DagBag from /opt/airflow/dags/globalretail_etl_dag.py
[2026-05-05T13:07:32.711+0000] {processor.py:840} INFO - DAG(s) 'globalretail_etl_pipeline' retrieved from /opt/airflow/dags/globalretail_etl_dag.py
[2026-05-05T13:07:32.744+0000] {logging_mixin.py:188} INFO - [2026-05-05T13:07:32.744+0000] {dag.py:3096} INFO - Sync 1 DAGs
[2026-05-05T13:07:32.797+0000] {processor.py:183} INFO - Processing /opt/airflow/dags/globalretail_etl_dag.py took 0.510 seconds
[2026-05-05T13:08:02.889+0000] {processor.py:161} INFO - Started process (PID=2329) to work on /opt/airflow/dags/globalretail_etl_dag.py
[2026-05-05T13:08:02.891+0000] {processor.py:830} INFO - Processing file /opt/airflow/dags/globalretail_etl_dag.py for tasks to queue
[2026-05-05T13:08:02.893+0000] {logging_mixin.py:188} INFO - [2026-05-05T13:08:02.893+0000] {dagbag.py:540} INFO - Filling up the DagBag from /opt/airflow/dags/globalretail_etl_dag.py
[2026-05-05T13:08:03.293+0000] {processor.py:840} INFO - DAG(s) 'globalretail_etl_pipeline' retrieved from /opt/airflow/dags/globalretail_etl_dag.py
[2026-05-05T13:08:03.321+0000] {logging_mixin.py:188} INFO - [2026-05-05T13:08:03.321+0000] {dag.py:3096} INFO - Sync 1 DAGs
[2026-05-05T13:08:03.361+0000] {processor.py:183} INFO - Processing /opt/airflow/dags/globalretail_etl_dag.py took 0.478 seconds
[2026-05-05T13:08:33.501+0000] {processor.py:161} INFO - Started process (PID=2366) to work on /opt/airflow/dags/globalretail_etl_dag.py
[2026-05-05T13:08:33.503+0000] {processor.py:830} INFO - Processing file /opt/airflow/dags/globalretail_etl_dag.py for tasks to queue
[2026-05-05T13:08:33.506+0000] {logging_mixin.py:188} INFO - [2026-05-05T13:08:33.506+0000] {dagbag.py:540} INFO - Filling up the DagBag from /opt/airflow/dags/globalretail_etl_dag.py
[2026-05-05T13:08:33.975+0000] {processor.py:840} INFO - DAG(s) 'globalretail_etl_pipeline' retrieved from /opt/airflow/dags/globalretail_etl_dag.py
[2026-05-05T13:08:34.010+0000] {logging_mixin.py:188} INFO - [2026-05-05T13:08:34.009+0000] {dag.py:3096} INFO - Sync 1 DAGs
[2026-05-05T13:08:34.059+0000] {processor.py:183} INFO - Processing /opt/airflow/dags/globalretail_etl_dag.py took 0.569 seconds
[2026-05-05T13:09:04.120+0000] {processor.py:161} INFO - Started process (PID=2391) to work on /opt/airflow/dags/globalretail_etl_dag.py
[2026-05-05T13:09:04.122+0000] {processor.py:830} INFO - Processing file /opt/airflow/dags/globalretail_etl_dag.py for tasks to queue
[2026-05-05T13:09:04.124+0000] {logging_mixin.py:188} INFO - [2026-05-05T13:09:04.123+0000] {dagbag.py:540} INFO - Filling up the DagBag from /opt/airflow/dags/globalretail_etl_dag.py
[2026-05-05T13:09:04.486+0000] {processor.py:840} INFO - DAG(s) 'globalretail_etl_pipeline' retrieved from /opt/airflow/dags/globalretail_etl_dag.py
[2026-05-05T13:09:04.515+0000] {logging_mixin.py:188} INFO - [2026-05-05T13:09:04.515+0000] {dag.py:3096} INFO - Sync 1 DAGs
[2026-05-05T13:09:04.557+0000] {processor.py:183} INFO - Processing /opt/airflow/dags/globalretail_etl_dag.py took 0.443 seconds
[2026-05-05T13:09:34.678+0000] {processor.py:161} INFO - Started process (PID=2428) to work on /opt/airflow/dags/globalretail_etl_dag.py
[2026-05-05T13:09:34.680+0000] {processor.py:830} INFO - Processing file /opt/airflow/dags/globalretail_etl_dag.py for tasks to queue
[2026-05-05T13:09:34.682+0000] {logging_mixin.py:188} INFO - [2026-05-05T13:09:34.682+0000] {dagbag.py:540} INFO - Filling up the DagBag from /opt/airflow/dags/globalretail_etl_dag.py
[2026-05-05T13:09:35.058+0000] {processor.py:840} INFO - DAG(s) 'globalretail_etl_pipeline' retrieved from /opt/airflow/dags/globalretail_etl_dag.py
[2026-05-05T13:09:35.086+0000] {logging_mixin.py:188} INFO - [2026-05-05T13:09:35.086+0000] {dag.py:3096} INFO - Sync 1 DAGs
[2026-05-05T13:09:35.132+0000] {processor.py:183} INFO - Processing /opt/airflow/dags/globalretail_etl_dag.py took 0.460 seconds
[2026-05-05T13:10:05.236+0000] {processor.py:161} INFO - Started process (PID=2467) to work on /opt/airflow/dags/globalretail_etl_dag.py
[2026-05-05T13:10:05.238+0000] {processor.py:830} INFO - Processing file /opt/airflow/dags/globalretail_etl_dag.py for tasks to queue
[2026-05-05T13:10:05.241+0000] {logging_mixin.py:188} INFO - [2026-05-05T13:10:05.241+0000] {dagbag.py:540} INFO - Filling up the DagBag from /opt/airflow/dags/globalretail_etl_dag.py
[2026-05-05T13:10:05.714+0000] {processor.py:840} INFO - DAG(s) 'globalretail_etl_pipeline' retrieved from /opt/airflow/dags/globalretail_etl_dag.py
[2026-05-05T13:10:05.745+0000] {logging_mixin.py:188} INFO - [2026-05-05T13:10:05.745+0000] {dag.py:3096} INFO - Sync 1 DAGs
[2026-05-05T13:10:05.800+0000] {processor.py:183} INFO - Processing /opt/airflow/dags/globalretail_etl_dag.py took 0.571 seconds
[2026-05-05T13:10:35.873+0000] {processor.py:161} INFO - Started process (PID=2492) to work on /opt/airflow/dags/globalretail_etl_dag.py
[2026-05-05T13:10:35.875+0000] {processor.py:830} INFO - Processing file /opt/airflow/dags/globalretail_etl_dag.py for tasks to queue
[2026-05-05T13:10:35.877+0000] {logging_mixin.py:188} INFO - [2026-05-05T13:10:35.877+0000] {dagbag.py:540} INFO - Filling up the DagBag from /opt/airflow/dags/globalretail_etl_dag.py
[2026-05-05T13:10:36.286+0000] {processor.py:840} INFO - DAG(s) 'globalretail_etl_pipeline' retrieved from /opt/airflow/dags/globalretail_etl_dag.py
[2026-05-05T13:10:36.321+0000] {logging_mixin.py:188} INFO - [2026-05-05T13:10:36.321+0000] {dag.py:3096} INFO - Sync 1 DAGs
[2026-05-05T13:10:36.377+0000] {processor.py:183} INFO - Processing /opt/airflow/dags/globalretail_etl_dag.py took 0.512 seconds
[2026-05-05T13:11:06.463+0000] {processor.py:161} INFO - Started process (PID=2522) to work on /opt/airflow/dags/globalretail_etl_dag.py
[2026-05-05T13:11:06.465+0000] {processor.py:830} INFO - Processing file /opt/airflow/dags/globalretail_etl_dag.py for tasks to queue
[2026-05-05T13:11:06.468+0000] {logging_mixin.py:188} INFO - [2026-05-05T13:11:06.467+0000] {dagbag.py:540} INFO - Filling up the DagBag from /opt/airflow/dags/globalretail_etl_dag.py
[2026-05-05T13:11:06.869+0000] {processor.py:840} INFO - DAG(s) 'globalretail_etl_pipeline' retrieved from /opt/airflow/dags/globalretail_etl_dag.py
[2026-05-05T13:11:06.902+0000] {logging_mixin.py:188} INFO - [2026-05-05T13:11:06.901+0000] {dag.py:3096} INFO - Sync 1 DAGs
[2026-05-05T13:11:06.945+0000] {processor.py:183} INFO - Processing /opt/airflow/dags/globalretail_etl_dag.py took 0.489 seconds
[2026-05-05T13:11:37.022+0000] {processor.py:161} INFO - Started process (PID=2547) to work on /opt/airflow/dags/globalretail_etl_dag.py
[2026-05-05T13:11:37.023+0000] {processor.py:830} INFO - Processing file /opt/airflow/dags/globalretail_etl_dag.py for tasks to queue
[2026-05-05T13:11:37.026+0000] {logging_mixin.py:188} INFO - [2026-05-05T13:11:37.026+0000] {dagbag.py:540} INFO - Filling up the DagBag from /opt/airflow/dags/globalretail_etl_dag.py
[2026-05-05T13:11:37.475+0000] {processor.py:840} INFO - DAG(s) 'globalretail_etl_pipeline' retrieved from /opt/airflow/dags/globalretail_etl_dag.py
[2026-05-05T13:11:37.511+0000] {logging_mixin.py:188} INFO - [2026-05-05T13:11:37.511+0000] {dag.py:3096} INFO - Sync 1 DAGs
[2026-05-05T13:11:37.565+0000] {processor.py:183} INFO - Processing /opt/airflow/dags/globalretail_etl_dag.py took 0.551 seconds
[2026-05-05T13:12:07.686+0000] {processor.py:161} INFO - Started process (PID=2566) to work on /opt/airflow/dags/globalretail_etl_dag.py
[2026-05-05T13:12:07.687+0000] {processor.py:830} INFO - Processing file /opt/airflow/dags/globalretail_etl_dag.py for tasks to queue
[2026-05-05T13:12:07.689+0000] {logging_mixin.py:188} INFO - [2026-05-05T13:12:07.688+0000] {dagbag.py:540} INFO - Filling up the DagBag from /opt/airflow/dags/globalretail_etl_dag.py
[2026-05-05T13:12:08.055+0000] {processor.py:840} INFO - DAG(s) 'globalretail_etl_pipeline' retrieved from /opt/airflow/dags/globalretail_etl_dag.py
[2026-05-05T13:12:08.094+0000] {logging_mixin.py:188} INFO - [2026-05-05T13:12:08.094+0000] {dag.py:3096} INFO - Sync 1 DAGs
[2026-05-05T13:12:08.155+0000] {processor.py:183} INFO - Processing /opt/airflow/dags/globalretail_etl_dag.py took 0.475 seconds
[2026-05-05T13:12:38.227+0000] {processor.py:161} INFO - Started process (PID=2591) to work on /opt/airflow/dags/globalretail_etl_dag.py
[2026-05-05T13:12:38.228+0000] {processor.py:830} INFO - Processing file /opt/airflow/dags/globalretail_etl_dag.py for tasks to queue
[2026-05-05T13:12:38.230+0000] {logging_mixin.py:188} INFO - [2026-05-05T13:12:38.229+0000] {dagbag.py:540} INFO - Filling up the DagBag from /opt/airflow/dags/globalretail_etl_dag.py
[2026-05-05T13:12:38.584+0000] {processor.py:840} INFO - DAG(s) 'globalretail_etl_pipeline' retrieved from /opt/airflow/dags/globalretail_etl_dag.py
[2026-05-05T13:12:38.611+0000] {logging_mixin.py:188} INFO - [2026-05-05T13:12:38.611+0000] {dag.py:3096} INFO - Sync 1 DAGs
[2026-05-05T13:12:38.852+0000] {processor.py:183} INFO - Processing /opt/airflow/dags/globalretail_etl_dag.py took 0.633 seconds
[2026-05-05T13:13:08.959+0000] {processor.py:161} INFO - Started process (PID=2616) to work on /opt/airflow/dags/globalretail_etl_dag.py
[2026-05-05T13:13:08.961+0000] {processor.py:830} INFO - Processing file /opt/airflow/dags/globalretail_etl_dag.py for tasks to queue
[2026-05-05T13:13:08.963+0000] {logging_mixin.py:188} INFO - [2026-05-05T13:13:08.962+0000] {dagbag.py:540} INFO - Filling up the DagBag from /opt/airflow/dags/globalretail_etl_dag.py
[2026-05-05T13:13:09.310+0000] {processor.py:840} INFO - DAG(s) 'globalretail_etl_pipeline' retrieved from /opt/airflow/dags/globalretail_etl_dag.py
[2026-05-05T13:13:09.333+0000] {logging_mixin.py:188} INFO - [2026-05-05T13:13:09.333+0000] {dag.py:3096} INFO - Sync 1 DAGs
[2026-05-05T13:13:09.369+0000] {processor.py:183} INFO - Processing /opt/airflow/dags/globalretail_etl_dag.py took 0.416 seconds
[2026-05-05T13:13:39.440+0000] {processor.py:161} INFO - Started process (PID=2635) to work on /opt/airflow/dags/globalretail_etl_dag.py
[2026-05-05T13:13:39.442+0000] {processor.py:830} INFO - Processing file /opt/airflow/dags/globalretail_etl_dag.py for tasks to queue
[2026-05-05T13:13:39.444+0000] {logging_mixin.py:188} INFO - [2026-05-05T13:13:39.444+0000] {dagbag.py:540} INFO - Filling up the DagBag from /opt/airflow/dags/globalretail_etl_dag.py
[2026-05-05T13:13:39.813+0000] {processor.py:840} INFO - DAG(s) 'globalretail_etl_pipeline' retrieved from /opt/airflow/dags/globalretail_etl_dag.py
[2026-05-05T13:13:39.842+0000] {logging_mixin.py:188} INFO - [2026-05-05T13:13:39.842+0000] {dag.py:3096} INFO - Sync 1 DAGs
[2026-05-05T13:13:39.883+0000] {processor.py:183} INFO - Processing /opt/airflow/dags/globalretail_etl_dag.py took 0.448 seconds
[2026-05-05T13:14:09.982+0000] {processor.py:161} INFO - Started process (PID=2660) to work on /opt/airflow/dags/globalretail_etl_dag.py
[2026-05-05T13:14:09.984+0000] {processor.py:830} INFO - Processing file /opt/airflow/dags/globalretail_etl_dag.py for tasks to queue
[2026-05-05T13:14:09.985+0000] {logging_mixin.py:188} INFO - [2026-05-05T13:14:09.985+0000] {dagbag.py:540} INFO - Filling up the DagBag from /opt/airflow/dags/globalretail_etl_dag.py
[2026-05-05T13:14:10.394+0000] {processor.py:840} INFO - DAG(s) 'globalretail_etl_pipeline' retrieved from /opt/airflow/dags/globalretail_etl_dag.py
[2026-05-05T13:14:10.426+0000] {logging_mixin.py:188} INFO - [2026-05-05T13:14:10.426+0000] {dag.py:3096} INFO - Sync 1 DAGs
[2026-05-05T13:14:10.509+0000] {processor.py:183} INFO - Processing /opt/airflow/dags/globalretail_etl_dag.py took 0.534 seconds
[2026-05-05T13:14:40.577+0000] {processor.py:161} INFO - Started process (PID=2685) to work on /opt/airflow/dags/globalretail_etl_dag.py
[2026-05-05T13:14:40.578+0000] {processor.py:830} INFO - Processing file /opt/airflow/dags/globalretail_etl_dag.py for tasks to queue
[2026-05-05T13:14:40.581+0000] {logging_mixin.py:188} INFO - [2026-05-05T13:14:40.580+0000] {dagbag.py:540} INFO - Filling up the DagBag from /opt/airflow/dags/globalretail_etl_dag.py
[2026-05-05T13:14:41.008+0000] {processor.py:840} INFO - DAG(s) 'globalretail_etl_pipeline' retrieved from /opt/airflow/dags/globalretail_etl_dag.py
[2026-05-05T13:14:41.041+0000] {logging_mixin.py:188} INFO - [2026-05-05T13:14:41.041+0000] {dag.py:3096} INFO - Sync 1 DAGs
[2026-05-05T13:14:41.095+0000] {processor.py:183} INFO - Processing /opt/airflow/dags/globalretail_etl_dag.py took 0.526 seconds
[2026-05-05T13:15:11.207+0000] {processor.py:161} INFO - Started process (PID=2704) to work on /opt/airflow/dags/globalretail_etl_dag.py
[2026-05-05T13:15:11.208+0000] {processor.py:830} INFO - Processing file /opt/airflow/dags/globalretail_etl_dag.py for tasks to queue
[2026-05-05T13:15:11.211+0000] {logging_mixin.py:188} INFO - [2026-05-05T13:15:11.210+0000] {dagbag.py:540} INFO - Filling up the DagBag from /opt/airflow/dags/globalretail_etl_dag.py
[2026-05-05T13:15:11.589+0000] {processor.py:840} INFO - DAG(s) 'globalretail_etl_pipeline' retrieved from /opt/airflow/dags/globalretail_etl_dag.py
[2026-05-05T13:15:11.616+0000] {logging_mixin.py:188} INFO - [2026-05-05T13:15:11.616+0000] {dag.py:3096} INFO - Sync 1 DAGs
[2026-05-05T13:15:11.840+0000] {processor.py:183} INFO - Processing /opt/airflow/dags/globalretail_etl_dag.py took 0.639 seconds
[2026-05-05T13:15:41.921+0000] {processor.py:161} INFO - Started process (PID=2729) to work on /opt/airflow/dags/globalretail_etl_dag.py
[2026-05-05T13:15:41.922+0000] {processor.py:830} INFO - Processing file /opt/airflow/dags/globalretail_etl_dag.py for tasks to queue
[2026-05-05T13:15:41.924+0000] {logging_mixin.py:188} INFO - [2026-05-05T13:15:41.924+0000] {dagbag.py:540} INFO - Filling up the DagBag from /opt/airflow/dags/globalretail_etl_dag.py
[2026-05-05T13:15:42.308+0000] {processor.py:840} INFO - DAG(s) 'globalretail_etl_pipeline' retrieved from /opt/airflow/dags/globalretail_etl_dag.py
[2026-05-05T13:15:42.337+0000] {logging_mixin.py:188} INFO - [2026-05-05T13:15:42.337+0000] {dag.py:3096} INFO - Sync 1 DAGs
[2026-05-05T13:15:42.381+0000] {processor.py:183} INFO - Processing /opt/airflow/dags/globalretail_etl_dag.py took 0.466 seconds
[2026-05-05T13:16:12.489+0000] {processor.py:161} INFO - Started process (PID=2754) to work on /opt/airflow/dags/globalretail_etl_dag.py
[2026-05-05T13:16:12.490+0000] {processor.py:830} INFO - Processing file /opt/airflow/dags/globalretail_etl_dag.py for tasks to queue
[2026-05-05T13:16:12.492+0000] {logging_mixin.py:188} INFO - [2026-05-05T13:16:12.491+0000] {dagbag.py:540} INFO - Filling up the DagBag from /opt/airflow/dags/globalretail_etl_dag.py
[2026-05-05T13:16:12.867+0000] {processor.py:840} INFO - DAG(s) 'globalretail_etl_pipeline' retrieved from /opt/airflow/dags/globalretail_etl_dag.py
[2026-05-05T13:16:12.898+0000] {logging_mixin.py:188} INFO - [2026-05-05T13:16:12.898+0000] {dag.py:3096} INFO - Sync 1 DAGs
[2026-05-05T13:16:12.939+0000] {processor.py:183} INFO - Processing /opt/airflow/dags/globalretail_etl_dag.py took 0.456 seconds
[2026-05-05T13:16:43.040+0000] {processor.py:161} INFO - Started process (PID=2775) to work on /opt/airflow/dags/globalretail_etl_dag.py
[2026-05-05T13:16:43.042+0000] {processor.py:830} INFO - Processing file /opt/airflow/dags/globalretail_etl_dag.py for tasks to queue
[2026-05-05T13:16:43.045+0000] {logging_mixin.py:188} INFO - [2026-05-05T13:16:43.044+0000] {dagbag.py:540} INFO - Filling up the DagBag from /opt/airflow/dags/globalretail_etl_dag.py
[2026-05-05T13:16:43.450+0000] {processor.py:840} INFO - DAG(s) 'globalretail_etl_pipeline' retrieved from /opt/airflow/dags/globalretail_etl_dag.py
[2026-05-05T13:16:43.479+0000] {logging_mixin.py:188} INFO - [2026-05-05T13:16:43.478+0000] {dag.py:3096} INFO - Sync 1 DAGs
[2026-05-05T13:16:43.526+0000] {processor.py:183} INFO - Processing /opt/airflow/dags/globalretail_etl_dag.py took 0.492 seconds
[2026-05-05T13:17:13.612+0000] {processor.py:161} INFO - Started process (PID=2800) to work on /opt/airflow/dags/globalretail_etl_dag.py
[2026-05-05T13:17:13.613+0000] {processor.py:830} INFO - Processing file /opt/airflow/dags/globalretail_etl_dag.py for tasks to queue
[2026-05-05T13:17:13.615+0000] {logging_mixin.py:188} INFO - [2026-05-05T13:17:13.615+0000] {dagbag.py:540} INFO - Filling up the DagBag from /opt/airflow/dags/globalretail_etl_dag.py
[2026-05-05T13:17:14.030+0000] {processor.py:840} INFO - DAG(s) 'globalretail_etl_pipeline' retrieved from /opt/airflow/dags/globalretail_etl_dag.py
[2026-05-05T13:17:14.062+0000] {logging_mixin.py:188} INFO - [2026-05-05T13:17:14.061+0000] {dag.py:3096} INFO - Sync 1 DAGs
[2026-05-05T13:17:14.109+0000] {processor.py:183} INFO - Processing /opt/airflow/dags/globalretail_etl_dag.py took 0.505 seconds
[2026-05-05T13:17:45.127+0000] {processor.py:161} INFO - Started process (PID=2825) to work on /opt/airflow/dags/globalretail_etl_dag.py
[2026-05-05T13:17:45.128+0000] {processor.py:830} INFO - Processing file /opt/airflow/dags/globalretail_etl_dag.py for tasks to queue
[2026-05-05T13:17:45.130+0000] {logging_mixin.py:188} INFO - [2026-05-05T13:17:45.130+0000] {dagbag.py:540} INFO - Filling up the DagBag from /opt/airflow/dags/globalretail_etl_dag.py
[2026-05-05T13:17:45.499+0000] {processor.py:840} INFO - DAG(s) 'globalretail_etl_pipeline' retrieved from /opt/airflow/dags/globalretail_etl_dag.py
[2026-05-05T13:17:45.526+0000] {logging_mixin.py:188} INFO - [2026-05-05T13:17:45.526+0000] {dag.py:3096} INFO - Sync 1 DAGs
[2026-05-05T13:17:45.569+0000] {processor.py:183} INFO - Processing /opt/airflow/dags/globalretail_etl_dag.py took 0.447 seconds
[2026-05-05T13:18:15.653+0000] {processor.py:161} INFO - Started process (PID=2862) to work on /opt/airflow/dags/globalretail_etl_dag.py
[2026-05-05T13:18:15.655+0000] {processor.py:830} INFO - Processing file /opt/airflow/dags/globalretail_etl_dag.py for tasks to queue
[2026-05-05T13:18:15.657+0000] {logging_mixin.py:188} INFO - [2026-05-05T13:18:15.657+0000] {dagbag.py:540} INFO - Filling up the DagBag from /opt/airflow/dags/globalretail_etl_dag.py
[2026-05-05T13:18:16.054+0000] {processor.py:840} INFO - DAG(s) 'globalretail_etl_pipeline' retrieved from /opt/airflow/dags/globalretail_etl_dag.py
[2026-05-05T13:18:16.085+0000] {logging_mixin.py:188} INFO - [2026-05-05T13:18:16.085+0000] {dag.py:3096} INFO - Sync 1 DAGs
[2026-05-05T13:18:16.129+0000] {processor.py:183} INFO - Processing /opt/airflow/dags/globalretail_etl_dag.py took 0.483 seconds
[2026-05-05T13:18:46.225+0000] {processor.py:161} INFO - Started process (PID=2887) to work on /opt/airflow/dags/globalretail_etl_dag.py
[2026-05-05T13:18:46.227+0000] {processor.py:830} INFO - Processing file /opt/airflow/dags/globalretail_etl_dag.py for tasks to queue
[2026-05-05T13:18:46.229+0000] {logging_mixin.py:188} INFO - [2026-05-05T13:18:46.228+0000] {dagbag.py:540} INFO - Filling up the DagBag from /opt/airflow/dags/globalretail_etl_dag.py
[2026-05-05T13:18:46.573+0000] {processor.py:840} INFO - DAG(s) 'globalretail_etl_pipeline' retrieved from /opt/airflow/dags/globalretail_etl_dag.py
[2026-05-05T13:18:46.597+0000] {logging_mixin.py:188} INFO - [2026-05-05T13:18:46.596+0000] {dag.py:3096} INFO - Sync 1 DAGs
[2026-05-05T13:18:46.631+0000] {processor.py:183} INFO - Processing /opt/airflow/dags/globalretail_etl_dag.py took 0.412 seconds
[2026-05-05T13:19:16.727+0000] {processor.py:161} INFO - Started process (PID=2918) to work on /opt/airflow/dags/globalretail_etl_dag.py
[2026-05-05T13:19:16.729+0000] {processor.py:830} INFO - Processing file /opt/airflow/dags/globalretail_etl_dag.py for tasks to queue
[2026-05-05T13:19:16.732+0000] {logging_mixin.py:188} INFO - [2026-05-05T13:19:16.731+0000] {dagbag.py:540} INFO - Filling up the DagBag from /opt/airflow/dags/globalretail_etl_dag.py
[2026-05-05T13:19:17.152+0000] {processor.py:840} INFO - DAG(s) 'globalretail_etl_pipeline' retrieved from /opt/airflow/dags/globalretail_etl_dag.py
[2026-05-05T13:19:17.191+0000] {logging_mixin.py:188} INFO - [2026-05-05T13:19:17.190+0000] {dag.py:3096} INFO - Sync 1 DAGs
[2026-05-05T13:19:17.246+0000] {processor.py:183} INFO - Processing /opt/airflow/dags/globalretail_etl_dag.py took 0.527 seconds
[2026-05-05T13:19:47.323+0000] {processor.py:161} INFO - Started process (PID=2948) to work on /opt/airflow/dags/globalretail_etl_dag.py
[2026-05-05T13:19:47.324+0000] {processor.py:830} INFO - Processing file /opt/airflow/dags/globalretail_etl_dag.py for tasks to queue
[2026-05-05T13:19:47.327+0000] {logging_mixin.py:188} INFO - [2026-05-05T13:19:47.326+0000] {dagbag.py:540} INFO - Filling up the DagBag from /opt/airflow/dags/globalretail_etl_dag.py
[2026-05-05T13:19:47.753+0000] {processor.py:840} INFO - DAG(s) 'globalretail_etl_pipeline' retrieved from /opt/airflow/dags/globalretail_etl_dag.py
[2026-05-05T13:19:47.781+0000] {logging_mixin.py:188} INFO - [2026-05-05T13:19:47.781+0000] {dag.py:3096} INFO - Sync 1 DAGs
[2026-05-05T13:19:48.003+0000] {processor.py:183} INFO - Processing /opt/airflow/dags/globalretail_etl_dag.py took 0.686 seconds
[2026-05-05T13:20:18.104+0000] {processor.py:161} INFO - Started process (PID=2979) to work on /opt/airflow/dags/globalretail_etl_dag.py
[2026-05-05T13:20:18.105+0000] {processor.py:830} INFO - Processing file /opt/airflow/dags/globalretail_etl_dag.py for tasks to queue
[2026-05-05T13:20:18.108+0000] {logging_mixin.py:188} INFO - [2026-05-05T13:20:18.107+0000] {dagbag.py:540} INFO - Filling up the DagBag from /opt/airflow/dags/globalretail_etl_dag.py
[2026-05-05T13:20:18.510+0000] {processor.py:840} INFO - DAG(s) 'globalretail_etl_pipeline' retrieved from /opt/airflow/dags/globalretail_etl_dag.py
[2026-05-05T13:20:18.538+0000] {logging_mixin.py:188} INFO - [2026-05-05T13:20:18.538+0000] {dag.py:3096} INFO - Sync 1 DAGs
[2026-05-05T13:20:18.842+0000] {processor.py:183} INFO - Processing /opt/airflow/dags/globalretail_etl_dag.py took 0.745 seconds
[2026-05-05T13:20:48.923+0000] {processor.py:161} INFO - Started process (PID=3010) to work on /opt/airflow/dags/globalretail_etl_dag.py
[2026-05-05T13:20:48.924+0000] {processor.py:830} INFO - Processing file /opt/airflow/dags/globalretail_etl_dag.py for tasks to queue
[2026-05-05T13:20:48.927+0000] {logging_mixin.py:188} INFO - [2026-05-05T13:20:48.926+0000] {dagbag.py:540} INFO - Filling up the DagBag from /opt/airflow/dags/globalretail_etl_dag.py
[2026-05-05T13:20:49.299+0000] {processor.py:840} INFO - DAG(s) 'globalretail_etl_pipeline' retrieved from /opt/airflow/dags/globalretail_etl_dag.py
[2026-05-05T13:20:49.329+0000] {logging_mixin.py:188} INFO - [2026-05-05T13:20:49.328+0000] {dag.py:3096} INFO - Sync 1 DAGs
[2026-05-05T13:20:49.537+0000] {processor.py:183} INFO - Processing /opt/airflow/dags/globalretail_etl_dag.py took 0.620 seconds
[2026-05-05T13:21:20.262+0000] {processor.py:161} INFO - Started process (PID=3047) to work on /opt/airflow/dags/globalretail_etl_dag.py
[2026-05-05T13:21:20.263+0000] {processor.py:830} INFO - Processing file /opt/airflow/dags/globalretail_etl_dag.py for tasks to queue
[2026-05-05T13:21:20.265+0000] {logging_mixin.py:188} INFO - [2026-05-05T13:21:20.265+0000] {dagbag.py:540} INFO - Filling up the DagBag from /opt/airflow/dags/globalretail_etl_dag.py
[2026-05-05T13:21:20.726+0000] {processor.py:840} INFO - DAG(s) 'globalretail_etl_pipeline' retrieved from /opt/airflow/dags/globalretail_etl_dag.py
[2026-05-05T13:21:20.933+0000] {logging_mixin.py:188} INFO - [2026-05-05T13:21:20.932+0000] {dag.py:3096} INFO - Sync 1 DAGs
[2026-05-05T13:21:20.970+0000] {processor.py:183} INFO - Processing /opt/airflow/dags/globalretail_etl_dag.py took 0.715 seconds
[2026-05-05T13:21:51.107+0000] {processor.py:161} INFO - Started process (PID=3078) to work on /opt/airflow/dags/globalretail_etl_dag.py
[2026-05-05T13:21:51.110+0000] {processor.py:830} INFO - Processing file /opt/airflow/dags/globalretail_etl_dag.py for tasks to queue
[2026-05-05T13:21:51.112+0000] {logging_mixin.py:188} INFO - [2026-05-05T13:21:51.112+0000] {dagbag.py:540} INFO - Filling up the DagBag from /opt/airflow/dags/globalretail_etl_dag.py
[2026-05-05T13:21:51.556+0000] {processor.py:840} INFO - DAG(s) 'globalretail_etl_pipeline' retrieved from /opt/airflow/dags/globalretail_etl_dag.py
[2026-05-05T13:21:51.588+0000] {logging_mixin.py:188} INFO - [2026-05-05T13:21:51.588+0000] {dag.py:3096} INFO - Sync 1 DAGs
[2026-05-05T13:21:51.636+0000] {processor.py:183} INFO - Processing /opt/airflow/dags/globalretail_etl_dag.py took 0.538 seconds
[2026-05-05T13:22:21.698+0000] {processor.py:161} INFO - Started process (PID=3103) to work on /opt/airflow/dags/globalretail_etl_dag.py
[2026-05-05T13:22:21.699+0000] {processor.py:830} INFO - Processing file /opt/airflow/dags/globalretail_etl_dag.py for tasks to queue
[2026-05-05T13:22:21.701+0000] {logging_mixin.py:188} INFO - [2026-05-05T13:22:21.701+0000] {dagbag.py:540} INFO - Filling up the DagBag from /opt/airflow/dags/globalretail_etl_dag.py
[2026-05-05T13:22:22.066+0000] {processor.py:840} INFO - DAG(s) 'globalretail_etl_pipeline' retrieved from /opt/airflow/dags/globalretail_etl_dag.py
[2026-05-05T13:22:22.097+0000] {logging_mixin.py:188} INFO - [2026-05-05T13:22:22.097+0000] {dag.py:3096} INFO - Sync 1 DAGs
[2026-05-05T13:22:22.322+0000] {processor.py:183} INFO - Processing /opt/airflow/dags/globalretail_etl_dag.py took 0.629 seconds
[2026-05-05T13:22:52.415+0000] {processor.py:161} INFO - Started process (PID=3140) to work on /opt/airflow/dags/globalretail_etl_dag.py
[2026-05-05T13:22:52.416+0000] {processor.py:830} INFO - Processing file /opt/airflow/dags/globalretail_etl_dag.py for tasks to queue
[2026-05-05T13:22:52.418+0000] {logging_mixin.py:188} INFO - [2026-05-05T13:22:52.418+0000] {dagbag.py:540} INFO - Filling up the DagBag from /opt/airflow/dags/globalretail_etl_dag.py
[2026-05-05T13:22:52.829+0000] {processor.py:840} INFO - DAG(s) 'globalretail_etl_pipeline' retrieved from /opt/airflow/dags/globalretail_etl_dag.py
[2026-05-05T13:22:52.857+0000] {logging_mixin.py:188} INFO - [2026-05-05T13:22:52.856+0000] {dag.py:3096} INFO - Sync 1 DAGs
[2026-05-05T13:22:53.091+0000] {processor.py:183} INFO - Processing /opt/airflow/dags/globalretail_etl_dag.py took 0.683 seconds
[2026-05-05T13:23:23.709+0000] {processor.py:161} INFO - Started process (PID=3171) to work on /opt/airflow/dags/globalretail_etl_dag.py
[2026-05-05T13:23:23.710+0000] {processor.py:830} INFO - Processing file /opt/airflow/dags/globalretail_etl_dag.py for tasks to queue
[2026-05-05T13:23:23.712+0000] {logging_mixin.py:188} INFO - [2026-05-05T13:23:23.712+0000] {dagbag.py:540} INFO - Filling up the DagBag from /opt/airflow/dags/globalretail_etl_dag.py
[2026-05-05T13:23:24.068+0000] {processor.py:840} INFO - DAG(s) 'globalretail_etl_pipeline' retrieved from /opt/airflow/dags/globalretail_etl_dag.py
[2026-05-05T13:23:24.266+0000] {logging_mixin.py:188} INFO - [2026-05-05T13:23:24.266+0000] {dag.py:3096} INFO - Sync 1 DAGs
[2026-05-05T13:23:24.302+0000] {processor.py:183} INFO - Processing /opt/airflow/dags/globalretail_etl_dag.py took 0.600 seconds
[2026-05-05T13:23:55.173+0000] {processor.py:161} INFO - Started process (PID=3197) to work on /opt/airflow/dags/globalretail_etl_dag.py
[2026-05-05T13:23:55.174+0000] {processor.py:830} INFO - Processing file /opt/airflow/dags/globalretail_etl_dag.py for tasks to queue
[2026-05-05T13:23:55.176+0000] {logging_mixin.py:188} INFO - [2026-05-05T13:23:55.175+0000] {dagbag.py:540} INFO - Filling up the DagBag from /opt/airflow/dags/globalretail_etl_dag.py
[2026-05-05T13:23:55.553+0000] {processor.py:840} INFO - DAG(s) 'globalretail_etl_pipeline' retrieved from /opt/airflow/dags/globalretail_etl_dag.py
[2026-05-05T13:23:55.584+0000] {logging_mixin.py:188} INFO - [2026-05-05T13:23:55.583+0000] {dag.py:3096} INFO - Sync 1 DAGs
[2026-05-05T13:23:55.624+0000] {processor.py:183} INFO - Processing /opt/airflow/dags/globalretail_etl_dag.py took 0.458 seconds
[2026-05-05T13:24:25.695+0000] {processor.py:161} INFO - Started process (PID=3228) to work on /opt/airflow/dags/globalretail_etl_dag.py
[2026-05-05T13:24:25.696+0000] {processor.py:830} INFO - Processing file /opt/airflow/dags/globalretail_etl_dag.py for tasks to queue
[2026-05-05T13:24:25.703+0000] {logging_mixin.py:188} INFO - [2026-05-05T13:24:25.702+0000] {dagbag.py:540} INFO - Filling up the DagBag from /opt/airflow/dags/globalretail_etl_dag.py
[2026-05-05T13:24:26.113+0000] {processor.py:840} INFO - DAG(s) 'globalretail_etl_pipeline' retrieved from /opt/airflow/dags/globalretail_etl_dag.py
[2026-05-05T13:24:26.145+0000] {logging_mixin.py:188} INFO - [2026-05-05T13:24:26.144+0000] {dag.py:3096} INFO - Sync 1 DAGs
[2026-05-05T13:24:26.372+0000] {processor.py:183} INFO - Processing /opt/airflow/dags/globalretail_etl_dag.py took 0.686 seconds
[2026-05-05T13:24:57.392+0000] {processor.py:161} INFO - Started process (PID=3253) to work on /opt/airflow/dags/globalretail_etl_dag.py
[2026-05-05T13:24:57.393+0000] {processor.py:830} INFO - Processing file /opt/airflow/dags/globalretail_etl_dag.py for tasks to queue
[2026-05-05T13:24:57.395+0000] {logging_mixin.py:188} INFO - [2026-05-05T13:24:57.394+0000] {dagbag.py:540} INFO - Filling up the DagBag from /opt/airflow/dags/globalretail_etl_dag.py
[2026-05-05T13:24:57.780+0000] {processor.py:840} INFO - DAG(s) 'globalretail_etl_pipeline' retrieved from /opt/airflow/dags/globalretail_etl_dag.py
[2026-05-05T13:24:57.808+0000] {logging_mixin.py:188} INFO - [2026-05-05T13:24:57.808+0000] {dag.py:3096} INFO - Sync 1 DAGs
[2026-05-05T13:24:58.017+0000] {processor.py:183} INFO - Processing /opt/airflow/dags/globalretail_etl_dag.py took 0.630 seconds
[2026-05-05T13:25:28.125+0000] {processor.py:161} INFO - Started process (PID=3278) to work on /opt/airflow/dags/globalretail_etl_dag.py
[2026-05-05T13:25:28.126+0000] {processor.py:830} INFO - Processing file /opt/airflow/dags/globalretail_etl_dag.py for tasks to queue
[2026-05-05T13:25:28.128+0000] {logging_mixin.py:188} INFO - [2026-05-05T13:25:28.128+0000] {dagbag.py:540} INFO - Filling up the DagBag from /opt/airflow/dags/globalretail_etl_dag.py
[2026-05-05T13:25:28.554+0000] {processor.py:840} INFO - DAG(s) 'globalretail_etl_pipeline' retrieved from /opt/airflow/dags/globalretail_etl_dag.py
[2026-05-05T13:25:28.895+0000] {logging_mixin.py:188} INFO - [2026-05-05T13:25:28.894+0000] {dag.py:3096} INFO - Sync 1 DAGs
[2026-05-05T13:25:28.937+0000] {processor.py:183} INFO - Processing /opt/airflow/dags/globalretail_etl_dag.py took 0.818 seconds
[2026-05-05T13:25:59.040+0000] {processor.py:161} INFO - Started process (PID=3309) to work on /opt/airflow/dags/globalretail_etl_dag.py
[2026-05-05T13:25:59.041+0000] {processor.py:830} INFO - Processing file /opt/airflow/dags/globalretail_etl_dag.py for tasks to queue
[2026-05-05T13:25:59.044+0000] {logging_mixin.py:188} INFO - [2026-05-05T13:25:59.043+0000] {dagbag.py:540} INFO - Filling up the DagBag from /opt/airflow/dags/globalretail_etl_dag.py
[2026-05-05T13:25:59.459+0000] {processor.py:840} INFO - DAG(s) 'globalretail_etl_pipeline' retrieved from /opt/airflow/dags/globalretail_etl_dag.py
[2026-05-05T13:25:59.486+0000] {logging_mixin.py:188} INFO - [2026-05-05T13:25:59.485+0000] {dag.py:3096} INFO - Sync 1 DAGs
[2026-05-05T13:25:59.530+0000] {processor.py:183} INFO - Processing /opt/airflow/dags/globalretail_etl_dag.py took 0.499 seconds
[2026-05-05T13:26:29.622+0000] {processor.py:161} INFO - Started process (PID=3328) to work on /opt/airflow/dags/globalretail_etl_dag.py
[2026-05-05T13:26:29.623+0000] {processor.py:830} INFO - Processing file /opt/airflow/dags/globalretail_etl_dag.py for tasks to queue
[2026-05-05T13:26:29.625+0000] {logging_mixin.py:188} INFO - [2026-05-05T13:26:29.625+0000] {dagbag.py:540} INFO - Filling up the DagBag from /opt/airflow/dags/globalretail_etl_dag.py
[2026-05-05T13:26:30.036+0000] {processor.py:840} INFO - DAG(s) 'globalretail_etl_pipeline' retrieved from /opt/airflow/dags/globalretail_etl_dag.py
[2026-05-05T13:26:30.074+0000] {logging_mixin.py:188} INFO - [2026-05-05T13:26:30.073+0000] {dag.py:3096} INFO - Sync 1 DAGs
[2026-05-05T13:26:30.355+0000] {processor.py:183} INFO - Processing /opt/airflow/dags/globalretail_etl_dag.py took 0.740 seconds
[2026-05-05T13:27:00.421+0000] {processor.py:161} INFO - Started process (PID=3353) to work on /opt/airflow/dags/globalretail_etl_dag.py
[2026-05-05T13:27:00.423+0000] {processor.py:830} INFO - Processing file /opt/airflow/dags/globalretail_etl_dag.py for tasks to queue
[2026-05-05T13:27:00.425+0000] {logging_mixin.py:188} INFO - [2026-05-05T13:27:00.424+0000] {dagbag.py:540} INFO - Filling up the DagBag from /opt/airflow/dags/globalretail_etl_dag.py
[2026-05-05T13:27:00.883+0000] {processor.py:840} INFO - DAG(s) 'globalretail_etl_pipeline' retrieved from /opt/airflow/dags/globalretail_etl_dag.py
[2026-05-05T13:27:00.914+0000] {logging_mixin.py:188} INFO - [2026-05-05T13:27:00.913+0000] {dag.py:3096} INFO - Sync 1 DAGs
[2026-05-05T13:27:01.137+0000] {processor.py:183} INFO - Processing /opt/airflow/dags/globalretail_etl_dag.py took 0.722 seconds
[2026-05-05T13:27:31.240+0000] {processor.py:161} INFO - Started process (PID=3384) to work on /opt/airflow/dags/globalretail_etl_dag.py
[2026-05-05T13:27:31.243+0000] {processor.py:830} INFO - Processing file /opt/airflow/dags/globalretail_etl_dag.py for tasks to queue
[2026-05-05T13:27:31.247+0000] {logging_mixin.py:188} INFO - [2026-05-05T13:27:31.246+0000] {dagbag.py:540} INFO - Filling up the DagBag from /opt/airflow/dags/globalretail_etl_dag.py
[2026-05-05T13:27:31.698+0000] {processor.py:840} INFO - DAG(s) 'globalretail_etl_pipeline' retrieved from /opt/airflow/dags/globalretail_etl_dag.py
[2026-05-05T13:27:31.923+0000] {logging_mixin.py:188} INFO - [2026-05-05T13:27:31.922+0000] {dag.py:3096} INFO - Sync 1 DAGs
[2026-05-05T13:27:31.961+0000] {processor.py:183} INFO - Processing /opt/airflow/dags/globalretail_etl_dag.py took 0.732 seconds
[2026-05-05T13:28:02.050+0000] {processor.py:161} INFO - Started process (PID=3409) to work on /opt/airflow/dags/globalretail_etl_dag.py
[2026-05-05T13:28:02.051+0000] {processor.py:830} INFO - Processing file /opt/airflow/dags/globalretail_etl_dag.py for tasks to queue
[2026-05-05T13:28:02.054+0000] {logging_mixin.py:188} INFO - [2026-05-05T13:28:02.054+0000] {dagbag.py:540} INFO - Filling up the DagBag from /opt/airflow/dags/globalretail_etl_dag.py
[2026-05-05T13:28:02.475+0000] {processor.py:840} INFO - DAG(s) 'globalretail_etl_pipeline' retrieved from /opt/airflow/dags/globalretail_etl_dag.py
[2026-05-05T13:28:02.507+0000] {logging_mixin.py:188} INFO - [2026-05-05T13:28:02.506+0000] {dag.py:3096} INFO - Sync 1 DAGs
[2026-05-05T13:28:02.554+0000] {processor.py:183} INFO - Processing /opt/airflow/dags/globalretail_etl_dag.py took 0.511 seconds
[2026-05-05T13:28:32.617+0000] {processor.py:161} INFO - Started process (PID=3428) to work on /opt/airflow/dags/globalretail_etl_dag.py
[2026-05-05T13:28:32.619+0000] {processor.py:830} INFO - Processing file /opt/airflow/dags/globalretail_etl_dag.py for tasks to queue
[2026-05-05T13:28:32.621+0000] {logging_mixin.py:188} INFO - [2026-05-05T13:28:32.620+0000] {dagbag.py:540} INFO - Filling up the DagBag from /opt/airflow/dags/globalretail_etl_dag.py
[2026-05-05T13:28:33.106+0000] {processor.py:840} INFO - DAG(s) 'globalretail_etl_pipeline' retrieved from /opt/airflow/dags/globalretail_etl_dag.py
[2026-05-05T13:28:33.128+0000] {logging_mixin.py:188} INFO - [2026-05-05T13:28:33.127+0000] {dag.py:3096} INFO - Sync 1 DAGs
[2026-05-05T13:28:33.163+0000] {processor.py:183} INFO - Processing /opt/airflow/dags/globalretail_etl_dag.py took 0.553 seconds
[2026-05-05T13:29:04.157+0000] {processor.py:161} INFO - Started process (PID=3459) to work on /opt/airflow/dags/globalretail_etl_dag.py
[2026-05-05T13:29:04.159+0000] {processor.py:830} INFO - Processing file /opt/airflow/dags/globalretail_etl_dag.py for tasks to queue
[2026-05-05T13:29:04.162+0000] {logging_mixin.py:188} INFO - [2026-05-05T13:29:04.161+0000] {dagbag.py:540} INFO - Filling up the DagBag from /opt/airflow/dags/globalretail_etl_dag.py
[2026-05-05T13:29:04.953+0000] {processor.py:840} INFO - DAG(s) 'globalretail_etl_pipeline' retrieved from /opt/airflow/dags/globalretail_etl_dag.py
[2026-05-05T13:29:04.977+0000] {logging_mixin.py:188} INFO - [2026-05-05T13:29:04.977+0000] {dag.py:3096} INFO - Sync 1 DAGs
[2026-05-05T13:29:05.022+0000] {processor.py:183} INFO - Processing /opt/airflow/dags/globalretail_etl_dag.py took 0.874 seconds
[2026-05-05T13:29:35.118+0000] {processor.py:161} INFO - Started process (PID=3484) to work on /opt/airflow/dags/globalretail_etl_dag.py
[2026-05-05T13:29:35.120+0000] {processor.py:830} INFO - Processing file /opt/airflow/dags/globalretail_etl_dag.py for tasks to queue
[2026-05-05T13:29:35.123+0000] {logging_mixin.py:188} INFO - [2026-05-05T13:29:35.123+0000] {dagbag.py:540} INFO - Filling up the DagBag from /opt/airflow/dags/globalretail_etl_dag.py
[2026-05-05T13:29:35.533+0000] {processor.py:840} INFO - DAG(s) 'globalretail_etl_pipeline' retrieved from /opt/airflow/dags/globalretail_etl_dag.py
[2026-05-05T13:29:35.758+0000] {logging_mixin.py:188} INFO - [2026-05-05T13:29:35.758+0000] {dag.py:3096} INFO - Sync 1 DAGs
[2026-05-05T13:29:35.796+0000] {processor.py:183} INFO - Processing /opt/airflow/dags/globalretail_etl_dag.py took 0.684 seconds
[2026-05-05T13:30:05.909+0000] {processor.py:161} INFO - Started process (PID=3502) to work on /opt/airflow/dags/globalretail_etl_dag.py
[2026-05-05T13:30:05.911+0000] {processor.py:830} INFO - Processing file /opt/airflow/dags/globalretail_etl_dag.py for tasks to queue
[2026-05-05T13:30:05.915+0000] {logging_mixin.py:188} INFO - [2026-05-05T13:30:05.914+0000] {dagbag.py:540} INFO - Filling up the DagBag from /opt/airflow/dags/globalretail_etl_dag.py
[2026-05-05T13:30:06.605+0000] {processor.py:840} INFO - DAG(s) 'globalretail_etl_pipeline' retrieved from /opt/airflow/dags/globalretail_etl_dag.py
[2026-05-05T13:30:06.635+0000] {logging_mixin.py:188} INFO - [2026-05-05T13:30:06.634+0000] {dag.py:3096} INFO - Sync 1 DAGs
[2026-05-05T13:30:06.681+0000] {processor.py:183} INFO - Processing /opt/airflow/dags/globalretail_etl_dag.py took 0.781 seconds
[2026-05-05T13:30:37.320+0000] {processor.py:161} INFO - Started process (PID=3527) to work on /opt/airflow/dags/globalretail_etl_dag.py
[2026-05-05T13:30:37.322+0000] {processor.py:830} INFO - Processing file /opt/airflow/dags/globalretail_etl_dag.py for tasks to queue
[2026-05-05T13:30:37.325+0000] {logging_mixin.py:188} INFO - [2026-05-05T13:30:37.324+0000] {dagbag.py:540} INFO - Filling up the DagBag from /opt/airflow/dags/globalretail_etl_dag.py
[2026-05-05T13:30:38.102+0000] {processor.py:840} INFO - DAG(s) 'globalretail_etl_pipeline' retrieved from /opt/airflow/dags/globalretail_etl_dag.py
[2026-05-05T13:30:38.135+0000] {logging_mixin.py:188} INFO - [2026-05-05T13:30:38.134+0000] {dag.py:3096} INFO - Sync 1 DAGs
[2026-05-05T13:30:38.189+0000] {processor.py:183} INFO - Processing /opt/airflow/dags/globalretail_etl_dag.py took 0.878 seconds
[2026-05-05T13:31:08.278+0000] {processor.py:161} INFO - Started process (PID=3552) to work on /opt/airflow/dags/globalretail_etl_dag.py
[2026-05-05T13:31:08.279+0000] {processor.py:830} INFO - Processing file /opt/airflow/dags/globalretail_etl_dag.py for tasks to queue
[2026-05-05T13:31:08.281+0000] {logging_mixin.py:188} INFO - [2026-05-05T13:31:08.281+0000] {dagbag.py:540} INFO - Filling up the DagBag from /opt/airflow/dags/globalretail_etl_dag.py
[2026-05-05T13:31:08.846+0000] {processor.py:840} INFO - DAG(s) 'globalretail_etl_pipeline' retrieved from /opt/airflow/dags/globalretail_etl_dag.py
[2026-05-05T13:31:08.868+0000] {logging_mixin.py:188} INFO - [2026-05-05T13:31:08.867+0000] {dag.py:3096} INFO - Sync 1 DAGs
[2026-05-05T13:31:08.903+0000] {processor.py:183} INFO - Processing /opt/airflow/dags/globalretail_etl_dag.py took 0.632 seconds
[2026-05-05T13:31:39.016+0000] {processor.py:161} INFO - Started process (PID=3577) to work on /opt/airflow/dags/globalretail_etl_dag.py
[2026-05-05T13:31:39.018+0000] {processor.py:830} INFO - Processing file /opt/airflow/dags/globalretail_etl_dag.py for tasks to queue
[2026-05-05T13:31:39.021+0000] {logging_mixin.py:188} INFO - [2026-05-05T13:31:39.020+0000] {dagbag.py:540} INFO - Filling up the DagBag from /opt/airflow/dags/globalretail_etl_dag.py
[2026-05-05T13:31:39.681+0000] {processor.py:840} INFO - DAG(s) 'globalretail_etl_pipeline' retrieved from /opt/airflow/dags/globalretail_etl_dag.py
[2026-05-05T13:31:39.703+0000] {logging_mixin.py:188} INFO - [2026-05-05T13:31:39.703+0000] {dag.py:3096} INFO - Sync 1 DAGs
[2026-05-05T13:31:39.739+0000] {processor.py:183} INFO - Processing /opt/airflow/dags/globalretail_etl_dag.py took 0.730 seconds
[2026-05-05T13:32:09.814+0000] {processor.py:161} INFO - Started process (PID=3608) to work on /opt/airflow/dags/globalretail_etl_dag.py
[2026-05-05T13:32:09.816+0000] {processor.py:830} INFO - Processing file /opt/airflow/dags/globalretail_etl_dag.py for tasks to queue
[2026-05-05T13:32:09.818+0000] {logging_mixin.py:188} INFO - [2026-05-05T13:32:09.818+0000] {dagbag.py:540} INFO - Filling up the DagBag from /opt/airflow/dags/globalretail_etl_dag.py
[2026-05-05T13:32:10.473+0000] {processor.py:840} INFO - DAG(s) 'globalretail_etl_pipeline' retrieved from /opt/airflow/dags/globalretail_etl_dag.py
[2026-05-05T13:32:10.496+0000] {logging_mixin.py:188} INFO - [2026-05-05T13:32:10.496+0000] {dag.py:3096} INFO - Sync 1 DAGs
[2026-05-05T13:32:10.536+0000] {processor.py:183} INFO - Processing /opt/airflow/dags/globalretail_etl_dag.py took 0.730 seconds
[2026-05-05T13:32:41.343+0000] {processor.py:161} INFO - Started process (PID=3627) to work on /opt/airflow/dags/globalretail_etl_dag.py
[2026-05-05T13:32:41.344+0000] {processor.py:830} INFO - Processing file /opt/airflow/dags/globalretail_etl_dag.py for tasks to queue
[2026-05-05T13:32:41.346+0000] {logging_mixin.py:188} INFO - [2026-05-05T13:32:41.346+0000] {dagbag.py:540} INFO - Filling up the DagBag from /opt/airflow/dags/globalretail_etl_dag.py
[2026-05-05T13:32:41.875+0000] {processor.py:840} INFO - DAG(s) 'globalretail_etl_pipeline' retrieved from /opt/airflow/dags/globalretail_etl_dag.py
[2026-05-05T13:32:41.899+0000] {logging_mixin.py:188} INFO - [2026-05-05T13:32:41.898+0000] {dag.py:3096} INFO - Sync 1 DAGs
[2026-05-05T13:32:41.933+0000] {processor.py:183} INFO - Processing /opt/airflow/dags/globalretail_etl_dag.py took 0.596 seconds
[2026-05-05T13:33:12.002+0000] {processor.py:161} INFO - Started process (PID=3652) to work on /opt/airflow/dags/globalretail_etl_dag.py
[2026-05-05T13:33:12.003+0000] {processor.py:830} INFO - Processing file /opt/airflow/dags/globalretail_etl_dag.py for tasks to queue
[2026-05-05T13:33:12.005+0000] {logging_mixin.py:188} INFO - [2026-05-05T13:33:12.005+0000] {dagbag.py:540} INFO - Filling up the DagBag from /opt/airflow/dags/globalretail_etl_dag.py
[2026-05-05T13:33:12.545+0000] {processor.py:840} INFO - DAG(s) 'globalretail_etl_pipeline' retrieved from /opt/airflow/dags/globalretail_etl_dag.py
[2026-05-05T13:33:12.568+0000] {logging_mixin.py:188} INFO - [2026-05-05T13:33:12.567+0000] {dag.py:3096} INFO - Sync 1 DAGs
[2026-05-05T13:33:12.604+0000] {processor.py:183} INFO - Processing /opt/airflow/dags/globalretail_etl_dag.py took 0.608 seconds
[2026-05-05T13:33:43.651+0000] {processor.py:161} INFO - Started process (PID=3683) to work on /opt/airflow/dags/globalretail_etl_dag.py
[2026-05-05T13:33:43.653+0000] {processor.py:830} INFO - Processing file /opt/airflow/dags/globalretail_etl_dag.py for tasks to queue
[2026-05-05T13:33:43.655+0000] {logging_mixin.py:188} INFO - [2026-05-05T13:33:43.655+0000] {dagbag.py:540} INFO - Filling up the DagBag from /opt/airflow/dags/globalretail_etl_dag.py
[2026-05-05T13:33:44.255+0000] {processor.py:840} INFO - DAG(s) 'globalretail_etl_pipeline' retrieved from /opt/airflow/dags/globalretail_etl_dag.py
[2026-05-05T13:33:44.276+0000] {logging_mixin.py:188} INFO - [2026-05-05T13:33:44.275+0000] {dag.py:3096} INFO - Sync 1 DAGs
[2026-05-05T13:33:44.309+0000] {processor.py:183} INFO - Processing /opt/airflow/dags/globalretail_etl_dag.py took 0.667 seconds
[2026-05-05T13:34:14.378+0000] {processor.py:161} INFO - Started process (PID=3708) to work on /opt/airflow/dags/globalretail_etl_dag.py
[2026-05-05T13:34:14.379+0000] {processor.py:830} INFO - Processing file /opt/airflow/dags/globalretail_etl_dag.py for tasks to queue
[2026-05-05T13:34:14.380+0000] {logging_mixin.py:188} INFO - [2026-05-05T13:34:14.380+0000] {dagbag.py:540} INFO - Filling up the DagBag from /opt/airflow/dags/globalretail_etl_dag.py
[2026-05-05T13:34:14.950+0000] {processor.py:840} INFO - DAG(s) 'globalretail_etl_pipeline' retrieved from /opt/airflow/dags/globalretail_etl_dag.py
[2026-05-05T13:34:14.973+0000] {logging_mixin.py:188} INFO - [2026-05-05T13:34:14.973+0000] {dag.py:3096} INFO - Sync 1 DAGs
[2026-05-05T13:34:15.013+0000] {processor.py:183} INFO - Processing /opt/airflow/dags/globalretail_etl_dag.py took 0.641 seconds
[2026-05-05T13:34:45.083+0000] {processor.py:161} INFO - Started process (PID=3727) to work on /opt/airflow/dags/globalretail_etl_dag.py
[2026-05-05T13:34:45.084+0000] {processor.py:830} INFO - Processing file /opt/airflow/dags/globalretail_etl_dag.py for tasks to queue
[2026-05-05T13:34:45.087+0000] {logging_mixin.py:188} INFO - [2026-05-05T13:34:45.086+0000] {dagbag.py:540} INFO - Filling up the DagBag from /opt/airflow/dags/globalretail_etl_dag.py
[2026-05-05T13:34:45.675+0000] {processor.py:840} INFO - DAG(s) 'globalretail_etl_pipeline' retrieved from /opt/airflow/dags/globalretail_etl_dag.py
[2026-05-05T13:34:45.698+0000] {logging_mixin.py:188} INFO - [2026-05-05T13:34:45.697+0000] {dag.py:3096} INFO - Sync 1 DAGs
[2026-05-05T13:34:45.732+0000] {processor.py:183} INFO - Processing /opt/airflow/dags/globalretail_etl_dag.py took 0.656 seconds
[2026-05-05T13:35:16.550+0000] {processor.py:161} INFO - Started process (PID=3758) to work on /opt/airflow/dags/globalretail_etl_dag.py
[2026-05-05T13:35:16.552+0000] {processor.py:830} INFO - Processing file /opt/airflow/dags/globalretail_etl_dag.py for tasks to queue
[2026-05-05T13:35:16.555+0000] {logging_mixin.py:188} INFO - [2026-05-05T13:35:16.554+0000] {dagbag.py:540} INFO - Filling up the DagBag from /opt/airflow/dags/globalretail_etl_dag.py
[2026-05-05T13:35:17.110+0000] {processor.py:840} INFO - DAG(s) 'globalretail_etl_pipeline' retrieved from /opt/airflow/dags/globalretail_etl_dag.py
[2026-05-05T13:35:17.130+0000] {logging_mixin.py:188} INFO - [2026-05-05T13:35:17.129+0000] {dag.py:3096} INFO - Sync 1 DAGs
[2026-05-05T13:35:17.228+0000] {processor.py:183} INFO - Processing /opt/airflow/dags/globalretail_etl_dag.py took 0.687 seconds
[2026-05-05T13:35:47.605+0000] {processor.py:161} INFO - Started process (PID=3783) to work on /opt/airflow/dags/globalretail_etl_dag.py
[2026-05-05T13:35:47.606+0000] {processor.py:830} INFO - Processing file /opt/airflow/dags/globalretail_etl_dag.py for tasks to queue
[2026-05-05T13:35:47.607+0000] {logging_mixin.py:188} INFO - [2026-05-05T13:35:47.607+0000] {dagbag.py:540} INFO - Filling up the DagBag from /opt/airflow/dags/globalretail_etl_dag.py
[2026-05-05T13:35:48.133+0000] {processor.py:840} INFO - DAG(s) 'globalretail_etl_pipeline' retrieved from /opt/airflow/dags/globalretail_etl_dag.py
[2026-05-05T13:35:48.154+0000] {logging_mixin.py:188} INFO - [2026-05-05T13:35:48.154+0000] {dag.py:3096} INFO - Sync 1 DAGs
[2026-05-05T13:35:48.190+0000] {processor.py:183} INFO - Processing /opt/airflow/dags/globalretail_etl_dag.py took 0.591 seconds
[2026-05-05T13:36:18.289+0000] {processor.py:161} INFO - Started process (PID=3802) to work on /opt/airflow/dags/globalretail_etl_dag.py
[2026-05-05T13:36:18.290+0000] {processor.py:830} INFO - Processing file /opt/airflow/dags/globalretail_etl_dag.py for tasks to queue
[2026-05-05T13:36:18.292+0000] {logging_mixin.py:188} INFO - [2026-05-05T13:36:18.292+0000] {dagbag.py:540} INFO - Filling up the DagBag from /opt/airflow/dags/globalretail_etl_dag.py
[2026-05-05T13:36:18.872+0000] {processor.py:840} INFO - DAG(s) 'globalretail_etl_pipeline' retrieved from /opt/airflow/dags/globalretail_etl_dag.py
[2026-05-05T13:36:18.901+0000] {logging_mixin.py:188} INFO - [2026-05-05T13:36:18.901+0000] {dag.py:3096} INFO - Sync 1 DAGs
[2026-05-05T13:36:18.945+0000] {processor.py:183} INFO - Processing /opt/airflow/dags/globalretail_etl_dag.py took 0.665 seconds
[2026-05-05T13:36:49.037+0000] {processor.py:161} INFO - Started process (PID=3833) to work on /opt/airflow/dags/globalretail_etl_dag.py
[2026-05-05T13:36:49.039+0000] {processor.py:830} INFO - Processing file /opt/airflow/dags/globalretail_etl_dag.py for tasks to queue
[2026-05-05T13:36:49.042+0000] {logging_mixin.py:188} INFO - [2026-05-05T13:36:49.042+0000] {dagbag.py:540} INFO - Filling up the DagBag from /opt/airflow/dags/globalretail_etl_dag.py
[2026-05-05T13:36:49.773+0000] {processor.py:840} INFO - DAG(s) 'globalretail_etl_pipeline' retrieved from /opt/airflow/dags/globalretail_etl_dag.py
[2026-05-05T13:36:49.798+0000] {logging_mixin.py:188} INFO - [2026-05-05T13:36:49.798+0000] {dag.py:3096} INFO - Sync 1 DAGs
[2026-05-05T13:36:49.848+0000] {processor.py:183} INFO - Processing /opt/airflow/dags/globalretail_etl_dag.py took 0.821 seconds
[2026-05-05T13:37:20.695+0000] {processor.py:161} INFO - Started process (PID=3859) to work on /opt/airflow/dags/globalretail_etl_dag.py
[2026-05-05T13:37:20.696+0000] {processor.py:830} INFO - Processing file /opt/airflow/dags/globalretail_etl_dag.py for tasks to queue
[2026-05-05T13:37:20.698+0000] {logging_mixin.py:188} INFO - [2026-05-05T13:37:20.698+0000] {dagbag.py:540} INFO - Filling up the DagBag from /opt/airflow/dags/globalretail_etl_dag.py
[2026-05-05T13:37:21.206+0000] {processor.py:840} INFO - DAG(s) 'globalretail_etl_pipeline' retrieved from /opt/airflow/dags/globalretail_etl_dag.py
[2026-05-05T13:37:21.228+0000] {logging_mixin.py:188} INFO - [2026-05-05T13:37:21.227+0000] {dag.py:3096} INFO - Sync 1 DAGs
[2026-05-05T13:37:21.262+0000] {processor.py:183} INFO - Processing /opt/airflow/dags/globalretail_etl_dag.py took 0.573 seconds
[2026-05-05T13:37:51.941+0000] {processor.py:161} INFO - Started process (PID=3879) to work on /opt/airflow/dags/globalretail_etl_dag.py
[2026-05-05T13:37:51.942+0000] {processor.py:830} INFO - Processing file /opt/airflow/dags/globalretail_etl_dag.py for tasks to queue
[2026-05-05T13:37:51.944+0000] {logging_mixin.py:188} INFO - [2026-05-05T13:37:51.944+0000] {dagbag.py:540} INFO - Filling up the DagBag from /opt/airflow/dags/globalretail_etl_dag.py
[2026-05-05T13:37:52.466+0000] {processor.py:840} INFO - DAG(s) 'globalretail_etl_pipeline' retrieved from /opt/airflow/dags/globalretail_etl_dag.py
[2026-05-05T13:37:52.489+0000] {logging_mixin.py:188} INFO - [2026-05-05T13:37:52.489+0000] {dag.py:3096} INFO - Sync 1 DAGs
[2026-05-05T13:37:52.524+0000] {processor.py:183} INFO - Processing /opt/airflow/dags/globalretail_etl_dag.py took 0.588 seconds
[2026-05-05T13:38:23.347+0000] {processor.py:161} INFO - Started process (PID=3910) to work on /opt/airflow/dags/globalretail_etl_dag.py
[2026-05-05T13:38:23.348+0000] {processor.py:830} INFO - Processing file /opt/airflow/dags/globalretail_etl_dag.py for tasks to queue
[2026-05-05T13:38:23.350+0000] {logging_mixin.py:188} INFO - [2026-05-05T13:38:23.350+0000] {dagbag.py:540} INFO - Filling up the DagBag from /opt/airflow/dags/globalretail_etl_dag.py
[2026-05-05T13:38:23.834+0000] {processor.py:840} INFO - DAG(s) 'globalretail_etl_pipeline' retrieved from /opt/airflow/dags/globalretail_etl_dag.py
[2026-05-05T13:38:23.854+0000] {logging_mixin.py:188} INFO - [2026-05-05T13:38:23.854+0000] {dag.py:3096} INFO - Sync 1 DAGs
[2026-05-05T13:38:23.886+0000] {processor.py:183} INFO - Processing /opt/airflow/dags/globalretail_etl_dag.py took 0.545 seconds
[2026-05-05T13:38:54.552+0000] {processor.py:161} INFO - Started process (PID=3935) to work on /opt/airflow/dags/globalretail_etl_dag.py
[2026-05-05T13:38:54.553+0000] {processor.py:830} INFO - Processing file /opt/airflow/dags/globalretail_etl_dag.py for tasks to queue
[2026-05-05T13:38:54.555+0000] {logging_mixin.py:188} INFO - [2026-05-05T13:38:54.555+0000] {dagbag.py:540} INFO - Filling up the DagBag from /opt/airflow/dags/globalretail_etl_dag.py
[2026-05-05T13:38:55.079+0000] {processor.py:840} INFO - DAG(s) 'globalretail_etl_pipeline' retrieved from /opt/airflow/dags/globalretail_etl_dag.py
[2026-05-05T13:38:55.100+0000] {logging_mixin.py:188} INFO - [2026-05-05T13:38:55.099+0000] {dag.py:3096} INFO - Sync 1 DAGs
[2026-05-05T13:38:55.135+0000] {processor.py:183} INFO - Processing /opt/airflow/dags/globalretail_etl_dag.py took 0.589 seconds
[2026-05-05T13:39:26.009+0000] {processor.py:161} INFO - Started process (PID=3954) to work on /opt/airflow/dags/globalretail_etl_dag.py
[2026-05-05T13:39:26.009+0000] {processor.py:830} INFO - Processing file /opt/airflow/dags/globalretail_etl_dag.py for tasks to queue
[2026-05-05T13:39:26.011+0000] {logging_mixin.py:188} INFO - [2026-05-05T13:39:26.011+0000] {dagbag.py:540} INFO - Filling up the DagBag from /opt/airflow/dags/globalretail_etl_dag.py
[2026-05-05T13:39:26.539+0000] {processor.py:840} INFO - DAG(s) 'globalretail_etl_pipeline' retrieved from /opt/airflow/dags/globalretail_etl_dag.py
[2026-05-05T13:39:26.563+0000] {logging_mixin.py:188} INFO - [2026-05-05T13:39:26.562+0000] {dag.py:3096} INFO - Sync 1 DAGs
[2026-05-05T13:39:26.601+0000] {processor.py:183} INFO - Processing /opt/airflow/dags/globalretail_etl_dag.py took 0.598 seconds
[2026-05-05T13:39:56.686+0000] {processor.py:161} INFO - Started process (PID=3985) to work on /opt/airflow/dags/globalretail_etl_dag.py
[2026-05-05T13:39:56.687+0000] {processor.py:830} INFO - Processing file /opt/airflow/dags/globalretail_etl_dag.py for tasks to queue
[2026-05-05T13:39:56.690+0000] {logging_mixin.py:188} INFO - [2026-05-05T13:39:56.689+0000] {dagbag.py:540} INFO - Filling up the DagBag from /opt/airflow/dags/globalretail_etl_dag.py
[2026-05-05T13:39:57.250+0000] {processor.py:840} INFO - DAG(s) 'globalretail_etl_pipeline' retrieved from /opt/airflow/dags/globalretail_etl_dag.py
[2026-05-05T13:39:57.274+0000] {logging_mixin.py:188} INFO - [2026-05-05T13:39:57.274+0000] {dag.py:3096} INFO - Sync 1 DAGs
[2026-05-05T13:39:57.312+0000] {processor.py:183} INFO - Processing /opt/airflow/dags/globalretail_etl_dag.py took 0.634 seconds
[2026-05-05T13:40:28.244+0000] {processor.py:161} INFO - Started process (PID=4010) to work on /opt/airflow/dags/globalretail_etl_dag.py
[2026-05-05T13:40:28.245+0000] {processor.py:830} INFO - Processing file /opt/airflow/dags/globalretail_etl_dag.py for tasks to queue
[2026-05-05T13:40:28.247+0000] {logging_mixin.py:188} INFO - [2026-05-05T13:40:28.246+0000] {dagbag.py:540} INFO - Filling up the DagBag from /opt/airflow/dags/globalretail_etl_dag.py
[2026-05-05T13:40:28.751+0000] {processor.py:840} INFO - DAG(s) 'globalretail_etl_pipeline' retrieved from /opt/airflow/dags/globalretail_etl_dag.py
[2026-05-05T13:40:28.773+0000] {logging_mixin.py:188} INFO - [2026-05-05T13:40:28.773+0000] {dag.py:3096} INFO - Sync 1 DAGs
[2026-05-05T13:40:28.809+0000] {processor.py:183} INFO - Processing /opt/airflow/dags/globalretail_etl_dag.py took 0.571 seconds
[2026-05-05T13:40:59.335+0000] {processor.py:161} INFO - Started process (PID=4036) to work on /opt/airflow/dags/globalretail_etl_dag.py
[2026-05-05T13:40:59.336+0000] {processor.py:830} INFO - Processing file /opt/airflow/dags/globalretail_etl_dag.py for tasks to queue
[2026-05-05T13:40:59.338+0000] {logging_mixin.py:188} INFO - [2026-05-05T13:40:59.338+0000] {dagbag.py:540} INFO - Filling up the DagBag from /opt/airflow/dags/globalretail_etl_dag.py
[2026-05-05T13:40:59.909+0000] {processor.py:840} INFO - DAG(s) 'globalretail_etl_pipeline' retrieved from /opt/airflow/dags/globalretail_etl_dag.py
[2026-05-05T13:40:59.932+0000] {logging_mixin.py:188} INFO - [2026-05-05T13:40:59.932+0000] {dag.py:3096} INFO - Sync 1 DAGs
[2026-05-05T13:40:59.974+0000] {processor.py:183} INFO - Processing /opt/airflow/dags/globalretail_etl_dag.py took 0.644 seconds
[2026-05-05T13:41:30.896+0000] {processor.py:161} INFO - Started process (PID=4067) to work on /opt/airflow/dags/globalretail_etl_dag.py
[2026-05-05T13:41:30.897+0000] {processor.py:830} INFO - Processing file /opt/airflow/dags/globalretail_etl_dag.py for tasks to queue
[2026-05-05T13:41:30.899+0000] {logging_mixin.py:188} INFO - [2026-05-05T13:41:30.898+0000] {dagbag.py:540} INFO - Filling up the DagBag from /opt/airflow/dags/globalretail_etl_dag.py
[2026-05-05T13:41:31.394+0000] {processor.py:840} INFO - DAG(s) 'globalretail_etl_pipeline' retrieved from /opt/airflow/dags/globalretail_etl_dag.py
[2026-05-05T13:41:31.414+0000] {logging_mixin.py:188} INFO - [2026-05-05T13:41:31.414+0000] {dag.py:3096} INFO - Sync 1 DAGs
[2026-05-05T13:41:31.448+0000] {processor.py:183} INFO - Processing /opt/airflow/dags/globalretail_etl_dag.py took 0.558 seconds
[2026-05-05T13:42:01.521+0000] {processor.py:161} INFO - Started process (PID=4086) to work on /opt/airflow/dags/globalretail_etl_dag.py
[2026-05-05T13:42:01.523+0000] {processor.py:830} INFO - Processing file /opt/airflow/dags/globalretail_etl_dag.py for tasks to queue
[2026-05-05T13:42:01.526+0000] {logging_mixin.py:188} INFO - [2026-05-05T13:42:01.525+0000] {dagbag.py:540} INFO - Filling up the DagBag from /opt/airflow/dags/globalretail_etl_dag.py
[2026-05-05T13:42:02.195+0000] {processor.py:840} INFO - DAG(s) 'globalretail_etl_pipeline' retrieved from /opt/airflow/dags/globalretail_etl_dag.py
[2026-05-05T13:42:02.223+0000] {logging_mixin.py:188} INFO - [2026-05-05T13:42:02.222+0000] {dag.py:3096} INFO - Sync 1 DAGs
[2026-05-05T13:42:02.270+0000] {processor.py:183} INFO - Processing /opt/airflow/dags/globalretail_etl_dag.py took 0.757 seconds
[2026-05-05T13:42:33.063+0000] {processor.py:161} INFO - Started process (PID=4105) to work on /opt/airflow/dags/globalretail_etl_dag.py
[2026-05-05T13:42:33.064+0000] {processor.py:830} INFO - Processing file /opt/airflow/dags/globalretail_etl_dag.py for tasks to queue
[2026-05-05T13:42:33.066+0000] {logging_mixin.py:188} INFO - [2026-05-05T13:42:33.065+0000] {dagbag.py:540} INFO - Filling up the DagBag from /opt/airflow/dags/globalretail_etl_dag.py
[2026-05-05T13:42:33.694+0000] {processor.py:840} INFO - DAG(s) 'globalretail_etl_pipeline' retrieved from /opt/airflow/dags/globalretail_etl_dag.py
[2026-05-05T13:42:33.721+0000] {logging_mixin.py:188} INFO - [2026-05-05T13:42:33.720+0000] {dag.py:3096} INFO - Sync 1 DAGs
[2026-05-05T13:42:33.760+0000] {processor.py:183} INFO - Processing /opt/airflow/dags/globalretail_etl_dag.py took 0.704 seconds
[2026-05-05T13:43:04.337+0000] {processor.py:161} INFO - Started process (PID=4136) to work on /opt/airflow/dags/globalretail_etl_dag.py
[2026-05-05T13:43:04.338+0000] {processor.py:830} INFO - Processing file /opt/airflow/dags/globalretail_etl_dag.py for tasks to queue
[2026-05-05T13:43:04.340+0000] {logging_mixin.py:188} INFO - [2026-05-05T13:43:04.340+0000] {dagbag.py:540} INFO - Filling up the DagBag from /opt/airflow/dags/globalretail_etl_dag.py
[2026-05-05T13:43:04.894+0000] {processor.py:840} INFO - DAG(s) 'globalretail_etl_pipeline' retrieved from /opt/airflow/dags/globalretail_etl_dag.py
[2026-05-05T13:43:04.918+0000] {logging_mixin.py:188} INFO - [2026-05-05T13:43:04.918+0000] {dag.py:3096} INFO - Sync 1 DAGs
[2026-05-05T13:43:04.955+0000] {processor.py:183} INFO - Processing /opt/airflow/dags/globalretail_etl_dag.py took 0.625 seconds
[2026-05-05T13:43:35.835+0000] {processor.py:161} INFO - Started process (PID=4161) to work on /opt/airflow/dags/globalretail_etl_dag.py
[2026-05-05T13:43:35.836+0000] {processor.py:830} INFO - Processing file /opt/airflow/dags/globalretail_etl_dag.py for tasks to queue
[2026-05-05T13:43:35.838+0000] {logging_mixin.py:188} INFO - [2026-05-05T13:43:35.838+0000] {dagbag.py:540} INFO - Filling up the DagBag from /opt/airflow/dags/globalretail_etl_dag.py
[2026-05-05T13:43:36.433+0000] {processor.py:840} INFO - DAG(s) 'globalretail_etl_pipeline' retrieved from /opt/airflow/dags/globalretail_etl_dag.py
[2026-05-05T13:43:36.457+0000] {logging_mixin.py:188} INFO - [2026-05-05T13:43:36.456+0000] {dag.py:3096} INFO - Sync 1 DAGs
[2026-05-05T13:43:36.496+0000] {processor.py:183} INFO - Processing /opt/airflow/dags/globalretail_etl_dag.py took 0.668 seconds
[2026-05-05T13:44:06.563+0000] {processor.py:161} INFO - Started process (PID=4186) to work on /opt/airflow/dags/globalretail_etl_dag.py
[2026-05-05T13:44:06.564+0000] {processor.py:830} INFO - Processing file /opt/airflow/dags/globalretail_etl_dag.py for tasks to queue
[2026-05-05T13:44:06.566+0000] {logging_mixin.py:188} INFO - [2026-05-05T13:44:06.565+0000] {dagbag.py:540} INFO - Filling up the DagBag from /opt/airflow/dags/globalretail_etl_dag.py
[2026-05-05T13:44:07.135+0000] {processor.py:840} INFO - DAG(s) 'globalretail_etl_pipeline' retrieved from /opt/airflow/dags/globalretail_etl_dag.py
[2026-05-05T13:44:07.159+0000] {logging_mixin.py:188} INFO - [2026-05-05T13:44:07.159+0000] {dag.py:3096} INFO - Sync 1 DAGs
[2026-05-05T13:44:07.203+0000] {processor.py:183} INFO - Processing /opt/airflow/dags/globalretail_etl_dag.py took 0.646 seconds
[2026-05-05T13:44:38.007+0000] {processor.py:161} INFO - Started process (PID=4212) to work on /opt/airflow/dags/globalretail_etl_dag.py
[2026-05-05T13:44:38.008+0000] {processor.py:830} INFO - Processing file /opt/airflow/dags/globalretail_etl_dag.py for tasks to queue
[2026-05-05T13:44:38.010+0000] {logging_mixin.py:188} INFO - [2026-05-05T13:44:38.009+0000] {dagbag.py:540} INFO - Filling up the DagBag from /opt/airflow/dags/globalretail_etl_dag.py
[2026-05-05T13:44:38.553+0000] {processor.py:840} INFO - DAG(s) 'globalretail_etl_pipeline' retrieved from /opt/airflow/dags/globalretail_etl_dag.py
[2026-05-05T13:44:38.574+0000] {logging_mixin.py:188} INFO - [2026-05-05T13:44:38.574+0000] {dag.py:3096} INFO - Sync 1 DAGs
[2026-05-05T13:44:38.610+0000] {processor.py:183} INFO - Processing /opt/airflow/dags/globalretail_etl_dag.py took 0.610 seconds
[2026-05-05T13:45:09.254+0000] {processor.py:161} INFO - Started process (PID=4238) to work on /opt/airflow/dags/globalretail_etl_dag.py
[2026-05-05T13:45:09.255+0000] {processor.py:830} INFO - Processing file /opt/airflow/dags/globalretail_etl_dag.py for tasks to queue
[2026-05-05T13:45:09.257+0000] {logging_mixin.py:188} INFO - [2026-05-05T13:45:09.257+0000] {dagbag.py:540} INFO - Filling up the DagBag from /opt/airflow/dags/globalretail_etl_dag.py
[2026-05-05T13:45:09.858+0000] {processor.py:840} INFO - DAG(s) 'globalretail_etl_pipeline' retrieved from /opt/airflow/dags/globalretail_etl_dag.py
[2026-05-05T13:45:09.898+0000] {logging_mixin.py:188} INFO - [2026-05-05T13:45:09.897+0000] {dag.py:3096} INFO - Sync 1 DAGs
[2026-05-05T13:45:09.938+0000] {processor.py:183} INFO - Processing /opt/airflow/dags/globalretail_etl_dag.py took 0.689 seconds
[2026-05-05T13:45:40.744+0000] {processor.py:161} INFO - Started process (PID=4270) to work on /opt/airflow/dags/globalretail_etl_dag.py
[2026-05-05T13:45:40.745+0000] {processor.py:830} INFO - Processing file /opt/airflow/dags/globalretail_etl_dag.py for tasks to queue
[2026-05-05T13:45:40.748+0000] {logging_mixin.py:188} INFO - [2026-05-05T13:45:40.747+0000] {dagbag.py:540} INFO - Filling up the DagBag from /opt/airflow/dags/globalretail_etl_dag.py
[2026-05-05T13:45:41.338+0000] {processor.py:840} INFO - DAG(s) 'globalretail_etl_pipeline' retrieved from /opt/airflow/dags/globalretail_etl_dag.py
[2026-05-05T13:45:41.363+0000] {logging_mixin.py:188} INFO - [2026-05-05T13:45:41.362+0000] {dag.py:3096} INFO - Sync 1 DAGs
[2026-05-05T13:45:41.406+0000] {processor.py:183} INFO - Processing /opt/airflow/dags/globalretail_etl_dag.py took 0.669 seconds
[2026-05-05T13:46:12.010+0000] {processor.py:161} INFO - Started process (PID=4295) to work on /opt/airflow/dags/globalretail_etl_dag.py
[2026-05-05T13:46:12.012+0000] {processor.py:830} INFO - Processing file /opt/airflow/dags/globalretail_etl_dag.py for tasks to queue
[2026-05-05T13:46:12.016+0000] {logging_mixin.py:188} INFO - [2026-05-05T13:46:12.016+0000] {dagbag.py:540} INFO - Filling up the DagBag from /opt/airflow/dags/globalretail_etl_dag.py
[2026-05-05T13:46:12.528+0000] {processor.py:840} INFO - DAG(s) 'globalretail_etl_pipeline' retrieved from /opt/airflow/dags/globalretail_etl_dag.py
[2026-05-05T13:46:12.555+0000] {logging_mixin.py:188} INFO - [2026-05-05T13:46:12.555+0000] {dag.py:3096} INFO - Sync 1 DAGs
[2026-05-05T13:46:12.608+0000] {processor.py:183} INFO - Processing /opt/airflow/dags/globalretail_etl_dag.py took 0.773 seconds
[2026-05-05T13:46:42.688+0000] {processor.py:161} INFO - Started process (PID=4314) to work on /opt/airflow/dags/globalretail_etl_dag.py
[2026-05-05T13:46:42.689+0000] {processor.py:830} INFO - Processing file /opt/airflow/dags/globalretail_etl_dag.py for tasks to queue
[2026-05-05T13:46:42.692+0000] {logging_mixin.py:188} INFO - [2026-05-05T13:46:42.691+0000] {dagbag.py:540} INFO - Filling up the DagBag from /opt/airflow/dags/globalretail_etl_dag.py
[2026-05-05T13:46:43.407+0000] {processor.py:840} INFO - DAG(s) 'globalretail_etl_pipeline' retrieved from /opt/airflow/dags/globalretail_etl_dag.py
[2026-05-05T13:46:43.428+0000] {logging_mixin.py:188} INFO - [2026-05-05T13:46:43.428+0000] {dag.py:3096} INFO - Sync 1 DAGs
[2026-05-05T13:46:43.449+0000] {logging_mixin.py:188} INFO - [2026-05-05T13:46:43.448+0000] {dag.py:3954} INFO - Setting next_dagrun for globalretail_etl_pipeline to 2026-05-05 00:00:00+00:00, run_after=2026-05-06 00:00:00+00:00
[2026-05-05T13:46:43.472+0000] {processor.py:183} INFO - Processing /opt/airflow/dags/globalretail_etl_dag.py took 0.792 seconds
[2026-05-05T13:47:14.374+0000] {processor.py:161} INFO - Started process (PID=4339) to work on /opt/airflow/dags/globalretail_etl_dag.py
[2026-05-05T13:47:14.375+0000] {processor.py:830} INFO - Processing file /opt/airflow/dags/globalretail_etl_dag.py for tasks to queue
[2026-05-05T13:47:14.377+0000] {logging_mixin.py:188} INFO - [2026-05-05T13:47:14.376+0000] {dagbag.py:540} INFO - Filling up the DagBag from /opt/airflow/dags/globalretail_etl_dag.py
[2026-05-05T13:47:14.872+0000] {processor.py:840} INFO - DAG(s) 'globalretail_etl_pipeline' retrieved from /opt/airflow/dags/globalretail_etl_dag.py
[2026-05-05T13:47:14.893+0000] {logging_mixin.py:188} INFO - [2026-05-05T13:47:14.893+0000] {dag.py:3096} INFO - Sync 1 DAGs
[2026-05-05T13:47:14.910+0000] {logging_mixin.py:188} INFO - [2026-05-05T13:47:14.910+0000] {dag.py:3954} INFO - Setting next_dagrun for globalretail_etl_pipeline to 2026-05-05 00:00:00+00:00, run_after=2026-05-06 00:00:00+00:00
[2026-05-05T13:47:14.928+0000] {processor.py:183} INFO - Processing /opt/airflow/dags/globalretail_etl_dag.py took 0.560 seconds
[2026-05-05T13:47:45.539+0000] {processor.py:161} INFO - Started process (PID=4358) to work on /opt/airflow/dags/globalretail_etl_dag.py
[2026-05-05T13:47:45.540+0000] {processor.py:830} INFO - Processing file /opt/airflow/dags/globalretail_etl_dag.py for tasks to queue
[2026-05-05T13:47:45.543+0000] {logging_mixin.py:188} INFO - [2026-05-05T13:47:45.542+0000] {dagbag.py:540} INFO - Filling up the DagBag from /opt/airflow/dags/globalretail_etl_dag.py
[2026-05-05T13:47:46.133+0000] {processor.py:840} INFO - DAG(s) 'globalretail_etl_pipeline' retrieved from /opt/airflow/dags/globalretail_etl_dag.py
[2026-05-05T13:47:46.154+0000] {logging_mixin.py:188} INFO - [2026-05-05T13:47:46.154+0000] {dag.py:3096} INFO - Sync 1 DAGs
[2026-05-05T13:47:46.173+0000] {logging_mixin.py:188} INFO - [2026-05-05T13:47:46.173+0000] {dag.py:3954} INFO - Setting next_dagrun for globalretail_etl_pipeline to 2026-05-05 00:00:00+00:00, run_after=2026-05-06 00:00:00+00:00
[2026-05-05T13:47:46.193+0000] {processor.py:183} INFO - Processing /opt/airflow/dags/globalretail_etl_dag.py took 0.662 seconds
[2026-05-05T13:48:17.003+0000] {processor.py:161} INFO - Started process (PID=4371) to work on /opt/airflow/dags/globalretail_etl_dag.py
[2026-05-05T13:48:17.005+0000] {processor.py:830} INFO - Processing file /opt/airflow/dags/globalretail_etl_dag.py for tasks to queue
[2026-05-05T13:48:17.008+0000] {logging_mixin.py:188} INFO - [2026-05-05T13:48:17.008+0000] {dagbag.py:540} INFO - Filling up the DagBag from /opt/airflow/dags/globalretail_etl_dag.py
[2026-05-05T13:48:17.579+0000] {processor.py:840} INFO - DAG(s) 'globalretail_etl_pipeline' retrieved from /opt/airflow/dags/globalretail_etl_dag.py
[2026-05-05T13:48:17.601+0000] {logging_mixin.py:188} INFO - [2026-05-05T13:48:17.601+0000] {dag.py:3096} INFO - Sync 1 DAGs
[2026-05-05T13:48:17.621+0000] {logging_mixin.py:188} INFO - [2026-05-05T13:48:17.620+0000] {dag.py:3954} INFO - Setting next_dagrun for globalretail_etl_pipeline to 2026-05-05 00:00:00+00:00, run_after=2026-05-06 00:00:00+00:00
[2026-05-05T13:48:17.641+0000] {processor.py:183} INFO - Processing /opt/airflow/dags/globalretail_etl_dag.py took 0.645 seconds
[2026-05-05T13:48:48.262+0000] {processor.py:161} INFO - Started process (PID=4390) to work on /opt/airflow/dags/globalretail_etl_dag.py
[2026-05-05T13:48:48.263+0000] {processor.py:830} INFO - Processing file /opt/airflow/dags/globalretail_etl_dag.py for tasks to queue
[2026-05-05T13:48:48.266+0000] {logging_mixin.py:188} INFO - [2026-05-05T13:48:48.265+0000] {dagbag.py:540} INFO - Filling up the DagBag from /opt/airflow/dags/globalretail_etl_dag.py
[2026-05-05T13:48:48.836+0000] {processor.py:840} INFO - DAG(s) 'globalretail_etl_pipeline' retrieved from /opt/airflow/dags/globalretail_etl_dag.py
[2026-05-05T13:48:48.860+0000] {logging_mixin.py:188} INFO - [2026-05-05T13:48:48.859+0000] {dag.py:3096} INFO - Sync 1 DAGs
[2026-05-05T13:48:48.882+0000] {logging_mixin.py:188} INFO - [2026-05-05T13:48:48.881+0000] {dag.py:3954} INFO - Setting next_dagrun for globalretail_etl_pipeline to 2026-05-05 00:00:00+00:00, run_after=2026-05-06 00:00:00+00:00
[2026-05-05T13:48:48.905+0000] {processor.py:183} INFO - Processing /opt/airflow/dags/globalretail_etl_dag.py took 0.649 seconds
[2026-05-05T13:49:19.699+0000] {processor.py:161} INFO - Started process (PID=4409) to work on /opt/airflow/dags/globalretail_etl_dag.py
[2026-05-05T13:49:19.700+0000] {processor.py:830} INFO - Processing file /opt/airflow/dags/globalretail_etl_dag.py for tasks to queue
[2026-05-05T13:49:19.701+0000] {logging_mixin.py:188} INFO - [2026-05-05T13:49:19.701+0000] {dagbag.py:540} INFO - Filling up the DagBag from /opt/airflow/dags/globalretail_etl_dag.py
[2026-05-05T13:49:20.314+0000] {processor.py:840} INFO - DAG(s) 'globalretail_etl_pipeline' retrieved from /opt/airflow/dags/globalretail_etl_dag.py
[2026-05-05T13:49:20.336+0000] {logging_mixin.py:188} INFO - [2026-05-05T13:49:20.336+0000] {dag.py:3096} INFO - Sync 1 DAGs
[2026-05-05T13:49:20.355+0000] {logging_mixin.py:188} INFO - [2026-05-05T13:49:20.354+0000] {dag.py:3954} INFO - Setting next_dagrun for globalretail_etl_pipeline to 2026-05-05 00:00:00+00:00, run_after=2026-05-06 00:00:00+00:00
[2026-05-05T13:49:20.376+0000] {processor.py:183} INFO - Processing /opt/airflow/dags/globalretail_etl_dag.py took 0.683 seconds
[2026-05-05T13:49:50.440+0000] {processor.py:161} INFO - Started process (PID=4429) to work on /opt/airflow/dags/globalretail_etl_dag.py
[2026-05-05T13:49:50.441+0000] {processor.py:830} INFO - Processing file /opt/airflow/dags/globalretail_etl_dag.py for tasks to queue
[2026-05-05T13:49:50.443+0000] {logging_mixin.py:188} INFO - [2026-05-05T13:49:50.442+0000] {dagbag.py:540} INFO - Filling up the DagBag from /opt/airflow/dags/globalretail_etl_dag.py
[2026-05-05T13:49:51.013+0000] {processor.py:840} INFO - DAG(s) 'globalretail_etl_pipeline' retrieved from /opt/airflow/dags/globalretail_etl_dag.py
[2026-05-05T13:49:51.038+0000] {logging_mixin.py:188} INFO - [2026-05-05T13:49:51.037+0000] {dag.py:3096} INFO - Sync 1 DAGs
[2026-05-05T13:49:51.057+0000] {logging_mixin.py:188} INFO - [2026-05-05T13:49:51.057+0000] {dag.py:3954} INFO - Setting next_dagrun for globalretail_etl_pipeline to 2026-05-05 00:00:00+00:00, run_after=2026-05-06 00:00:00+00:00
[2026-05-05T13:49:51.077+0000] {processor.py:183} INFO - Processing /opt/airflow/dags/globalretail_etl_dag.py took 0.643 seconds
[2026-05-05T13:50:22.018+0000] {processor.py:161} INFO - Started process (PID=4448) to work on /opt/airflow/dags/globalretail_etl_dag.py
[2026-05-05T13:50:22.019+0000] {processor.py:830} INFO - Processing file /opt/airflow/dags/globalretail_etl_dag.py for tasks to queue
[2026-05-05T13:50:22.022+0000] {logging_mixin.py:188} INFO - [2026-05-05T13:50:22.021+0000] {dagbag.py:540} INFO - Filling up the DagBag from /opt/airflow/dags/globalretail_etl_dag.py
[2026-05-05T13:50:22.647+0000] {processor.py:840} INFO - DAG(s) 'globalretail_etl_pipeline' retrieved from /opt/airflow/dags/globalretail_etl_dag.py
[2026-05-05T13:50:22.670+0000] {logging_mixin.py:188} INFO - [2026-05-05T13:50:22.669+0000] {dag.py:3096} INFO - Sync 1 DAGs
[2026-05-05T13:50:22.690+0000] {logging_mixin.py:188} INFO - [2026-05-05T13:50:22.689+0000] {dag.py:3954} INFO - Setting next_dagrun for globalretail_etl_pipeline to 2026-05-05 00:00:00+00:00, run_after=2026-05-06 00:00:00+00:00
[2026-05-05T13:50:22.711+0000] {processor.py:183} INFO - Processing /opt/airflow/dags/globalretail_etl_dag.py took 0.699 seconds
[2026-05-05T13:50:52.775+0000] {processor.py:161} INFO - Started process (PID=4461) to work on /opt/airflow/dags/globalretail_etl_dag.py
[2026-05-05T13:50:52.776+0000] {processor.py:830} INFO - Processing file /opt/airflow/dags/globalretail_etl_dag.py for tasks to queue
[2026-05-05T13:50:52.778+0000] {logging_mixin.py:188} INFO - [2026-05-05T13:50:52.778+0000] {dagbag.py:540} INFO - Filling up the DagBag from /opt/airflow/dags/globalretail_etl_dag.py
[2026-05-05T13:50:53.364+0000] {processor.py:840} INFO - DAG(s) 'globalretail_etl_pipeline' retrieved from /opt/airflow/dags/globalretail_etl_dag.py
[2026-05-05T13:50:53.387+0000] {logging_mixin.py:188} INFO - [2026-05-05T13:50:53.387+0000] {dag.py:3096} INFO - Sync 1 DAGs
[2026-05-05T13:50:53.408+0000] {logging_mixin.py:188} INFO - [2026-05-05T13:50:53.407+0000] {dag.py:3954} INFO - Setting next_dagrun for globalretail_etl_pipeline to 2026-05-05 00:00:00+00:00, run_after=2026-05-06 00:00:00+00:00
[2026-05-05T13:50:53.425+0000] {processor.py:183} INFO - Processing /opt/airflow/dags/globalretail_etl_dag.py took 0.656 seconds
[2026-05-05T13:51:24.140+0000] {processor.py:161} INFO - Started process (PID=4480) to work on /opt/airflow/dags/globalretail_etl_dag.py
[2026-05-05T13:51:24.142+0000] {processor.py:830} INFO - Processing file /opt/airflow/dags/globalretail_etl_dag.py for tasks to queue
[2026-05-05T13:51:24.144+0000] {logging_mixin.py:188} INFO - [2026-05-05T13:51:24.144+0000] {dagbag.py:540} INFO - Filling up the DagBag from /opt/airflow/dags/globalretail_etl_dag.py
[2026-05-05T13:51:24.699+0000] {processor.py:840} INFO - DAG(s) 'globalretail_etl_pipeline' retrieved from /opt/airflow/dags/globalretail_etl_dag.py
[2026-05-05T13:51:24.726+0000] {logging_mixin.py:188} INFO - [2026-05-05T13:51:24.725+0000] {dag.py:3096} INFO - Sync 1 DAGs
[2026-05-05T13:51:24.745+0000] {logging_mixin.py:188} INFO - [2026-05-05T13:51:24.745+0000] {dag.py:3954} INFO - Setting next_dagrun for globalretail_etl_pipeline to 2026-05-05 00:00:00+00:00, run_after=2026-05-06 00:00:00+00:00
[2026-05-05T13:51:25.927+0000] {processor.py:183} INFO - Processing /opt/airflow/dags/globalretail_etl_dag.py took 1.794 seconds
[2026-05-05T13:51:56.002+0000] {processor.py:161} INFO - Started process (PID=4499) to work on /opt/airflow/dags/globalretail_etl_dag.py
[2026-05-05T13:51:56.003+0000] {processor.py:830} INFO - Processing file /opt/airflow/dags/globalretail_etl_dag.py for tasks to queue
[2026-05-05T13:51:56.005+0000] {logging_mixin.py:188} INFO - [2026-05-05T13:51:56.005+0000] {dagbag.py:540} INFO - Filling up the DagBag from /opt/airflow/dags/globalretail_etl_dag.py
[2026-05-05T13:51:56.561+0000] {processor.py:840} INFO - DAG(s) 'globalretail_etl_pipeline' retrieved from /opt/airflow/dags/globalretail_etl_dag.py
[2026-05-05T13:51:56.582+0000] {logging_mixin.py:188} INFO - [2026-05-05T13:51:56.582+0000] {dag.py:3096} INFO - Sync 1 DAGs
[2026-05-05T13:51:56.600+0000] {logging_mixin.py:188} INFO - [2026-05-05T13:51:56.600+0000] {dag.py:3954} INFO - Setting next_dagrun for globalretail_etl_pipeline to 2026-05-05 00:00:00+00:00, run_after=2026-05-06 00:00:00+00:00
[2026-05-05T13:51:56.618+0000] {processor.py:183} INFO - Processing /opt/airflow/dags/globalretail_etl_dag.py took 0.621 seconds
[2026-05-05T13:52:27.588+0000] {processor.py:161} INFO - Started process (PID=4518) to work on /opt/airflow/dags/globalretail_etl_dag.py
[2026-05-05T13:52:27.590+0000] {processor.py:830} INFO - Processing file /opt/airflow/dags/globalretail_etl_dag.py for tasks to queue
[2026-05-05T13:52:27.592+0000] {logging_mixin.py:188} INFO - [2026-05-05T13:52:27.591+0000] {dagbag.py:540} INFO - Filling up the DagBag from /opt/airflow/dags/globalretail_etl_dag.py
[2026-05-05T13:52:28.132+0000] {processor.py:840} INFO - DAG(s) 'globalretail_etl_pipeline' retrieved from /opt/airflow/dags/globalretail_etl_dag.py
[2026-05-05T13:52:28.154+0000] {logging_mixin.py:188} INFO - [2026-05-05T13:52:28.154+0000] {dag.py:3096} INFO - Sync 1 DAGs
[2026-05-05T13:52:28.172+0000] {logging_mixin.py:188} INFO - [2026-05-05T13:52:28.172+0000] {dag.py:3954} INFO - Setting next_dagrun for globalretail_etl_pipeline to 2026-05-05 00:00:00+00:00, run_after=2026-05-06 00:00:00+00:00
[2026-05-05T13:52:28.192+0000] {processor.py:183} INFO - Processing /opt/airflow/dags/globalretail_etl_dag.py took 0.609 seconds
[2026-05-05T13:52:58.261+0000] {processor.py:161} INFO - Started process (PID=4537) to work on /opt/airflow/dags/globalretail_etl_dag.py
[2026-05-05T13:52:58.262+0000] {processor.py:830} INFO - Processing file /opt/airflow/dags/globalretail_etl_dag.py for tasks to queue
[2026-05-05T13:52:58.264+0000] {logging_mixin.py:188} INFO - [2026-05-05T13:52:58.264+0000] {dagbag.py:540} INFO - Filling up the DagBag from /opt/airflow/dags/globalretail_etl_dag.py
[2026-05-05T13:52:58.816+0000] {processor.py:840} INFO - DAG(s) 'globalretail_etl_pipeline' retrieved from /opt/airflow/dags/globalretail_etl_dag.py
[2026-05-05T13:52:58.839+0000] {logging_mixin.py:188} INFO - [2026-05-05T13:52:58.839+0000] {dag.py:3096} INFO - Sync 1 DAGs
[2026-05-05T13:52:58.858+0000] {logging_mixin.py:188} INFO - [2026-05-05T13:52:58.858+0000] {dag.py:3954} INFO - Setting next_dagrun for globalretail_etl_pipeline to 2026-05-05 00:00:00+00:00, run_after=2026-05-06 00:00:00+00:00
[2026-05-05T13:52:58.876+0000] {processor.py:183} INFO - Processing /opt/airflow/dags/globalretail_etl_dag.py took 0.620 seconds
[2026-05-05T13:53:29.328+0000] {processor.py:161} INFO - Started process (PID=4557) to work on /opt/airflow/dags/globalretail_etl_dag.py
[2026-05-05T13:53:29.329+0000] {processor.py:830} INFO - Processing file /opt/airflow/dags/globalretail_etl_dag.py for tasks to queue
[2026-05-05T13:53:29.331+0000] {logging_mixin.py:188} INFO - [2026-05-05T13:53:29.331+0000] {dagbag.py:540} INFO - Filling up the DagBag from /opt/airflow/dags/globalretail_etl_dag.py
[2026-05-05T13:53:29.874+0000] {processor.py:840} INFO - DAG(s) 'globalretail_etl_pipeline' retrieved from /opt/airflow/dags/globalretail_etl_dag.py
[2026-05-05T13:53:29.897+0000] {logging_mixin.py:188} INFO - [2026-05-05T13:53:29.896+0000] {dag.py:3096} INFO - Sync 1 DAGs
[2026-05-05T13:53:29.915+0000] {logging_mixin.py:188} INFO - [2026-05-05T13:53:29.915+0000] {dag.py:3954} INFO - Setting next_dagrun for globalretail_etl_pipeline to 2026-05-05 00:00:00+00:00, run_after=2026-05-06 00:00:00+00:00
[2026-05-05T13:53:29.933+0000] {processor.py:183} INFO - Processing /opt/airflow/dags/globalretail_etl_dag.py took 0.611 seconds
[2026-05-05T13:54:00.235+0000] {processor.py:161} INFO - Started process (PID=4576) to work on /opt/airflow/dags/globalretail_etl_dag.py
[2026-05-05T13:54:00.236+0000] {processor.py:830} INFO - Processing file /opt/airflow/dags/globalretail_etl_dag.py for tasks to queue
[2026-05-05T13:54:00.238+0000] {logging_mixin.py:188} INFO - [2026-05-05T13:54:00.238+0000] {dagbag.py:540} INFO - Filling up the DagBag from /opt/airflow/dags/globalretail_etl_dag.py
[2026-05-05T13:54:00.834+0000] {processor.py:840} INFO - DAG(s) 'globalretail_etl_pipeline' retrieved from /opt/airflow/dags/globalretail_etl_dag.py
[2026-05-05T13:54:00.859+0000] {logging_mixin.py:188} INFO - [2026-05-05T13:54:00.859+0000] {dag.py:3096} INFO - Sync 1 DAGs
[2026-05-05T13:54:00.878+0000] {logging_mixin.py:188} INFO - [2026-05-05T13:54:00.878+0000] {dag.py:3954} INFO - Setting next_dagrun for globalretail_etl_pipeline to 2026-05-05 00:00:00+00:00, run_after=2026-05-06 00:00:00+00:00
[2026-05-05T13:54:00.900+0000] {processor.py:183} INFO - Processing /opt/airflow/dags/globalretail_etl_dag.py took 0.671 seconds
[2026-05-05T13:54:31.019+0000] {processor.py:161} INFO - Started process (PID=4589) to work on /opt/airflow/dags/globalretail_etl_dag.py
[2026-05-05T13:54:31.021+0000] {processor.py:830} INFO - Processing file /opt/airflow/dags/globalretail_etl_dag.py for tasks to queue
[2026-05-05T13:54:31.025+0000] {logging_mixin.py:188} INFO - [2026-05-05T13:54:31.024+0000] {dagbag.py:540} INFO - Filling up the DagBag from /opt/airflow/dags/globalretail_etl_dag.py
[2026-05-05T13:54:31.696+0000] {processor.py:840} INFO - DAG(s) 'globalretail_etl_pipeline' retrieved from /opt/airflow/dags/globalretail_etl_dag.py
[2026-05-05T13:54:31.721+0000] {logging_mixin.py:188} INFO - [2026-05-05T13:54:31.720+0000] {dag.py:3096} INFO - Sync 1 DAGs
[2026-05-05T13:54:31.744+0000] {logging_mixin.py:188} INFO - [2026-05-05T13:54:31.744+0000] {dag.py:3954} INFO - Setting next_dagrun for globalretail_etl_pipeline to 2026-05-05 00:00:00+00:00, run_after=2026-05-06 00:00:00+00:00
[2026-05-05T13:54:31.772+0000] {processor.py:183} INFO - Processing /opt/airflow/dags/globalretail_etl_dag.py took 0.761 seconds
[2026-05-05T13:55:02.837+0000] {processor.py:161} INFO - Started process (PID=4608) to work on /opt/airflow/dags/globalretail_etl_dag.py
[2026-05-05T13:55:02.838+0000] {processor.py:830} INFO - Processing file /opt/airflow/dags/globalretail_etl_dag.py for tasks to queue
[2026-05-05T13:55:02.841+0000] {logging_mixin.py:188} INFO - [2026-05-05T13:55:02.840+0000] {dagbag.py:540} INFO - Filling up the DagBag from /opt/airflow/dags/globalretail_etl_dag.py
[2026-05-05T13:55:03.404+0000] {processor.py:840} INFO - DAG(s) 'globalretail_etl_pipeline' retrieved from /opt/airflow/dags/globalretail_etl_dag.py
[2026-05-05T13:55:03.429+0000] {logging_mixin.py:188} INFO - [2026-05-05T13:55:03.428+0000] {dag.py:3096} INFO - Sync 1 DAGs
[2026-05-05T13:55:03.451+0000] {logging_mixin.py:188} INFO - [2026-05-05T13:55:03.451+0000] {dag.py:3954} INFO - Setting next_dagrun for globalretail_etl_pipeline to 2026-05-05 00:00:00+00:00, run_after=2026-05-06 00:00:00+00:00
[2026-05-05T13:55:03.473+0000] {processor.py:183} INFO - Processing /opt/airflow/dags/globalretail_etl_dag.py took 0.641 seconds
[2026-05-05T13:55:47.261+0000] {processor.py:161} INFO - Started process (PID=200) to work on /opt/airflow/dags/globalretail_etl_dag.py
[2026-05-05T13:55:47.263+0000] {processor.py:830} INFO - Processing file /opt/airflow/dags/globalretail_etl_dag.py for tasks to queue
[2026-05-05T13:55:47.266+0000] {logging_mixin.py:188} INFO - [2026-05-05T13:55:47.265+0000] {dagbag.py:540} INFO - Filling up the DagBag from /opt/airflow/dags/globalretail_etl_dag.py
[2026-05-05T13:55:48.397+0000] {processor.py:840} INFO - DAG(s) 'globalretail_etl_pipeline' retrieved from /opt/airflow/dags/globalretail_etl_dag.py
[2026-05-05T13:55:48.446+0000] {logging_mixin.py:188} INFO - [2026-05-05T13:55:48.445+0000] {dag.py:3096} INFO - Sync 1 DAGs
[2026-05-05T13:55:48.472+0000] {logging_mixin.py:188} INFO - [2026-05-05T13:55:48.472+0000] {dag.py:3954} INFO - Setting next_dagrun for globalretail_etl_pipeline to 2026-05-05 00:00:00+00:00, run_after=2026-05-06 00:00:00+00:00
[2026-05-05T13:55:48.498+0000] {processor.py:183} INFO - Processing /opt/airflow/dags/globalretail_etl_dag.py took 1.247 seconds
[2026-05-05T13:56:18.711+0000] {processor.py:161} INFO - Started process (PID=220) to work on /opt/airflow/dags/globalretail_etl_dag.py
[2026-05-05T13:56:18.714+0000] {processor.py:830} INFO - Processing file /opt/airflow/dags/globalretail_etl_dag.py for tasks to queue
[2026-05-05T13:56:18.721+0000] {logging_mixin.py:188} INFO - [2026-05-05T13:56:18.720+0000] {dagbag.py:540} INFO - Filling up the DagBag from /opt/airflow/dags/globalretail_etl_dag.py
[2026-05-05T13:56:19.406+0000] {processor.py:840} INFO - DAG(s) 'globalretail_etl_pipeline' retrieved from /opt/airflow/dags/globalretail_etl_dag.py
[2026-05-05T13:56:19.432+0000] {logging_mixin.py:188} INFO - [2026-05-05T13:56:19.431+0000] {dag.py:3096} INFO - Sync 1 DAGs
[2026-05-05T13:56:19.453+0000] {logging_mixin.py:188} INFO - [2026-05-05T13:56:19.453+0000] {dag.py:3954} INFO - Setting next_dagrun for globalretail_etl_pipeline to 2026-05-05 00:00:00+00:00, run_after=2026-05-06 00:00:00+00:00
[2026-05-05T13:56:19.476+0000] {processor.py:183} INFO - Processing /opt/airflow/dags/globalretail_etl_dag.py took 0.783 seconds
[2026-05-05T13:56:49.621+0000] {processor.py:161} INFO - Started process (PID=232) to work on /opt/airflow/dags/globalretail_etl_dag.py
[2026-05-05T13:56:49.623+0000] {processor.py:830} INFO - Processing file /opt/airflow/dags/globalretail_etl_dag.py for tasks to queue
[2026-05-05T13:56:49.626+0000] {logging_mixin.py:188} INFO - [2026-05-05T13:56:49.625+0000] {dagbag.py:540} INFO - Filling up the DagBag from /opt/airflow/dags/globalretail_etl_dag.py
[2026-05-05T13:56:50.278+0000] {processor.py:840} INFO - DAG(s) 'globalretail_etl_pipeline' retrieved from /opt/airflow/dags/globalretail_etl_dag.py
[2026-05-05T13:56:50.302+0000] {logging_mixin.py:188} INFO - [2026-05-05T13:56:50.302+0000] {dag.py:3096} INFO - Sync 1 DAGs
[2026-05-05T13:56:50.325+0000] {logging_mixin.py:188} INFO - [2026-05-05T13:56:50.325+0000] {dag.py:3954} INFO - Setting next_dagrun for globalretail_etl_pipeline to 2026-05-05 00:00:00+00:00, run_after=2026-05-06 00:00:00+00:00
[2026-05-05T13:56:50.345+0000] {processor.py:183} INFO - Processing /opt/airflow/dags/globalretail_etl_dag.py took 0.731 seconds
[2026-05-05T13:57:20.600+0000] {processor.py:161} INFO - Started process (PID=251) to work on /opt/airflow/dags/globalretail_etl_dag.py
[2026-05-05T13:57:20.601+0000] {processor.py:830} INFO - Processing file /opt/airflow/dags/globalretail_etl_dag.py for tasks to queue
[2026-05-05T13:57:20.603+0000] {logging_mixin.py:188} INFO - [2026-05-05T13:57:20.602+0000] {dagbag.py:540} INFO - Filling up the DagBag from /opt/airflow/dags/globalretail_etl_dag.py
[2026-05-05T13:57:21.130+0000] {processor.py:840} INFO - DAG(s) 'globalretail_etl_pipeline' retrieved from /opt/airflow/dags/globalretail_etl_dag.py
[2026-05-05T13:57:21.151+0000] {logging_mixin.py:188} INFO - [2026-05-05T13:57:21.151+0000] {dag.py:3096} INFO - Sync 1 DAGs
[2026-05-05T13:57:21.168+0000] {logging_mixin.py:188} INFO - [2026-05-05T13:57:21.168+0000] {dag.py:3954} INFO - Setting next_dagrun for globalretail_etl_pipeline to 2026-05-05 00:00:00+00:00, run_after=2026-05-06 00:00:00+00:00
[2026-05-05T13:57:21.186+0000] {processor.py:183} INFO - Processing /opt/airflow/dags/globalretail_etl_dag.py took 0.591 seconds
[2026-05-05T13:57:51.395+0000] {processor.py:161} INFO - Started process (PID=270) to work on /opt/airflow/dags/globalretail_etl_dag.py
[2026-05-05T13:57:51.396+0000] {processor.py:830} INFO - Processing file /opt/airflow/dags/globalretail_etl_dag.py for tasks to queue
[2026-05-05T13:57:51.398+0000] {logging_mixin.py:188} INFO - [2026-05-05T13:57:51.398+0000] {dagbag.py:540} INFO - Filling up the DagBag from /opt/airflow/dags/globalretail_etl_dag.py
[2026-05-05T13:57:51.974+0000] {processor.py:840} INFO - DAG(s) 'globalretail_etl_pipeline' retrieved from /opt/airflow/dags/globalretail_etl_dag.py
[2026-05-05T13:57:51.996+0000] {logging_mixin.py:188} INFO - [2026-05-05T13:57:51.996+0000] {dag.py:3096} INFO - Sync 1 DAGs
[2026-05-05T13:57:52.014+0000] {logging_mixin.py:188} INFO - [2026-05-05T13:57:52.013+0000] {dag.py:3954} INFO - Setting next_dagrun for globalretail_etl_pipeline to 2026-05-05 00:00:00+00:00, run_after=2026-05-06 00:00:00+00:00
[2026-05-05T13:57:52.032+0000] {processor.py:183} INFO - Processing /opt/airflow/dags/globalretail_etl_dag.py took 0.643 seconds
[2026-05-05T13:58:22.225+0000] {processor.py:161} INFO - Started process (PID=289) to work on /opt/airflow/dags/globalretail_etl_dag.py
[2026-05-05T13:58:22.226+0000] {processor.py:830} INFO - Processing file /opt/airflow/dags/globalretail_etl_dag.py for tasks to queue
[2026-05-05T13:58:22.232+0000] {logging_mixin.py:188} INFO - [2026-05-05T13:58:22.231+0000] {dagbag.py:540} INFO - Filling up the DagBag from /opt/airflow/dags/globalretail_etl_dag.py
[2026-05-05T13:58:22.992+0000] {processor.py:840} INFO - DAG(s) 'globalretail_etl_pipeline' retrieved from /opt/airflow/dags/globalretail_etl_dag.py
[2026-05-05T13:58:23.015+0000] {logging_mixin.py:188} INFO - [2026-05-05T13:58:23.014+0000] {dag.py:3096} INFO - Sync 1 DAGs
[2026-05-05T13:58:23.034+0000] {logging_mixin.py:188} INFO - [2026-05-05T13:58:23.033+0000] {dag.py:3954} INFO - Setting next_dagrun for globalretail_etl_pipeline to 2026-05-05 00:00:00+00:00, run_after=2026-05-06 00:00:00+00:00
[2026-05-05T13:58:23.054+0000] {processor.py:183} INFO - Processing /opt/airflow/dags/globalretail_etl_dag.py took 0.842 seconds
[2026-05-05T13:58:53.138+0000] {processor.py:161} INFO - Started process (PID=308) to work on /opt/airflow/dags/globalretail_etl_dag.py
[2026-05-05T13:58:53.140+0000] {processor.py:830} INFO - Processing file /opt/airflow/dags/globalretail_etl_dag.py for tasks to queue
[2026-05-05T13:58:53.142+0000] {logging_mixin.py:188} INFO - [2026-05-05T13:58:53.142+0000] {dagbag.py:540} INFO - Filling up the DagBag from /opt/airflow/dags/globalretail_etl_dag.py
[2026-05-05T13:58:53.732+0000] {processor.py:840} INFO - DAG(s) 'globalretail_etl_pipeline' retrieved from /opt/airflow/dags/globalretail_etl_dag.py
[2026-05-05T13:58:53.756+0000] {logging_mixin.py:188} INFO - [2026-05-05T13:58:53.756+0000] {dag.py:3096} INFO - Sync 1 DAGs
[2026-05-05T13:58:53.777+0000] {logging_mixin.py:188} INFO - [2026-05-05T13:58:53.777+0000] {dag.py:3954} INFO - Setting next_dagrun for globalretail_etl_pipeline to 2026-05-05 00:00:00+00:00, run_after=2026-05-06 00:00:00+00:00
[2026-05-05T13:58:53.798+0000] {processor.py:183} INFO - Processing /opt/airflow/dags/globalretail_etl_dag.py took 0.666 seconds
[2026-05-05T13:59:23.905+0000] {processor.py:161} INFO - Started process (PID=322) to work on /opt/airflow/dags/globalretail_etl_dag.py
[2026-05-05T13:59:23.906+0000] {processor.py:830} INFO - Processing file /opt/airflow/dags/globalretail_etl_dag.py for tasks to queue
[2026-05-05T13:59:23.908+0000] {logging_mixin.py:188} INFO - [2026-05-05T13:59:23.908+0000] {dagbag.py:540} INFO - Filling up the DagBag from /opt/airflow/dags/globalretail_etl_dag.py
[2026-05-05T13:59:24.386+0000] {processor.py:840} INFO - DAG(s) 'globalretail_etl_pipeline' retrieved from /opt/airflow/dags/globalretail_etl_dag.py
[2026-05-05T13:59:24.406+0000] {logging_mixin.py:188} INFO - [2026-05-05T13:59:24.406+0000] {dag.py:3096} INFO - Sync 1 DAGs
[2026-05-05T13:59:24.425+0000] {logging_mixin.py:188} INFO - [2026-05-05T13:59:24.424+0000] {dag.py:3954} INFO - Setting next_dagrun for globalretail_etl_pipeline to 2026-05-05 00:00:00+00:00, run_after=2026-05-06 00:00:00+00:00
[2026-05-05T13:59:24.441+0000] {processor.py:183} INFO - Processing /opt/airflow/dags/globalretail_etl_dag.py took 0.541 seconds
[2026-05-05T13:59:54.539+0000] {processor.py:161} INFO - Started process (PID=341) to work on /opt/airflow/dags/globalretail_etl_dag.py
[2026-05-05T13:59:54.540+0000] {processor.py:830} INFO - Processing file /opt/airflow/dags/globalretail_etl_dag.py for tasks to queue
[2026-05-05T13:59:54.542+0000] {logging_mixin.py:188} INFO - [2026-05-05T13:59:54.542+0000] {dagbag.py:540} INFO - Filling up the DagBag from /opt/airflow/dags/globalretail_etl_dag.py
[2026-05-05T13:59:55.088+0000] {processor.py:840} INFO - DAG(s) 'globalretail_etl_pipeline' retrieved from /opt/airflow/dags/globalretail_etl_dag.py
[2026-05-05T13:59:55.112+0000] {logging_mixin.py:188} INFO - [2026-05-05T13:59:55.112+0000] {dag.py:3096} INFO - Sync 1 DAGs
[2026-05-05T13:59:55.137+0000] {logging_mixin.py:188} INFO - [2026-05-05T13:59:55.137+0000] {dag.py:3954} INFO - Setting next_dagrun for globalretail_etl_pipeline to 2026-05-05 00:00:00+00:00, run_after=2026-05-06 00:00:00+00:00
[2026-05-05T13:59:55.159+0000] {processor.py:183} INFO - Processing /opt/airflow/dags/globalretail_etl_dag.py took 0.626 seconds
[2026-05-05T14:00:25.331+0000] {processor.py:161} INFO - Started process (PID=361) to work on /opt/airflow/dags/globalretail_etl_dag.py
[2026-05-05T14:00:25.332+0000] {processor.py:830} INFO - Processing file /opt/airflow/dags/globalretail_etl_dag.py for tasks to queue
[2026-05-05T14:00:25.334+0000] {logging_mixin.py:188} INFO - [2026-05-05T14:00:25.334+0000] {dagbag.py:540} INFO - Filling up the DagBag from /opt/airflow/dags/globalretail_etl_dag.py
[2026-05-05T14:00:25.855+0000] {processor.py:840} INFO - DAG(s) 'globalretail_etl_pipeline' retrieved from /opt/airflow/dags/globalretail_etl_dag.py
[2026-05-05T14:00:25.877+0000] {logging_mixin.py:188} INFO - [2026-05-05T14:00:25.876+0000] {dag.py:3096} INFO - Sync 1 DAGs
[2026-05-05T14:00:25.894+0000] {logging_mixin.py:188} INFO - [2026-05-05T14:00:25.894+0000] {dag.py:3954} INFO - Setting next_dagrun for globalretail_etl_pipeline to 2026-05-05 00:00:00+00:00, run_after=2026-05-06 00:00:00+00:00
[2026-05-05T14:00:25.910+0000] {processor.py:183} INFO - Processing /opt/airflow/dags/globalretail_etl_dag.py took 0.584 seconds
[2026-05-05T14:00:56.661+0000] {processor.py:161} INFO - Started process (PID=380) to work on /opt/airflow/dags/globalretail_etl_dag.py
[2026-05-05T14:00:56.662+0000] {processor.py:830} INFO - Processing file /opt/airflow/dags/globalretail_etl_dag.py for tasks to queue
[2026-05-05T14:00:56.664+0000] {logging_mixin.py:188} INFO - [2026-05-05T14:00:56.663+0000] {dagbag.py:540} INFO - Filling up the DagBag from /opt/airflow/dags/globalretail_etl_dag.py
[2026-05-05T14:00:57.224+0000] {processor.py:840} INFO - DAG(s) 'globalretail_etl_pipeline' retrieved from /opt/airflow/dags/globalretail_etl_dag.py
[2026-05-05T14:00:57.246+0000] {logging_mixin.py:188} INFO - [2026-05-05T14:00:57.245+0000] {dag.py:3096} INFO - Sync 1 DAGs
[2026-05-05T14:00:57.263+0000] {logging_mixin.py:188} INFO - [2026-05-05T14:00:57.263+0000] {dag.py:3954} INFO - Setting next_dagrun for globalretail_etl_pipeline to 2026-05-05 00:00:00+00:00, run_after=2026-05-06 00:00:00+00:00
[2026-05-05T14:00:57.282+0000] {processor.py:183} INFO - Processing /opt/airflow/dags/globalretail_etl_dag.py took 0.627 seconds
[2026-05-05T14:01:27.354+0000] {processor.py:161} INFO - Started process (PID=399) to work on /opt/airflow/dags/globalretail_etl_dag.py
[2026-05-05T14:01:27.355+0000] {processor.py:830} INFO - Processing file /opt/airflow/dags/globalretail_etl_dag.py for tasks to queue
[2026-05-05T14:01:27.357+0000] {logging_mixin.py:188} INFO - [2026-05-05T14:01:27.356+0000] {dagbag.py:540} INFO - Filling up the DagBag from /opt/airflow/dags/globalretail_etl_dag.py
[2026-05-05T14:01:27.744+0000] {processor.py:840} INFO - DAG(s) 'globalretail_etl_pipeline' retrieved from /opt/airflow/dags/globalretail_etl_dag.py
[2026-05-05T14:01:27.768+0000] {logging_mixin.py:188} INFO - [2026-05-05T14:01:27.768+0000] {dag.py:3096} INFO - Sync 1 DAGs
[2026-05-05T14:01:27.786+0000] {logging_mixin.py:188} INFO - [2026-05-05T14:01:27.786+0000] {dag.py:3954} INFO - Setting next_dagrun for globalretail_etl_pipeline to 2026-05-05 00:00:00+00:00, run_after=2026-05-06 00:00:00+00:00
[2026-05-05T14:01:27.805+0000] {processor.py:183} INFO - Processing /opt/airflow/dags/globalretail_etl_dag.py took 0.590 seconds
[2026-05-05T14:01:57.938+0000] {processor.py:161} INFO - Started process (PID=419) to work on /opt/airflow/dags/globalretail_etl_dag.py
[2026-05-05T14:01:57.939+0000] {processor.py:830} INFO - Processing file /opt/airflow/dags/globalretail_etl_dag.py for tasks to queue
[2026-05-05T14:01:57.941+0000] {logging_mixin.py:188} INFO - [2026-05-05T14:01:57.940+0000] {dagbag.py:540} INFO - Filling up the DagBag from /opt/airflow/dags/globalretail_etl_dag.py
[2026-05-05T14:01:58.431+0000] {processor.py:840} INFO - DAG(s) 'globalretail_etl_pipeline' retrieved from /opt/airflow/dags/globalretail_etl_dag.py
[2026-05-05T14:01:58.452+0000] {logging_mixin.py:188} INFO - [2026-05-05T14:01:58.452+0000] {dag.py:3096} INFO - Sync 1 DAGs
[2026-05-05T14:01:58.471+0000] {logging_mixin.py:188} INFO - [2026-05-05T14:01:58.470+0000] {dag.py:3954} INFO - Setting next_dagrun for globalretail_etl_pipeline to 2026-05-05 00:00:00+00:00, run_after=2026-05-06 00:00:00+00:00
[2026-05-05T14:01:58.489+0000] {processor.py:183} INFO - Processing /opt/airflow/dags/globalretail_etl_dag.py took 0.556 seconds
[2026-05-05T14:02:28.545+0000] {processor.py:161} INFO - Started process (PID=432) to work on /opt/airflow/dags/globalretail_etl_dag.py
[2026-05-05T14:02:28.546+0000] {processor.py:830} INFO - Processing file /opt/airflow/dags/globalretail_etl_dag.py for tasks to queue
[2026-05-05T14:02:28.547+0000] {logging_mixin.py:188} INFO - [2026-05-05T14:02:28.547+0000] {dagbag.py:540} INFO - Filling up the DagBag from /opt/airflow/dags/globalretail_etl_dag.py
[2026-05-05T14:02:29.112+0000] {processor.py:840} INFO - DAG(s) 'globalretail_etl_pipeline' retrieved from /opt/airflow/dags/globalretail_etl_dag.py
[2026-05-05T14:02:29.134+0000] {logging_mixin.py:188} INFO - [2026-05-05T14:02:29.133+0000] {dag.py:3096} INFO - Sync 1 DAGs
[2026-05-05T14:02:29.152+0000] {logging_mixin.py:188} INFO - [2026-05-05T14:02:29.152+0000] {dag.py:3954} INFO - Setting next_dagrun for globalretail_etl_pipeline to 2026-05-05 00:00:00+00:00, run_after=2026-05-06 00:00:00+00:00
[2026-05-05T14:02:29.170+0000] {processor.py:183} INFO - Processing /opt/airflow/dags/globalretail_etl_dag.py took 0.630 seconds
[2026-05-05T14:02:59.271+0000] {processor.py:161} INFO - Started process (PID=451) to work on /opt/airflow/dags/globalretail_etl_dag.py
[2026-05-05T14:02:59.272+0000] {processor.py:830} INFO - Processing file /opt/airflow/dags/globalretail_etl_dag.py for tasks to queue
[2026-05-05T14:02:59.274+0000] {logging_mixin.py:188} INFO - [2026-05-05T14:02:59.274+0000] {dagbag.py:540} INFO - Filling up the DagBag from /opt/airflow/dags/globalretail_etl_dag.py
[2026-05-05T14:02:59.787+0000] {processor.py:840} INFO - DAG(s) 'globalretail_etl_pipeline' retrieved from /opt/airflow/dags/globalretail_etl_dag.py
[2026-05-05T14:02:59.808+0000] {logging_mixin.py:188} INFO - [2026-05-05T14:02:59.807+0000] {dag.py:3096} INFO - Sync 1 DAGs
[2026-05-05T14:02:59.824+0000] {logging_mixin.py:188} INFO - [2026-05-05T14:02:59.824+0000] {dag.py:3954} INFO - Setting next_dagrun for globalretail_etl_pipeline to 2026-05-05 00:00:00+00:00, run_after=2026-05-06 00:00:00+00:00
[2026-05-05T14:02:59.840+0000] {processor.py:183} INFO - Processing /opt/airflow/dags/globalretail_etl_dag.py took 0.575 seconds
[2026-05-05T14:03:29.909+0000] {processor.py:161} INFO - Started process (PID=471) to work on /opt/airflow/dags/globalretail_etl_dag.py
[2026-05-05T14:03:29.910+0000] {processor.py:830} INFO - Processing file /opt/airflow/dags/globalretail_etl_dag.py for tasks to queue
[2026-05-05T14:03:29.912+0000] {logging_mixin.py:188} INFO - [2026-05-05T14:03:29.912+0000] {dagbag.py:540} INFO - Filling up the DagBag from /opt/airflow/dags/globalretail_etl_dag.py
[2026-05-05T14:03:30.434+0000] {processor.py:840} INFO - DAG(s) 'globalretail_etl_pipeline' retrieved from /opt/airflow/dags/globalretail_etl_dag.py
[2026-05-05T14:03:30.456+0000] {logging_mixin.py:188} INFO - [2026-05-05T14:03:30.455+0000] {dag.py:3096} INFO - Sync 1 DAGs
[2026-05-05T14:03:30.474+0000] {logging_mixin.py:188} INFO - [2026-05-05T14:03:30.473+0000] {dag.py:3954} INFO - Setting next_dagrun for globalretail_etl_pipeline to 2026-05-05 00:00:00+00:00, run_after=2026-05-06 00:00:00+00:00
[2026-05-05T14:03:30.490+0000] {processor.py:183} INFO - Processing /opt/airflow/dags/globalretail_etl_dag.py took 0.586 seconds
[2026-05-05T14:04:00.862+0000] {processor.py:161} INFO - Started process (PID=491) to work on /opt/airflow/dags/globalretail_etl_dag.py
[2026-05-05T14:04:00.863+0000] {processor.py:830} INFO - Processing file /opt/airflow/dags/globalretail_etl_dag.py for tasks to queue
[2026-05-05T14:04:00.865+0000] {logging_mixin.py:188} INFO - [2026-05-05T14:04:00.865+0000] {dagbag.py:540} INFO - Filling up the DagBag from /opt/airflow/dags/globalretail_etl_dag.py
[2026-05-05T14:04:01.401+0000] {processor.py:840} INFO - DAG(s) 'globalretail_etl_pipeline' retrieved from /opt/airflow/dags/globalretail_etl_dag.py
[2026-05-05T14:04:01.422+0000] {logging_mixin.py:188} INFO - [2026-05-05T14:04:01.421+0000] {dag.py:3096} INFO - Sync 1 DAGs
[2026-05-05T14:04:01.440+0000] {logging_mixin.py:188} INFO - [2026-05-05T14:04:01.440+0000] {dag.py:3954} INFO - Setting next_dagrun for globalretail_etl_pipeline to 2026-05-05 00:00:00+00:00, run_after=2026-05-06 00:00:00+00:00
[2026-05-05T14:04:01.457+0000] {processor.py:183} INFO - Processing /opt/airflow/dags/globalretail_etl_dag.py took 0.601 seconds
[2026-05-05T14:04:32.174+0000] {processor.py:161} INFO - Started process (PID=510) to work on /opt/airflow/dags/globalretail_etl_dag.py
[2026-05-05T14:04:32.175+0000] {processor.py:830} INFO - Processing file /opt/airflow/dags/globalretail_etl_dag.py for tasks to queue
[2026-05-05T14:04:32.177+0000] {logging_mixin.py:188} INFO - [2026-05-05T14:04:32.176+0000] {dagbag.py:540} INFO - Filling up the DagBag from /opt/airflow/dags/globalretail_etl_dag.py
[2026-05-05T14:04:32.714+0000] {processor.py:840} INFO - DAG(s) 'globalretail_etl_pipeline' retrieved from /opt/airflow/dags/globalretail_etl_dag.py
[2026-05-05T14:04:32.737+0000] {logging_mixin.py:188} INFO - [2026-05-05T14:04:32.737+0000] {dag.py:3096} INFO - Sync 1 DAGs
[2026-05-05T14:04:32.756+0000] {logging_mixin.py:188} INFO - [2026-05-05T14:04:32.756+0000] {dag.py:3954} INFO - Setting next_dagrun for globalretail_etl_pipeline to 2026-05-05 00:00:00+00:00, run_after=2026-05-06 00:00:00+00:00
[2026-05-05T14:04:32.774+0000] {processor.py:183} INFO - Processing /opt/airflow/dags/globalretail_etl_dag.py took 0.606 seconds
[2026-05-05T14:05:03.034+0000] {processor.py:161} INFO - Started process (PID=529) to work on /opt/airflow/dags/globalretail_etl_dag.py
[2026-05-05T14:05:03.035+0000] {processor.py:830} INFO - Processing file /opt/airflow/dags/globalretail_etl_dag.py for tasks to queue
[2026-05-05T14:05:03.037+0000] {logging_mixin.py:188} INFO - [2026-05-05T14:05:03.036+0000] {dagbag.py:540} INFO - Filling up the DagBag from /opt/airflow/dags/globalretail_etl_dag.py
[2026-05-05T14:05:03.581+0000] {processor.py:840} INFO - DAG(s) 'globalretail_etl_pipeline' retrieved from /opt/airflow/dags/globalretail_etl_dag.py
[2026-05-05T14:05:03.606+0000] {logging_mixin.py:188} INFO - [2026-05-05T14:05:03.605+0000] {dag.py:3096} INFO - Sync 1 DAGs
[2026-05-05T14:05:03.625+0000] {logging_mixin.py:188} INFO - [2026-05-05T14:05:03.624+0000] {dag.py:3954} INFO - Setting next_dagrun for globalretail_etl_pipeline to 2026-05-05 00:00:00+00:00, run_after=2026-05-06 00:00:00+00:00
[2026-05-05T14:05:03.645+0000] {processor.py:183} INFO - Processing /opt/airflow/dags/globalretail_etl_dag.py took 0.616 seconds
[2026-05-05T14:05:34.442+0000] {processor.py:161} INFO - Started process (PID=548) to work on /opt/airflow/dags/globalretail_etl_dag.py
[2026-05-05T14:05:34.443+0000] {processor.py:830} INFO - Processing file /opt/airflow/dags/globalretail_etl_dag.py for tasks to queue
[2026-05-05T14:05:34.445+0000] {logging_mixin.py:188} INFO - [2026-05-05T14:05:34.445+0000] {dagbag.py:540} INFO - Filling up the DagBag from /opt/airflow/dags/globalretail_etl_dag.py
[2026-05-05T14:05:34.948+0000] {processor.py:840} INFO - DAG(s) 'globalretail_etl_pipeline' retrieved from /opt/airflow/dags/globalretail_etl_dag.py
[2026-05-05T14:05:34.969+0000] {logging_mixin.py:188} INFO - [2026-05-05T14:05:34.968+0000] {dag.py:3096} INFO - Sync 1 DAGs
[2026-05-05T14:05:34.988+0000] {logging_mixin.py:188} INFO - [2026-05-05T14:05:34.988+0000] {dag.py:3954} INFO - Setting next_dagrun for globalretail_etl_pipeline to 2026-05-05 00:00:00+00:00, run_after=2026-05-06 00:00:00+00:00
[2026-05-05T14:05:35.007+0000] {processor.py:183} INFO - Processing /opt/airflow/dags/globalretail_etl_dag.py took 0.571 seconds
[2026-05-05T14:06:05.661+0000] {processor.py:161} INFO - Started process (PID=561) to work on /opt/airflow/dags/globalretail_etl_dag.py
[2026-05-05T14:06:05.662+0000] {processor.py:830} INFO - Processing file /opt/airflow/dags/globalretail_etl_dag.py for tasks to queue
[2026-05-05T14:06:05.664+0000] {logging_mixin.py:188} INFO - [2026-05-05T14:06:05.664+0000] {dagbag.py:540} INFO - Filling up the DagBag from /opt/airflow/dags/globalretail_etl_dag.py
[2026-05-05T14:06:06.222+0000] {processor.py:840} INFO - DAG(s) 'globalretail_etl_pipeline' retrieved from /opt/airflow/dags/globalretail_etl_dag.py
[2026-05-05T14:06:06.244+0000] {logging_mixin.py:188} INFO - [2026-05-05T14:06:06.244+0000] {dag.py:3096} INFO - Sync 1 DAGs
[2026-05-05T14:06:06.266+0000] {logging_mixin.py:188} INFO - [2026-05-05T14:06:06.266+0000] {dag.py:3954} INFO - Setting next_dagrun for globalretail_etl_pipeline to 2026-05-05 00:00:00+00:00, run_after=2026-05-06 00:00:00+00:00
[2026-05-05T14:06:06.287+0000] {processor.py:183} INFO - Processing /opt/airflow/dags/globalretail_etl_dag.py took 0.631 seconds
[2026-05-05T14:06:36.367+0000] {processor.py:161} INFO - Started process (PID=581) to work on /opt/airflow/dags/globalretail_etl_dag.py
[2026-05-05T14:06:36.369+0000] {processor.py:830} INFO - Processing file /opt/airflow/dags/globalretail_etl_dag.py for tasks to queue
[2026-05-05T14:06:36.371+0000] {logging_mixin.py:188} INFO - [2026-05-05T14:06:36.370+0000] {dagbag.py:540} INFO - Filling up the DagBag from /opt/airflow/dags/globalretail_etl_dag.py
[2026-05-05T14:06:36.897+0000] {processor.py:840} INFO - DAG(s) 'globalretail_etl_pipeline' retrieved from /opt/airflow/dags/globalretail_etl_dag.py
[2026-05-05T14:06:36.920+0000] {logging_mixin.py:188} INFO - [2026-05-05T14:06:36.920+0000] {dag.py:3096} INFO - Sync 1 DAGs
[2026-05-05T14:06:36.937+0000] {logging_mixin.py:188} INFO - [2026-05-05T14:06:36.937+0000] {dag.py:3954} INFO - Setting next_dagrun for globalretail_etl_pipeline to 2026-05-05 00:00:00+00:00, run_after=2026-05-06 00:00:00+00:00
[2026-05-05T14:06:36.954+0000] {processor.py:183} INFO - Processing /opt/airflow/dags/globalretail_etl_dag.py took 0.592 seconds
[2026-05-05T14:07:07.025+0000] {processor.py:161} INFO - Started process (PID=601) to work on /opt/airflow/dags/globalretail_etl_dag.py
[2026-05-05T14:07:07.205+0000] {processor.py:830} INFO - Processing file /opt/airflow/dags/globalretail_etl_dag.py for tasks to queue
[2026-05-05T14:07:07.208+0000] {logging_mixin.py:188} INFO - [2026-05-05T14:07:07.208+0000] {dagbag.py:540} INFO - Filling up the DagBag from /opt/airflow/dags/globalretail_etl_dag.py
[2026-05-05T14:07:07.705+0000] {processor.py:840} INFO - DAG(s) 'globalretail_etl_pipeline' retrieved from /opt/airflow/dags/globalretail_etl_dag.py
[2026-05-05T14:07:07.726+0000] {logging_mixin.py:188} INFO - [2026-05-05T14:07:07.726+0000] {dag.py:3096} INFO - Sync 1 DAGs
[2026-05-05T14:07:07.741+0000] {logging_mixin.py:188} INFO - [2026-05-05T14:07:07.740+0000] {dag.py:3954} INFO - Setting next_dagrun for globalretail_etl_pipeline to 2026-05-05 00:00:00+00:00, run_after=2026-05-06 00:00:00+00:00
[2026-05-05T14:07:07.869+0000] {processor.py:183} INFO - Processing /opt/airflow/dags/globalretail_etl_dag.py took 0.852 seconds
[2026-05-05T14:07:37.955+0000] {processor.py:161} INFO - Started process (PID=620) to work on /opt/airflow/dags/globalretail_etl_dag.py
[2026-05-05T14:07:37.957+0000] {processor.py:830} INFO - Processing file /opt/airflow/dags/globalretail_etl_dag.py for tasks to queue
[2026-05-05T14:07:37.960+0000] {logging_mixin.py:188} INFO - [2026-05-05T14:07:37.959+0000] {dagbag.py:540} INFO - Filling up the DagBag from /opt/airflow/dags/globalretail_etl_dag.py
[2026-05-05T14:07:38.531+0000] {processor.py:840} INFO - DAG(s) 'globalretail_etl_pipeline' retrieved from /opt/airflow/dags/globalretail_etl_dag.py
[2026-05-05T14:07:38.554+0000] {logging_mixin.py:188} INFO - [2026-05-05T14:07:38.554+0000] {dag.py:3096} INFO - Sync 1 DAGs
[2026-05-05T14:07:38.575+0000] {logging_mixin.py:188} INFO - [2026-05-05T14:07:38.575+0000] {dag.py:3954} INFO - Setting next_dagrun for globalretail_etl_pipeline to 2026-05-05 00:00:00+00:00, run_after=2026-05-06 00:00:00+00:00
[2026-05-05T14:07:38.595+0000] {processor.py:183} INFO - Processing /opt/airflow/dags/globalretail_etl_dag.py took 0.647 seconds
[2026-05-05T14:08:09.499+0000] {processor.py:161} INFO - Started process (PID=639) to work on /opt/airflow/dags/globalretail_etl_dag.py
[2026-05-05T14:08:09.501+0000] {processor.py:830} INFO - Processing file /opt/airflow/dags/globalretail_etl_dag.py for tasks to queue
[2026-05-05T14:08:09.503+0000] {logging_mixin.py:188} INFO - [2026-05-05T14:08:09.503+0000] {dagbag.py:540} INFO - Filling up the DagBag from /opt/airflow/dags/globalretail_etl_dag.py
[2026-05-05T14:08:10.126+0000] {processor.py:840} INFO - DAG(s) 'globalretail_etl_pipeline' retrieved from /opt/airflow/dags/globalretail_etl_dag.py
[2026-05-05T14:08:10.151+0000] {logging_mixin.py:188} INFO - [2026-05-05T14:08:10.150+0000] {dag.py:3096} INFO - Sync 1 DAGs
[2026-05-05T14:08:10.172+0000] {logging_mixin.py:188} INFO - [2026-05-05T14:08:10.172+0000] {dag.py:3954} INFO - Setting next_dagrun for globalretail_etl_pipeline to 2026-05-05 00:00:00+00:00, run_after=2026-05-06 00:00:00+00:00
[2026-05-05T14:08:10.191+0000] {processor.py:183} INFO - Processing /opt/airflow/dags/globalretail_etl_dag.py took 0.699 seconds
[2026-05-05T14:08:40.288+0000] {processor.py:161} INFO - Started process (PID=651) to work on /opt/airflow/dags/globalretail_etl_dag.py
[2026-05-05T14:08:40.289+0000] {processor.py:830} INFO - Processing file /opt/airflow/dags/globalretail_etl_dag.py for tasks to queue
[2026-05-05T14:08:40.292+0000] {logging_mixin.py:188} INFO - [2026-05-05T14:08:40.292+0000] {dagbag.py:540} INFO - Filling up the DagBag from /opt/airflow/dags/globalretail_etl_dag.py
[2026-05-05T14:08:40.970+0000] {processor.py:840} INFO - DAG(s) 'globalretail_etl_pipeline' retrieved from /opt/airflow/dags/globalretail_etl_dag.py
[2026-05-05T14:08:40.992+0000] {logging_mixin.py:188} INFO - [2026-05-05T14:08:40.991+0000] {dag.py:3096} INFO - Sync 1 DAGs
[2026-05-05T14:08:41.013+0000] {logging_mixin.py:188} INFO - [2026-05-05T14:08:41.012+0000] {dag.py:3954} INFO - Setting next_dagrun for globalretail_etl_pipeline to 2026-05-05 00:00:00+00:00, run_after=2026-05-06 00:00:00+00:00
[2026-05-05T14:08:41.037+0000] {processor.py:183} INFO - Processing /opt/airflow/dags/globalretail_etl_dag.py took 0.759 seconds
[2026-05-05T14:09:11.102+0000] {processor.py:161} INFO - Started process (PID=671) to work on /opt/airflow/dags/globalretail_etl_dag.py
[2026-05-05T14:09:11.104+0000] {processor.py:830} INFO - Processing file /opt/airflow/dags/globalretail_etl_dag.py for tasks to queue
[2026-05-05T14:09:11.105+0000] {logging_mixin.py:188} INFO - [2026-05-05T14:09:11.105+0000] {dagbag.py:540} INFO - Filling up the DagBag from /opt/airflow/dags/globalretail_etl_dag.py
[2026-05-05T14:09:11.769+0000] {processor.py:840} INFO - DAG(s) 'globalretail_etl_pipeline' retrieved from /opt/airflow/dags/globalretail_etl_dag.py
[2026-05-05T14:09:11.793+0000] {logging_mixin.py:188} INFO - [2026-05-05T14:09:11.793+0000] {dag.py:3096} INFO - Sync 1 DAGs
[2026-05-05T14:09:11.813+0000] {logging_mixin.py:188} INFO - [2026-05-05T14:09:11.813+0000] {dag.py:3954} INFO - Setting next_dagrun for globalretail_etl_pipeline to 2026-05-05 00:00:00+00:00, run_after=2026-05-06 00:00:00+00:00
[2026-05-05T14:09:11.834+0000] {processor.py:183} INFO - Processing /opt/airflow/dags/globalretail_etl_dag.py took 0.738 seconds
[2026-05-05T14:09:42.516+0000] {processor.py:161} INFO - Started process (PID=691) to work on /opt/airflow/dags/globalretail_etl_dag.py
[2026-05-05T14:09:42.517+0000] {processor.py:830} INFO - Processing file /opt/airflow/dags/globalretail_etl_dag.py for tasks to queue
[2026-05-05T14:09:42.519+0000] {logging_mixin.py:188} INFO - [2026-05-05T14:09:42.519+0000] {dagbag.py:540} INFO - Filling up the DagBag from /opt/airflow/dags/globalretail_etl_dag.py
[2026-05-05T14:09:43.088+0000] {processor.py:840} INFO - DAG(s) 'globalretail_etl_pipeline' retrieved from /opt/airflow/dags/globalretail_etl_dag.py
[2026-05-05T14:09:43.113+0000] {logging_mixin.py:188} INFO - [2026-05-05T14:09:43.113+0000] {dag.py:3096} INFO - Sync 1 DAGs
[2026-05-05T14:09:43.136+0000] {logging_mixin.py:188} INFO - [2026-05-05T14:09:43.135+0000] {dag.py:3954} INFO - Setting next_dagrun for globalretail_etl_pipeline to 2026-05-05 00:00:00+00:00, run_after=2026-05-06 00:00:00+00:00
[2026-05-05T14:09:43.157+0000] {processor.py:183} INFO - Processing /opt/airflow/dags/globalretail_etl_dag.py took 0.647 seconds
[2026-05-05T14:10:13.523+0000] {processor.py:161} INFO - Started process (PID=711) to work on /opt/airflow/dags/globalretail_etl_dag.py
[2026-05-05T14:10:13.525+0000] {processor.py:830} INFO - Processing file /opt/airflow/dags/globalretail_etl_dag.py for tasks to queue
[2026-05-05T14:10:13.527+0000] {logging_mixin.py:188} INFO - [2026-05-05T14:10:13.527+0000] {dagbag.py:540} INFO - Filling up the DagBag from /opt/airflow/dags/globalretail_etl_dag.py
[2026-05-05T14:10:14.206+0000] {processor.py:840} INFO - DAG(s) 'globalretail_etl_pipeline' retrieved from /opt/airflow/dags/globalretail_etl_dag.py
[2026-05-05T14:10:14.233+0000] {logging_mixin.py:188} INFO - [2026-05-05T14:10:14.233+0000] {dag.py:3096} INFO - Sync 1 DAGs
[2026-05-05T14:10:14.256+0000] {logging_mixin.py:188} INFO - [2026-05-05T14:10:14.256+0000] {dag.py:3954} INFO - Setting next_dagrun for globalretail_etl_pipeline to 2026-05-05 00:00:00+00:00, run_after=2026-05-06 00:00:00+00:00
[2026-05-05T14:10:14.279+0000] {processor.py:183} INFO - Processing /opt/airflow/dags/globalretail_etl_dag.py took 0.763 seconds
[2026-05-05T14:10:44.389+0000] {processor.py:161} INFO - Started process (PID=724) to work on /opt/airflow/dags/globalretail_etl_dag.py
[2026-05-05T14:10:44.390+0000] {processor.py:830} INFO - Processing file /opt/airflow/dags/globalretail_etl_dag.py for tasks to queue
[2026-05-05T14:10:44.392+0000] {logging_mixin.py:188} INFO - [2026-05-05T14:10:44.392+0000] {dagbag.py:540} INFO - Filling up the DagBag from /opt/airflow/dags/globalretail_etl_dag.py
[2026-05-05T14:10:45.041+0000] {processor.py:840} INFO - DAG(s) 'globalretail_etl_pipeline' retrieved from /opt/airflow/dags/globalretail_etl_dag.py
[2026-05-05T14:10:45.067+0000] {logging_mixin.py:188} INFO - [2026-05-05T14:10:45.066+0000] {dag.py:3096} INFO - Sync 1 DAGs
[2026-05-05T14:10:45.088+0000] {logging_mixin.py:188} INFO - [2026-05-05T14:10:45.088+0000] {dag.py:3954} INFO - Setting next_dagrun for globalretail_etl_pipeline to 2026-05-05 00:00:00+00:00, run_after=2026-05-06 00:00:00+00:00
[2026-05-05T14:10:45.111+0000] {processor.py:183} INFO - Processing /opt/airflow/dags/globalretail_etl_dag.py took 0.729 seconds
[2026-05-05T14:11:15.500+0000] {processor.py:161} INFO - Started process (PID=744) to work on /opt/airflow/dags/globalretail_etl_dag.py
[2026-05-05T14:11:15.501+0000] {processor.py:830} INFO - Processing file /opt/airflow/dags/globalretail_etl_dag.py for tasks to queue
[2026-05-05T14:11:15.502+0000] {logging_mixin.py:188} INFO - [2026-05-05T14:11:15.502+0000] {dagbag.py:540} INFO - Filling up the DagBag from /opt/airflow/dags/globalretail_etl_dag.py
[2026-05-05T14:11:16.040+0000] {processor.py:840} INFO - DAG(s) 'globalretail_etl_pipeline' retrieved from /opt/airflow/dags/globalretail_etl_dag.py
[2026-05-05T14:11:16.065+0000] {logging_mixin.py:188} INFO - [2026-05-05T14:11:16.065+0000] {dag.py:3096} INFO - Sync 1 DAGs
[2026-05-05T14:11:16.085+0000] {logging_mixin.py:188} INFO - [2026-05-05T14:11:16.084+0000] {dag.py:3954} INFO - Setting next_dagrun for globalretail_etl_pipeline to 2026-05-05 00:00:00+00:00, run_after=2026-05-06 00:00:00+00:00
[2026-05-05T14:11:16.103+0000] {processor.py:183} INFO - Processing /opt/airflow/dags/globalretail_etl_dag.py took 0.609 seconds
[2026-05-05T14:11:46.785+0000] {processor.py:161} INFO - Started process (PID=763) to work on /opt/airflow/dags/globalretail_etl_dag.py
[2026-05-05T14:11:46.786+0000] {processor.py:830} INFO - Processing file /opt/airflow/dags/globalretail_etl_dag.py for tasks to queue
[2026-05-05T14:11:46.788+0000] {logging_mixin.py:188} INFO - [2026-05-05T14:11:46.788+0000] {dagbag.py:540} INFO - Filling up the DagBag from /opt/airflow/dags/globalretail_etl_dag.py
[2026-05-05T14:11:47.293+0000] {processor.py:840} INFO - DAG(s) 'globalretail_etl_pipeline' retrieved from /opt/airflow/dags/globalretail_etl_dag.py
[2026-05-05T14:11:47.315+0000] {logging_mixin.py:188} INFO - [2026-05-05T14:11:47.315+0000] {dag.py:3096} INFO - Sync 1 DAGs
[2026-05-05T14:11:47.334+0000] {logging_mixin.py:188} INFO - [2026-05-05T14:11:47.334+0000] {dag.py:3954} INFO - Setting next_dagrun for globalretail_etl_pipeline to 2026-05-05 00:00:00+00:00, run_after=2026-05-06 00:00:00+00:00
[2026-05-05T14:11:47.357+0000] {processor.py:183} INFO - Processing /opt/airflow/dags/globalretail_etl_dag.py took 0.578 seconds
[2026-05-05T14:12:18.138+0000] {processor.py:161} INFO - Started process (PID=782) to work on /opt/airflow/dags/globalretail_etl_dag.py
[2026-05-05T14:12:18.139+0000] {processor.py:830} INFO - Processing file /opt/airflow/dags/globalretail_etl_dag.py for tasks to queue
[2026-05-05T14:12:18.140+0000] {logging_mixin.py:188} INFO - [2026-05-05T14:12:18.140+0000] {dagbag.py:540} INFO - Filling up the DagBag from /opt/airflow/dags/globalretail_etl_dag.py
[2026-05-05T14:12:18.675+0000] {processor.py:840} INFO - DAG(s) 'globalretail_etl_pipeline' retrieved from /opt/airflow/dags/globalretail_etl_dag.py
[2026-05-05T14:12:18.697+0000] {logging_mixin.py:188} INFO - [2026-05-05T14:12:18.697+0000] {dag.py:3096} INFO - Sync 1 DAGs
[2026-05-05T14:12:18.715+0000] {logging_mixin.py:188} INFO - [2026-05-05T14:12:18.715+0000] {dag.py:3954} INFO - Setting next_dagrun for globalretail_etl_pipeline to 2026-05-05 00:00:00+00:00, run_after=2026-05-06 00:00:00+00:00
[2026-05-05T14:12:18.735+0000] {processor.py:183} INFO - Processing /opt/airflow/dags/globalretail_etl_dag.py took 0.603 seconds
[2026-05-05T14:12:49.349+0000] {processor.py:161} INFO - Started process (PID=801) to work on /opt/airflow/dags/globalretail_etl_dag.py
[2026-05-05T14:12:49.351+0000] {processor.py:830} INFO - Processing file /opt/airflow/dags/globalretail_etl_dag.py for tasks to queue
[2026-05-05T14:12:49.353+0000] {logging_mixin.py:188} INFO - [2026-05-05T14:12:49.353+0000] {dagbag.py:540} INFO - Filling up the DagBag from /opt/airflow/dags/globalretail_etl_dag.py
[2026-05-05T14:12:49.953+0000] {processor.py:840} INFO - DAG(s) 'globalretail_etl_pipeline' retrieved from /opt/airflow/dags/globalretail_etl_dag.py
[2026-05-05T14:12:49.976+0000] {logging_mixin.py:188} INFO - [2026-05-05T14:12:49.975+0000] {dag.py:3096} INFO - Sync 1 DAGs
[2026-05-05T14:12:49.996+0000] {logging_mixin.py:188} INFO - [2026-05-05T14:12:49.996+0000] {dag.py:3954} INFO - Setting next_dagrun for globalretail_etl_pipeline to 2026-05-05 00:00:00+00:00, run_after=2026-05-06 00:00:00+00:00
[2026-05-05T14:12:50.016+0000] {processor.py:183} INFO - Processing /opt/airflow/dags/globalretail_etl_dag.py took 0.672 seconds
[2026-05-05T14:13:20.791+0000] {processor.py:161} INFO - Started process (PID=820) to work on /opt/airflow/dags/globalretail_etl_dag.py
[2026-05-05T14:13:20.792+0000] {processor.py:830} INFO - Processing file /opt/airflow/dags/globalretail_etl_dag.py for tasks to queue
[2026-05-05T14:13:20.795+0000] {logging_mixin.py:188} INFO - [2026-05-05T14:13:20.795+0000] {dagbag.py:540} INFO - Filling up the DagBag from /opt/airflow/dags/globalretail_etl_dag.py
[2026-05-05T14:13:21.468+0000] {processor.py:840} INFO - DAG(s) 'globalretail_etl_pipeline' retrieved from /opt/airflow/dags/globalretail_etl_dag.py
[2026-05-05T14:13:21.494+0000] {logging_mixin.py:188} INFO - [2026-05-05T14:13:21.493+0000] {dag.py:3096} INFO - Sync 1 DAGs
[2026-05-05T14:13:21.514+0000] {logging_mixin.py:188} INFO - [2026-05-05T14:13:21.514+0000] {dag.py:3954} INFO - Setting next_dagrun for globalretail_etl_pipeline to 2026-05-05 00:00:00+00:00, run_after=2026-05-06 00:00:00+00:00
[2026-05-05T14:13:21.538+0000] {processor.py:183} INFO - Processing /opt/airflow/dags/globalretail_etl_dag.py took 0.756 seconds
[2026-05-05T14:13:52.098+0000] {processor.py:161} INFO - Started process (PID=833) to work on /opt/airflow/dags/globalretail_etl_dag.py
[2026-05-05T14:13:52.099+0000] {processor.py:830} INFO - Processing file /opt/airflow/dags/globalretail_etl_dag.py for tasks to queue
[2026-05-05T14:13:52.101+0000] {logging_mixin.py:188} INFO - [2026-05-05T14:13:52.101+0000] {dagbag.py:540} INFO - Filling up the DagBag from /opt/airflow/dags/globalretail_etl_dag.py
[2026-05-05T14:13:52.783+0000] {processor.py:840} INFO - DAG(s) 'globalretail_etl_pipeline' retrieved from /opt/airflow/dags/globalretail_etl_dag.py
[2026-05-05T14:13:52.810+0000] {logging_mixin.py:188} INFO - [2026-05-05T14:13:52.810+0000] {dag.py:3096} INFO - Sync 1 DAGs
[2026-05-05T14:13:52.834+0000] {logging_mixin.py:188} INFO - [2026-05-05T14:13:52.834+0000] {dag.py:3954} INFO - Setting next_dagrun for globalretail_etl_pipeline to 2026-05-05 00:00:00+00:00, run_after=2026-05-06 00:00:00+00:00
[2026-05-05T14:13:52.860+0000] {processor.py:183} INFO - Processing /opt/airflow/dags/globalretail_etl_dag.py took 0.769 seconds
[2026-05-05T14:14:23.485+0000] {processor.py:161} INFO - Started process (PID=852) to work on /opt/airflow/dags/globalretail_etl_dag.py
[2026-05-05T14:14:23.486+0000] {processor.py:830} INFO - Processing file /opt/airflow/dags/globalretail_etl_dag.py for tasks to queue
[2026-05-05T14:14:23.488+0000] {logging_mixin.py:188} INFO - [2026-05-05T14:14:23.488+0000] {dagbag.py:540} INFO - Filling up the DagBag from /opt/airflow/dags/globalretail_etl_dag.py
[2026-05-05T14:14:24.034+0000] {processor.py:840} INFO - DAG(s) 'globalretail_etl_pipeline' retrieved from /opt/airflow/dags/globalretail_etl_dag.py
[2026-05-05T14:14:24.056+0000] {logging_mixin.py:188} INFO - [2026-05-05T14:14:24.056+0000] {dag.py:3096} INFO - Sync 1 DAGs
[2026-05-05T14:14:24.076+0000] {logging_mixin.py:188} INFO - [2026-05-05T14:14:24.076+0000] {dag.py:3954} INFO - Setting next_dagrun for globalretail_etl_pipeline to 2026-05-05 00:00:00+00:00, run_after=2026-05-06 00:00:00+00:00
[2026-05-05T14:14:24.094+0000] {processor.py:183} INFO - Processing /opt/airflow/dags/globalretail_etl_dag.py took 0.616 seconds
[2026-05-05T14:14:54.934+0000] {processor.py:161} INFO - Started process (PID=871) to work on /opt/airflow/dags/globalretail_etl_dag.py
[2026-05-05T14:14:54.936+0000] {processor.py:830} INFO - Processing file /opt/airflow/dags/globalretail_etl_dag.py for tasks to queue
[2026-05-05T14:14:54.939+0000] {logging_mixin.py:188} INFO - [2026-05-05T14:14:54.938+0000] {dagbag.py:540} INFO - Filling up the DagBag from /opt/airflow/dags/globalretail_etl_dag.py
[2026-05-05T14:14:55.613+0000] {processor.py:840} INFO - DAG(s) 'globalretail_etl_pipeline' retrieved from /opt/airflow/dags/globalretail_etl_dag.py
[2026-05-05T14:14:55.643+0000] {logging_mixin.py:188} INFO - [2026-05-05T14:14:55.643+0000] {dag.py:3096} INFO - Sync 1 DAGs
[2026-05-05T14:14:55.671+0000] {logging_mixin.py:188} INFO - [2026-05-05T14:14:55.671+0000] {dag.py:3954} INFO - Setting next_dagrun for globalretail_etl_pipeline to 2026-05-05 00:00:00+00:00, run_after=2026-05-06 00:00:00+00:00
[2026-05-05T14:14:55.698+0000] {processor.py:183} INFO - Processing /opt/airflow/dags/globalretail_etl_dag.py took 0.770 seconds
[2026-05-05T14:15:26.127+0000] {processor.py:161} INFO - Started process (PID=890) to work on /opt/airflow/dags/globalretail_etl_dag.py
[2026-05-05T14:15:26.128+0000] {processor.py:830} INFO - Processing file /opt/airflow/dags/globalretail_etl_dag.py for tasks to queue
[2026-05-05T14:15:26.131+0000] {logging_mixin.py:188} INFO - [2026-05-05T14:15:26.130+0000] {dagbag.py:540} INFO - Filling up the DagBag from /opt/airflow/dags/globalretail_etl_dag.py
[2026-05-05T14:15:26.975+0000] {processor.py:840} INFO - DAG(s) 'globalretail_etl_pipeline' retrieved from /opt/airflow/dags/globalretail_etl_dag.py
[2026-05-05T14:15:27.018+0000] {logging_mixin.py:188} INFO - [2026-05-05T14:15:27.017+0000] {dag.py:3096} INFO - Sync 1 DAGs
[2026-05-05T14:15:27.041+0000] {logging_mixin.py:188} INFO - [2026-05-05T14:15:27.041+0000] {dag.py:3954} INFO - Setting next_dagrun for globalretail_etl_pipeline to 2026-05-05 00:00:00+00:00, run_after=2026-05-06 00:00:00+00:00
[2026-05-05T14:15:27.064+0000] {processor.py:183} INFO - Processing /opt/airflow/dags/globalretail_etl_dag.py took 0.944 seconds
[2026-05-05T14:15:57.367+0000] {processor.py:161} INFO - Started process (PID=910) to work on /opt/airflow/dags/globalretail_etl_dag.py
[2026-05-05T14:15:57.368+0000] {processor.py:830} INFO - Processing file /opt/airflow/dags/globalretail_etl_dag.py for tasks to queue
[2026-05-05T14:15:57.370+0000] {logging_mixin.py:188} INFO - [2026-05-05T14:15:57.370+0000] {dagbag.py:540} INFO - Filling up the DagBag from /opt/airflow/dags/globalretail_etl_dag.py
[2026-05-05T14:15:57.916+0000] {processor.py:840} INFO - DAG(s) 'globalretail_etl_pipeline' retrieved from /opt/airflow/dags/globalretail_etl_dag.py
[2026-05-05T14:15:57.938+0000] {logging_mixin.py:188} INFO - [2026-05-05T14:15:57.937+0000] {dag.py:3096} INFO - Sync 1 DAGs
[2026-05-05T14:15:57.956+0000] {logging_mixin.py:188} INFO - [2026-05-05T14:15:57.955+0000] {dag.py:3954} INFO - Setting next_dagrun for globalretail_etl_pipeline to 2026-05-05 00:00:00+00:00, run_after=2026-05-06 00:00:00+00:00
[2026-05-05T14:15:57.976+0000] {processor.py:183} INFO - Processing /opt/airflow/dags/globalretail_etl_dag.py took 0.615 seconds
[2026-05-05T14:16:28.429+0000] {processor.py:161} INFO - Started process (PID=929) to work on /opt/airflow/dags/globalretail_etl_dag.py
[2026-05-05T14:16:28.431+0000] {processor.py:830} INFO - Processing file /opt/airflow/dags/globalretail_etl_dag.py for tasks to queue
[2026-05-05T14:16:28.433+0000] {logging_mixin.py:188} INFO - [2026-05-05T14:16:28.433+0000] {dagbag.py:540} INFO - Filling up the DagBag from /opt/airflow/dags/globalretail_etl_dag.py
[2026-05-05T14:16:29.030+0000] {processor.py:840} INFO - DAG(s) 'globalretail_etl_pipeline' retrieved from /opt/airflow/dags/globalretail_etl_dag.py
[2026-05-05T14:16:29.053+0000] {logging_mixin.py:188} INFO - [2026-05-05T14:16:29.053+0000] {dag.py:3096} INFO - Sync 1 DAGs
[2026-05-05T14:16:29.075+0000] {logging_mixin.py:188} INFO - [2026-05-05T14:16:29.075+0000] {dag.py:3954} INFO - Setting next_dagrun for globalretail_etl_pipeline to 2026-05-05 00:00:00+00:00, run_after=2026-05-06 00:00:00+00:00
[2026-05-05T14:16:29.095+0000] {processor.py:183} INFO - Processing /opt/airflow/dags/globalretail_etl_dag.py took 0.672 seconds
[2026-05-05T14:16:59.219+0000] {processor.py:161} INFO - Started process (PID=942) to work on /opt/airflow/dags/globalretail_etl_dag.py
[2026-05-05T14:16:59.220+0000] {processor.py:830} INFO - Processing file /opt/airflow/dags/globalretail_etl_dag.py for tasks to queue
[2026-05-05T14:16:59.222+0000] {logging_mixin.py:188} INFO - [2026-05-05T14:16:59.222+0000] {dagbag.py:540} INFO - Filling up the DagBag from /opt/airflow/dags/globalretail_etl_dag.py
[2026-05-05T14:16:59.801+0000] {processor.py:840} INFO - DAG(s) 'globalretail_etl_pipeline' retrieved from /opt/airflow/dags/globalretail_etl_dag.py
[2026-05-05T14:16:59.823+0000] {logging_mixin.py:188} INFO - [2026-05-05T14:16:59.823+0000] {dag.py:3096} INFO - Sync 1 DAGs
[2026-05-05T14:16:59.848+0000] {logging_mixin.py:188} INFO - [2026-05-05T14:16:59.847+0000] {dag.py:3954} INFO - Setting next_dagrun for globalretail_etl_pipeline to 2026-05-05 00:00:00+00:00, run_after=2026-05-06 00:00:00+00:00
[2026-05-05T14:16:59.870+0000] {processor.py:183} INFO - Processing /opt/airflow/dags/globalretail_etl_dag.py took 0.656 seconds
[2026-05-05T14:17:30.457+0000] {processor.py:161} INFO - Started process (PID=961) to work on /opt/airflow/dags/globalretail_etl_dag.py
[2026-05-05T14:17:30.458+0000] {processor.py:830} INFO - Processing file /opt/airflow/dags/globalretail_etl_dag.py for tasks to queue
[2026-05-05T14:17:30.460+0000] {logging_mixin.py:188} INFO - [2026-05-05T14:17:30.459+0000] {dagbag.py:540} INFO - Filling up the DagBag from /opt/airflow/dags/globalretail_etl_dag.py
[2026-05-05T14:17:31.076+0000] {processor.py:840} INFO - DAG(s) 'globalretail_etl_pipeline' retrieved from /opt/airflow/dags/globalretail_etl_dag.py
[2026-05-05T14:17:31.099+0000] {logging_mixin.py:188} INFO - [2026-05-05T14:17:31.098+0000] {dag.py:3096} INFO - Sync 1 DAGs
[2026-05-05T14:17:31.119+0000] {logging_mixin.py:188} INFO - [2026-05-05T14:17:31.118+0000] {dag.py:3954} INFO - Setting next_dagrun for globalretail_etl_pipeline to 2026-05-05 00:00:00+00:00, run_after=2026-05-06 00:00:00+00:00
[2026-05-05T14:17:31.138+0000] {processor.py:183} INFO - Processing /opt/airflow/dags/globalretail_etl_dag.py took 0.687 seconds
[2026-05-05T14:18:01.800+0000] {processor.py:161} INFO - Started process (PID=980) to work on /opt/airflow/dags/globalretail_etl_dag.py
[2026-05-05T14:18:01.803+0000] {processor.py:830} INFO - Processing file /opt/airflow/dags/globalretail_etl_dag.py for tasks to queue
[2026-05-05T14:18:01.806+0000] {logging_mixin.py:188} INFO - [2026-05-05T14:18:01.805+0000] {dagbag.py:540} INFO - Filling up the DagBag from /opt/airflow/dags/globalretail_etl_dag.py
[2026-05-05T14:18:02.383+0000] {processor.py:840} INFO - DAG(s) 'globalretail_etl_pipeline' retrieved from /opt/airflow/dags/globalretail_etl_dag.py
[2026-05-05T14:18:02.407+0000] {logging_mixin.py:188} INFO - [2026-05-05T14:18:02.406+0000] {dag.py:3096} INFO - Sync 1 DAGs
[2026-05-05T14:18:02.427+0000] {logging_mixin.py:188} INFO - [2026-05-05T14:18:02.427+0000] {dag.py:3954} INFO - Setting next_dagrun for globalretail_etl_pipeline to 2026-05-05 00:00:00+00:00, run_after=2026-05-06 00:00:00+00:00
[2026-05-05T14:18:02.447+0000] {processor.py:183} INFO - Processing /opt/airflow/dags/globalretail_etl_dag.py took 0.654 seconds
[2026-05-05T14:18:32.698+0000] {processor.py:161} INFO - Started process (PID=999) to work on /opt/airflow/dags/globalretail_etl_dag.py
[2026-05-05T14:18:32.699+0000] {processor.py:830} INFO - Processing file /opt/airflow/dags/globalretail_etl_dag.py for tasks to queue
[2026-05-05T14:18:32.701+0000] {logging_mixin.py:188} INFO - [2026-05-05T14:18:32.700+0000] {dagbag.py:540} INFO - Filling up the DagBag from /opt/airflow/dags/globalretail_etl_dag.py
[2026-05-05T14:18:33.268+0000] {processor.py:840} INFO - DAG(s) 'globalretail_etl_pipeline' retrieved from /opt/airflow/dags/globalretail_etl_dag.py
[2026-05-05T14:18:33.290+0000] {logging_mixin.py:188} INFO - [2026-05-05T14:18:33.290+0000] {dag.py:3096} INFO - Sync 1 DAGs
[2026-05-05T14:18:33.309+0000] {logging_mixin.py:188} INFO - [2026-05-05T14:18:33.309+0000] {dag.py:3954} INFO - Setting next_dagrun for globalretail_etl_pipeline to 2026-05-05 00:00:00+00:00, run_after=2026-05-06 00:00:00+00:00
[2026-05-05T14:18:33.430+0000] {processor.py:183} INFO - Processing /opt/airflow/dags/globalretail_etl_dag.py took 0.738 seconds
[2026-05-05T14:19:03.745+0000] {processor.py:161} INFO - Started process (PID=1018) to work on /opt/airflow/dags/globalretail_etl_dag.py
[2026-05-05T14:19:03.746+0000] {processor.py:830} INFO - Processing file /opt/airflow/dags/globalretail_etl_dag.py for tasks to queue
[2026-05-05T14:19:03.749+0000] {logging_mixin.py:188} INFO - [2026-05-05T14:19:03.748+0000] {dagbag.py:540} INFO - Filling up the DagBag from /opt/airflow/dags/globalretail_etl_dag.py
[2026-05-05T14:19:04.302+0000] {processor.py:840} INFO - DAG(s) 'globalretail_etl_pipeline' retrieved from /opt/airflow/dags/globalretail_etl_dag.py
[2026-05-05T14:19:04.324+0000] {logging_mixin.py:188} INFO - [2026-05-05T14:19:04.323+0000] {dag.py:3096} INFO - Sync 1 DAGs
[2026-05-05T14:19:04.341+0000] {logging_mixin.py:188} INFO - [2026-05-05T14:19:04.341+0000] {dag.py:3954} INFO - Setting next_dagrun for globalretail_etl_pipeline to 2026-05-05 00:00:00+00:00, run_after=2026-05-06 00:00:00+00:00
[2026-05-05T14:19:04.361+0000] {processor.py:183} INFO - Processing /opt/airflow/dags/globalretail_etl_dag.py took 0.622 seconds
[2026-05-05T14:19:35.056+0000] {processor.py:161} INFO - Started process (PID=1037) to work on /opt/airflow/dags/globalretail_etl_dag.py
[2026-05-05T14:19:35.057+0000] {processor.py:830} INFO - Processing file /opt/airflow/dags/globalretail_etl_dag.py for tasks to queue
[2026-05-05T14:19:35.060+0000] {logging_mixin.py:188} INFO - [2026-05-05T14:19:35.059+0000] {dagbag.py:540} INFO - Filling up the DagBag from /opt/airflow/dags/globalretail_etl_dag.py
[2026-05-05T14:19:35.679+0000] {processor.py:840} INFO - DAG(s) 'globalretail_etl_pipeline' retrieved from /opt/airflow/dags/globalretail_etl_dag.py
[2026-05-05T14:19:35.706+0000] {logging_mixin.py:188} INFO - [2026-05-05T14:19:35.706+0000] {dag.py:3096} INFO - Sync 1 DAGs
[2026-05-05T14:19:35.729+0000] {logging_mixin.py:188} INFO - [2026-05-05T14:19:35.728+0000] {dag.py:3954} INFO - Setting next_dagrun for globalretail_etl_pipeline to 2026-05-05 00:00:00+00:00, run_after=2026-05-06 00:00:00+00:00
[2026-05-05T14:19:35.752+0000] {processor.py:183} INFO - Processing /opt/airflow/dags/globalretail_etl_dag.py took 0.704 seconds
[2026-05-05T14:20:06.376+0000] {processor.py:161} INFO - Started process (PID=1050) to work on /opt/airflow/dags/globalretail_etl_dag.py
[2026-05-05T14:20:06.377+0000] {processor.py:830} INFO - Processing file /opt/airflow/dags/globalretail_etl_dag.py for tasks to queue
[2026-05-05T14:20:06.379+0000] {logging_mixin.py:188} INFO - [2026-05-05T14:20:06.378+0000] {dagbag.py:540} INFO - Filling up the DagBag from /opt/airflow/dags/globalretail_etl_dag.py
[2026-05-05T14:20:06.885+0000] {processor.py:840} INFO - DAG(s) 'globalretail_etl_pipeline' retrieved from /opt/airflow/dags/globalretail_etl_dag.py
[2026-05-05T14:20:06.905+0000] {logging_mixin.py:188} INFO - [2026-05-05T14:20:06.905+0000] {dag.py:3096} INFO - Sync 1 DAGs
[2026-05-05T14:20:06.922+0000] {logging_mixin.py:188} INFO - [2026-05-05T14:20:06.922+0000] {dag.py:3954} INFO - Setting next_dagrun for globalretail_etl_pipeline to 2026-05-05 00:00:00+00:00, run_after=2026-05-06 00:00:00+00:00
[2026-05-05T14:20:06.943+0000] {processor.py:183} INFO - Processing /opt/airflow/dags/globalretail_etl_dag.py took 0.572 seconds
[2026-05-05T14:20:37.832+0000] {processor.py:161} INFO - Started process (PID=1069) to work on /opt/airflow/dags/globalretail_etl_dag.py
[2026-05-05T14:20:37.834+0000] {processor.py:830} INFO - Processing file /opt/airflow/dags/globalretail_etl_dag.py for tasks to queue
[2026-05-05T14:20:37.836+0000] {logging_mixin.py:188} INFO - [2026-05-05T14:20:37.835+0000] {dagbag.py:540} INFO - Filling up the DagBag from /opt/airflow/dags/globalretail_etl_dag.py
[2026-05-05T14:20:38.392+0000] {processor.py:840} INFO - DAG(s) 'globalretail_etl_pipeline' retrieved from /opt/airflow/dags/globalretail_etl_dag.py
[2026-05-05T14:20:38.414+0000] {logging_mixin.py:188} INFO - [2026-05-05T14:20:38.414+0000] {dag.py:3096} INFO - Sync 1 DAGs
[2026-05-05T14:20:38.434+0000] {logging_mixin.py:188} INFO - [2026-05-05T14:20:38.433+0000] {dag.py:3954} INFO - Setting next_dagrun for globalretail_etl_pipeline to 2026-05-05 00:00:00+00:00, run_after=2026-05-06 00:00:00+00:00
[2026-05-05T14:20:38.452+0000] {processor.py:183} INFO - Processing /opt/airflow/dags/globalretail_etl_dag.py took 0.625 seconds
[2026-05-05T14:21:08.578+0000] {processor.py:161} INFO - Started process (PID=1089) to work on /opt/airflow/dags/globalretail_etl_dag.py
[2026-05-05T14:21:08.579+0000] {processor.py:830} INFO - Processing file /opt/airflow/dags/globalretail_etl_dag.py for tasks to queue
[2026-05-05T14:21:08.581+0000] {logging_mixin.py:188} INFO - [2026-05-05T14:21:08.581+0000] {dagbag.py:540} INFO - Filling up the DagBag from /opt/airflow/dags/globalretail_etl_dag.py
[2026-05-05T14:21:09.131+0000] {processor.py:840} INFO - DAG(s) 'globalretail_etl_pipeline' retrieved from /opt/airflow/dags/globalretail_etl_dag.py
[2026-05-05T14:21:09.153+0000] {logging_mixin.py:188} INFO - [2026-05-05T14:21:09.153+0000] {dag.py:3096} INFO - Sync 1 DAGs
[2026-05-05T14:21:09.171+0000] {logging_mixin.py:188} INFO - [2026-05-05T14:21:09.171+0000] {dag.py:3954} INFO - Setting next_dagrun for globalretail_etl_pipeline to 2026-05-05 00:00:00+00:00, run_after=2026-05-06 00:00:00+00:00
[2026-05-05T14:21:09.188+0000] {processor.py:183} INFO - Processing /opt/airflow/dags/globalretail_etl_dag.py took 0.616 seconds
[2026-05-05T14:21:39.852+0000] {processor.py:161} INFO - Started process (PID=1108) to work on /opt/airflow/dags/globalretail_etl_dag.py
[2026-05-05T14:21:39.853+0000] {processor.py:830} INFO - Processing file /opt/airflow/dags/globalretail_etl_dag.py for tasks to queue
[2026-05-05T14:21:39.856+0000] {logging_mixin.py:188} INFO - [2026-05-05T14:21:39.855+0000] {dagbag.py:540} INFO - Filling up the DagBag from /opt/airflow/dags/globalretail_etl_dag.py
[2026-05-05T14:21:40.456+0000] {processor.py:840} INFO - DAG(s) 'globalretail_etl_pipeline' retrieved from /opt/airflow/dags/globalretail_etl_dag.py
[2026-05-05T14:21:40.478+0000] {logging_mixin.py:188} INFO - [2026-05-05T14:21:40.477+0000] {dag.py:3096} INFO - Sync 1 DAGs
[2026-05-05T14:21:40.496+0000] {logging_mixin.py:188} INFO - [2026-05-05T14:21:40.496+0000] {dag.py:3954} INFO - Setting next_dagrun for globalretail_etl_pipeline to 2026-05-05 00:00:00+00:00, run_after=2026-05-06 00:00:00+00:00
[2026-05-05T14:21:40.517+0000] {processor.py:183} INFO - Processing /opt/airflow/dags/globalretail_etl_dag.py took 0.670 seconds
[2026-05-05T14:22:10.599+0000] {processor.py:161} INFO - Started process (PID=1128) to work on /opt/airflow/dags/globalretail_etl_dag.py
[2026-05-05T14:22:10.600+0000] {processor.py:830} INFO - Processing file /opt/airflow/dags/globalretail_etl_dag.py for tasks to queue
[2026-05-05T14:22:10.602+0000] {logging_mixin.py:188} INFO - [2026-05-05T14:22:10.602+0000] {dagbag.py:540} INFO - Filling up the DagBag from /opt/airflow/dags/globalretail_etl_dag.py
[2026-05-05T14:22:11.195+0000] {processor.py:840} INFO - DAG(s) 'globalretail_etl_pipeline' retrieved from /opt/airflow/dags/globalretail_etl_dag.py
[2026-05-05T14:22:11.219+0000] {logging_mixin.py:188} INFO - [2026-05-05T14:22:11.219+0000] {dag.py:3096} INFO - Sync 1 DAGs
[2026-05-05T14:22:11.238+0000] {logging_mixin.py:188} INFO - [2026-05-05T14:22:11.237+0000] {dag.py:3954} INFO - Setting next_dagrun for globalretail_etl_pipeline to 2026-05-05 00:00:00+00:00, run_after=2026-05-06 00:00:00+00:00
[2026-05-05T14:22:11.732+0000] {processor.py:183} INFO - Processing /opt/airflow/dags/globalretail_etl_dag.py took 1.142 seconds
[2026-05-05T14:22:42.312+0000] {processor.py:161} INFO - Started process (PID=1147) to work on /opt/airflow/dags/globalretail_etl_dag.py
[2026-05-05T14:22:42.314+0000] {processor.py:830} INFO - Processing file /opt/airflow/dags/globalretail_etl_dag.py for tasks to queue
[2026-05-05T14:22:42.317+0000] {logging_mixin.py:188} INFO - [2026-05-05T14:22:42.316+0000] {dagbag.py:540} INFO - Filling up the DagBag from /opt/airflow/dags/globalretail_etl_dag.py
[2026-05-05T14:22:43.011+0000] {processor.py:840} INFO - DAG(s) 'globalretail_etl_pipeline' retrieved from /opt/airflow/dags/globalretail_etl_dag.py
[2026-05-05T14:22:43.036+0000] {logging_mixin.py:188} INFO - [2026-05-05T14:22:43.036+0000] {dag.py:3096} INFO - Sync 1 DAGs
[2026-05-05T14:22:43.059+0000] {logging_mixin.py:188} INFO - [2026-05-05T14:22:43.059+0000] {dag.py:3954} INFO - Setting next_dagrun for globalretail_etl_pipeline to 2026-05-05 00:00:00+00:00, run_after=2026-05-06 00:00:00+00:00
[2026-05-05T14:22:43.080+0000] {processor.py:183} INFO - Processing /opt/airflow/dags/globalretail_etl_dag.py took 0.778 seconds
[2026-05-05T14:23:13.666+0000] {processor.py:161} INFO - Started process (PID=1160) to work on /opt/airflow/dags/globalretail_etl_dag.py
[2026-05-05T14:23:13.668+0000] {processor.py:830} INFO - Processing file /opt/airflow/dags/globalretail_etl_dag.py for tasks to queue
[2026-05-05T14:23:13.672+0000] {logging_mixin.py:188} INFO - [2026-05-05T14:23:13.671+0000] {dagbag.py:540} INFO - Filling up the DagBag from /opt/airflow/dags/globalretail_etl_dag.py
[2026-05-05T14:23:14.387+0000] {processor.py:840} INFO - DAG(s) 'globalretail_etl_pipeline' retrieved from /opt/airflow/dags/globalretail_etl_dag.py
[2026-05-05T14:23:14.415+0000] {logging_mixin.py:188} INFO - [2026-05-05T14:23:14.415+0000] {dag.py:3096} INFO - Sync 1 DAGs
[2026-05-05T14:23:14.434+0000] {logging_mixin.py:188} INFO - [2026-05-05T14:23:14.434+0000] {dag.py:3954} INFO - Setting next_dagrun for globalretail_etl_pipeline to 2026-05-05 00:00:00+00:00, run_after=2026-05-06 00:00:00+00:00
[2026-05-05T14:23:14.460+0000] {processor.py:183} INFO - Processing /opt/airflow/dags/globalretail_etl_dag.py took 0.804 seconds
[2026-05-05T14:23:45.117+0000] {processor.py:161} INFO - Started process (PID=1172) to work on /opt/airflow/dags/globalretail_etl_dag.py
[2026-05-05T14:23:45.118+0000] {processor.py:830} INFO - Processing file /opt/airflow/dags/globalretail_etl_dag.py for tasks to queue
[2026-05-05T14:23:45.120+0000] {logging_mixin.py:188} INFO - [2026-05-05T14:23:45.120+0000] {dagbag.py:540} INFO - Filling up the DagBag from /opt/airflow/dags/globalretail_etl_dag.py
[2026-05-05T14:23:45.655+0000] {processor.py:840} INFO - DAG(s) 'globalretail_etl_pipeline' retrieved from /opt/airflow/dags/globalretail_etl_dag.py
[2026-05-05T14:23:45.676+0000] {logging_mixin.py:188} INFO - [2026-05-05T14:23:45.676+0000] {dag.py:3096} INFO - Sync 1 DAGs
[2026-05-05T14:23:45.695+0000] {logging_mixin.py:188} INFO - [2026-05-05T14:23:45.695+0000] {dag.py:3954} INFO - Setting next_dagrun for globalretail_etl_pipeline to 2026-05-05 00:00:00+00:00, run_after=2026-05-06 00:00:00+00:00
[2026-05-05T14:23:45.714+0000] {processor.py:183} INFO - Processing /opt/airflow/dags/globalretail_etl_dag.py took 0.602 seconds
[2026-05-05T14:24:15.845+0000] {processor.py:161} INFO - Started process (PID=1191) to work on /opt/airflow/dags/globalretail_etl_dag.py
[2026-05-05T14:24:15.846+0000] {processor.py:830} INFO - Processing file /opt/airflow/dags/globalretail_etl_dag.py for tasks to queue
[2026-05-05T14:24:15.848+0000] {logging_mixin.py:188} INFO - [2026-05-05T14:24:15.848+0000] {dagbag.py:540} INFO - Filling up the DagBag from /opt/airflow/dags/globalretail_etl_dag.py
[2026-05-05T14:24:16.383+0000] {processor.py:840} INFO - DAG(s) 'globalretail_etl_pipeline' retrieved from /opt/airflow/dags/globalretail_etl_dag.py
[2026-05-05T14:24:16.405+0000] {logging_mixin.py:188} INFO - [2026-05-05T14:24:16.404+0000] {dag.py:3096} INFO - Sync 1 DAGs
[2026-05-05T14:24:16.422+0000] {logging_mixin.py:188} INFO - [2026-05-05T14:24:16.422+0000] {dag.py:3954} INFO - Setting next_dagrun for globalretail_etl_pipeline to 2026-05-05 00:00:00+00:00, run_after=2026-05-06 00:00:00+00:00
[2026-05-05T14:24:16.441+0000] {processor.py:183} INFO - Processing /opt/airflow/dags/globalretail_etl_dag.py took 0.603 seconds
[2026-05-05T14:24:46.980+0000] {processor.py:161} INFO - Started process (PID=1211) to work on /opt/airflow/dags/globalretail_etl_dag.py
[2026-05-05T14:24:46.981+0000] {processor.py:830} INFO - Processing file /opt/airflow/dags/globalretail_etl_dag.py for tasks to queue
[2026-05-05T14:24:46.982+0000] {logging_mixin.py:188} INFO - [2026-05-05T14:24:46.982+0000] {dagbag.py:540} INFO - Filling up the DagBag from /opt/airflow/dags/globalretail_etl_dag.py
[2026-05-05T14:24:47.517+0000] {processor.py:840} INFO - DAG(s) 'globalretail_etl_pipeline' retrieved from /opt/airflow/dags/globalretail_etl_dag.py
[2026-05-05T14:24:47.541+0000] {logging_mixin.py:188} INFO - [2026-05-05T14:24:47.541+0000] {dag.py:3096} INFO - Sync 1 DAGs
[2026-05-05T14:24:47.561+0000] {logging_mixin.py:188} INFO - [2026-05-05T14:24:47.560+0000] {dag.py:3954} INFO - Setting next_dagrun for globalretail_etl_pipeline to 2026-05-05 00:00:00+00:00, run_after=2026-05-06 00:00:00+00:00
[2026-05-05T14:24:47.579+0000] {processor.py:183} INFO - Processing /opt/airflow/dags/globalretail_etl_dag.py took 0.604 seconds
[2026-05-05T14:25:18.249+0000] {processor.py:161} INFO - Started process (PID=1230) to work on /opt/airflow/dags/globalretail_etl_dag.py
[2026-05-05T14:25:18.250+0000] {processor.py:830} INFO - Processing file /opt/airflow/dags/globalretail_etl_dag.py for tasks to queue
[2026-05-05T14:25:18.252+0000] {logging_mixin.py:188} INFO - [2026-05-05T14:25:18.252+0000] {dagbag.py:540} INFO - Filling up the DagBag from /opt/airflow/dags/globalretail_etl_dag.py
[2026-05-05T14:25:18.813+0000] {processor.py:840} INFO - DAG(s) 'globalretail_etl_pipeline' retrieved from /opt/airflow/dags/globalretail_etl_dag.py
[2026-05-05T14:25:18.835+0000] {logging_mixin.py:188} INFO - [2026-05-05T14:25:18.834+0000] {dag.py:3096} INFO - Sync 1 DAGs
[2026-05-05T14:25:18.853+0000] {logging_mixin.py:188} INFO - [2026-05-05T14:25:18.853+0000] {dag.py:3954} INFO - Setting next_dagrun for globalretail_etl_pipeline to 2026-05-05 00:00:00+00:00, run_after=2026-05-06 00:00:00+00:00
[2026-05-05T14:25:18.873+0000] {processor.py:183} INFO - Processing /opt/airflow/dags/globalretail_etl_dag.py took 0.630 seconds
[2026-05-05T14:25:49.262+0000] {processor.py:161} INFO - Started process (PID=1250) to work on /opt/airflow/dags/globalretail_etl_dag.py
[2026-05-05T14:25:49.263+0000] {processor.py:830} INFO - Processing file /opt/airflow/dags/globalretail_etl_dag.py for tasks to queue
[2026-05-05T14:25:49.265+0000] {logging_mixin.py:188} INFO - [2026-05-05T14:25:49.264+0000] {dagbag.py:540} INFO - Filling up the DagBag from /opt/airflow/dags/globalretail_etl_dag.py
[2026-05-05T14:25:49.734+0000] {processor.py:840} INFO - DAG(s) 'globalretail_etl_pipeline' retrieved from /opt/airflow/dags/globalretail_etl_dag.py
[2026-05-05T14:25:49.754+0000] {logging_mixin.py:188} INFO - [2026-05-05T14:25:49.753+0000] {dag.py:3096} INFO - Sync 1 DAGs
[2026-05-05T14:25:49.770+0000] {logging_mixin.py:188} INFO - [2026-05-05T14:25:49.770+0000] {dag.py:3954} INFO - Setting next_dagrun for globalretail_etl_pipeline to 2026-05-05 00:00:00+00:00, run_after=2026-05-06 00:00:00+00:00
[2026-05-05T14:25:49.788+0000] {processor.py:183} INFO - Processing /opt/airflow/dags/globalretail_etl_dag.py took 0.532 seconds
[2026-05-05T14:26:20.057+0000] {processor.py:161} INFO - Started process (PID=1263) to work on /opt/airflow/dags/globalretail_etl_dag.py
[2026-05-05T14:26:20.059+0000] {processor.py:830} INFO - Processing file /opt/airflow/dags/globalretail_etl_dag.py for tasks to queue
[2026-05-05T14:26:20.062+0000] {logging_mixin.py:188} INFO - [2026-05-05T14:26:20.061+0000] {dagbag.py:540} INFO - Filling up the DagBag from /opt/airflow/dags/globalretail_etl_dag.py
[2026-05-05T14:26:20.621+0000] {processor.py:840} INFO - DAG(s) 'globalretail_etl_pipeline' retrieved from /opt/airflow/dags/globalretail_etl_dag.py
[2026-05-05T14:26:20.642+0000] {logging_mixin.py:188} INFO - [2026-05-05T14:26:20.641+0000] {dag.py:3096} INFO - Sync 1 DAGs
[2026-05-05T14:26:20.659+0000] {logging_mixin.py:188} INFO - [2026-05-05T14:26:20.659+0000] {dag.py:3954} INFO - Setting next_dagrun for globalretail_etl_pipeline to 2026-05-05 00:00:00+00:00, run_after=2026-05-06 00:00:00+00:00
[2026-05-05T14:26:20.678+0000] {processor.py:183} INFO - Processing /opt/airflow/dags/globalretail_etl_dag.py took 0.632 seconds
[2026-05-05T14:26:50.982+0000] {processor.py:161} INFO - Started process (PID=1282) to work on /opt/airflow/dags/globalretail_etl_dag.py
[2026-05-05T14:26:50.983+0000] {processor.py:830} INFO - Processing file /opt/airflow/dags/globalretail_etl_dag.py for tasks to queue
[2026-05-05T14:26:50.985+0000] {logging_mixin.py:188} INFO - [2026-05-05T14:26:50.985+0000] {dagbag.py:540} INFO - Filling up the DagBag from /opt/airflow/dags/globalretail_etl_dag.py
[2026-05-05T14:26:51.542+0000] {processor.py:840} INFO - DAG(s) 'globalretail_etl_pipeline' retrieved from /opt/airflow/dags/globalretail_etl_dag.py
[2026-05-05T14:26:51.567+0000] {logging_mixin.py:188} INFO - [2026-05-05T14:26:51.566+0000] {dag.py:3096} INFO - Sync 1 DAGs
[2026-05-05T14:26:51.589+0000] {logging_mixin.py:188} INFO - [2026-05-05T14:26:51.589+0000] {dag.py:3954} INFO - Setting next_dagrun for globalretail_etl_pipeline to 2026-05-05 00:00:00+00:00, run_after=2026-05-06 00:00:00+00:00
[2026-05-05T14:26:51.609+0000] {processor.py:183} INFO - Processing /opt/airflow/dags/globalretail_etl_dag.py took 0.633 seconds
[2026-05-05T14:27:21.921+0000] {processor.py:161} INFO - Started process (PID=1301) to work on /opt/airflow/dags/globalretail_etl_dag.py
[2026-05-05T14:27:21.922+0000] {processor.py:830} INFO - Processing file /opt/airflow/dags/globalretail_etl_dag.py for tasks to queue
[2026-05-05T14:27:21.924+0000] {logging_mixin.py:188} INFO - [2026-05-05T14:27:21.923+0000] {dagbag.py:540} INFO - Filling up the DagBag from /opt/airflow/dags/globalretail_etl_dag.py
[2026-05-05T14:27:22.475+0000] {processor.py:840} INFO - DAG(s) 'globalretail_etl_pipeline' retrieved from /opt/airflow/dags/globalretail_etl_dag.py
[2026-05-05T14:27:22.498+0000] {logging_mixin.py:188} INFO - [2026-05-05T14:27:22.497+0000] {dag.py:3096} INFO - Sync 1 DAGs
[2026-05-05T14:27:22.515+0000] {logging_mixin.py:188} INFO - [2026-05-05T14:27:22.515+0000] {dag.py:3954} INFO - Setting next_dagrun for globalretail_etl_pipeline to 2026-05-05 00:00:00+00:00, run_after=2026-05-06 00:00:00+00:00
[2026-05-05T14:27:22.533+0000] {processor.py:183} INFO - Processing /opt/airflow/dags/globalretail_etl_dag.py took 0.617 seconds
[2026-05-05T14:27:52.801+0000] {processor.py:161} INFO - Started process (PID=1320) to work on /opt/airflow/dags/globalretail_etl_dag.py
[2026-05-05T14:27:52.802+0000] {processor.py:830} INFO - Processing file /opt/airflow/dags/globalretail_etl_dag.py for tasks to queue
[2026-05-05T14:27:52.803+0000] {logging_mixin.py:188} INFO - [2026-05-05T14:27:52.803+0000] {dagbag.py:540} INFO - Filling up the DagBag from /opt/airflow/dags/globalretail_etl_dag.py
[2026-05-05T14:27:53.345+0000] {processor.py:840} INFO - DAG(s) 'globalretail_etl_pipeline' retrieved from /opt/airflow/dags/globalretail_etl_dag.py
[2026-05-05T14:27:53.367+0000] {logging_mixin.py:188} INFO - [2026-05-05T14:27:53.366+0000] {dag.py:3096} INFO - Sync 1 DAGs
[2026-05-05T14:27:53.384+0000] {logging_mixin.py:188} INFO - [2026-05-05T14:27:53.384+0000] {dag.py:3954} INFO - Setting next_dagrun for globalretail_etl_pipeline to 2026-05-05 00:00:00+00:00, run_after=2026-05-06 00:00:00+00:00
[2026-05-05T14:27:53.401+0000] {processor.py:183} INFO - Processing /opt/airflow/dags/globalretail_etl_dag.py took 0.605 seconds
[2026-05-05T14:28:23.700+0000] {processor.py:161} INFO - Started process (PID=1339) to work on /opt/airflow/dags/globalretail_etl_dag.py
[2026-05-05T14:28:23.701+0000] {processor.py:830} INFO - Processing file /opt/airflow/dags/globalretail_etl_dag.py for tasks to queue
[2026-05-05T14:28:23.703+0000] {logging_mixin.py:188} INFO - [2026-05-05T14:28:23.703+0000] {dagbag.py:540} INFO - Filling up the DagBag from /opt/airflow/dags/globalretail_etl_dag.py
[2026-05-05T14:28:24.269+0000] {processor.py:840} INFO - DAG(s) 'globalretail_etl_pipeline' retrieved from /opt/airflow/dags/globalretail_etl_dag.py
[2026-05-05T14:28:24.290+0000] {logging_mixin.py:188} INFO - [2026-05-05T14:28:24.289+0000] {dag.py:3096} INFO - Sync 1 DAGs
[2026-05-05T14:28:24.307+0000] {logging_mixin.py:188} INFO - [2026-05-05T14:28:24.307+0000] {dag.py:3954} INFO - Setting next_dagrun for globalretail_etl_pipeline to 2026-05-05 00:00:00+00:00, run_after=2026-05-06 00:00:00+00:00
[2026-05-05T14:28:24.326+0000] {processor.py:183} INFO - Processing /opt/airflow/dags/globalretail_etl_dag.py took 0.632 seconds
[2026-05-05T14:28:54.587+0000] {processor.py:161} INFO - Started process (PID=1358) to work on /opt/airflow/dags/globalretail_etl_dag.py
[2026-05-05T14:28:54.589+0000] {processor.py:830} INFO - Processing file /opt/airflow/dags/globalretail_etl_dag.py for tasks to queue
[2026-05-05T14:28:54.591+0000] {logging_mixin.py:188} INFO - [2026-05-05T14:28:54.590+0000] {dagbag.py:540} INFO - Filling up the DagBag from /opt/airflow/dags/globalretail_etl_dag.py
[2026-05-05T14:28:55.195+0000] {processor.py:840} INFO - DAG(s) 'globalretail_etl_pipeline' retrieved from /opt/airflow/dags/globalretail_etl_dag.py
[2026-05-05T14:28:55.221+0000] {logging_mixin.py:188} INFO - [2026-05-05T14:28:55.220+0000] {dag.py:3096} INFO - Sync 1 DAGs
[2026-05-05T14:28:55.242+0000] {logging_mixin.py:188} INFO - [2026-05-05T14:28:55.242+0000] {dag.py:3954} INFO - Setting next_dagrun for globalretail_etl_pipeline to 2026-05-05 00:00:00+00:00, run_after=2026-05-06 00:00:00+00:00
[2026-05-05T14:28:55.268+0000] {processor.py:183} INFO - Processing /opt/airflow/dags/globalretail_etl_dag.py took 0.687 seconds
[2026-05-05T14:29:25.463+0000] {processor.py:161} INFO - Started process (PID=1377) to work on /opt/airflow/dags/globalretail_etl_dag.py
[2026-05-05T14:29:25.464+0000] {processor.py:830} INFO - Processing file /opt/airflow/dags/globalretail_etl_dag.py for tasks to queue
[2026-05-05T14:29:25.466+0000] {logging_mixin.py:188} INFO - [2026-05-05T14:29:25.466+0000] {dagbag.py:540} INFO - Filling up the DagBag from /opt/airflow/dags/globalretail_etl_dag.py
[2026-05-05T14:29:26.026+0000] {processor.py:840} INFO - DAG(s) 'globalretail_etl_pipeline' retrieved from /opt/airflow/dags/globalretail_etl_dag.py
[2026-05-05T14:29:26.050+0000] {logging_mixin.py:188} INFO - [2026-05-05T14:29:26.050+0000] {dag.py:3096} INFO - Sync 1 DAGs
[2026-05-05T14:29:26.069+0000] {logging_mixin.py:188} INFO - [2026-05-05T14:29:26.068+0000] {dag.py:3954} INFO - Setting next_dagrun for globalretail_etl_pipeline to 2026-05-05 00:00:00+00:00, run_after=2026-05-06 00:00:00+00:00
[2026-05-05T14:29:26.089+0000] {processor.py:183} INFO - Processing /opt/airflow/dags/globalretail_etl_dag.py took 0.632 seconds
[2026-05-05T14:29:56.471+0000] {processor.py:161} INFO - Started process (PID=1390) to work on /opt/airflow/dags/globalretail_etl_dag.py
[2026-05-05T14:29:56.472+0000] {processor.py:830} INFO - Processing file /opt/airflow/dags/globalretail_etl_dag.py for tasks to queue
[2026-05-05T14:29:56.475+0000] {logging_mixin.py:188} INFO - [2026-05-05T14:29:56.474+0000] {dagbag.py:540} INFO - Filling up the DagBag from /opt/airflow/dags/globalretail_etl_dag.py
[2026-05-05T14:29:57.083+0000] {processor.py:840} INFO - DAG(s) 'globalretail_etl_pipeline' retrieved from /opt/airflow/dags/globalretail_etl_dag.py
[2026-05-05T14:29:57.106+0000] {logging_mixin.py:188} INFO - [2026-05-05T14:29:57.105+0000] {dag.py:3096} INFO - Sync 1 DAGs
[2026-05-05T14:29:57.124+0000] {logging_mixin.py:188} INFO - [2026-05-05T14:29:57.124+0000] {dag.py:3954} INFO - Setting next_dagrun for globalretail_etl_pipeline to 2026-05-05 00:00:00+00:00, run_after=2026-05-06 00:00:00+00:00
[2026-05-05T14:29:57.142+0000] {processor.py:183} INFO - Processing /opt/airflow/dags/globalretail_etl_dag.py took 0.677 seconds
[2026-05-05T14:30:27.707+0000] {processor.py:161} INFO - Started process (PID=1409) to work on /opt/airflow/dags/globalretail_etl_dag.py
[2026-05-05T14:30:27.708+0000] {processor.py:830} INFO - Processing file /opt/airflow/dags/globalretail_etl_dag.py for tasks to queue
[2026-05-05T14:30:27.710+0000] {logging_mixin.py:188} INFO - [2026-05-05T14:30:27.710+0000] {dagbag.py:540} INFO - Filling up the DagBag from /opt/airflow/dags/globalretail_etl_dag.py
[2026-05-05T14:30:28.253+0000] {processor.py:840} INFO - DAG(s) 'globalretail_etl_pipeline' retrieved from /opt/airflow/dags/globalretail_etl_dag.py
[2026-05-05T14:30:28.274+0000] {logging_mixin.py:188} INFO - [2026-05-05T14:30:28.274+0000] {dag.py:3096} INFO - Sync 1 DAGs
[2026-05-05T14:30:28.292+0000] {logging_mixin.py:188} INFO - [2026-05-05T14:30:28.291+0000] {dag.py:3954} INFO - Setting next_dagrun for globalretail_etl_pipeline to 2026-05-05 00:00:00+00:00, run_after=2026-05-06 00:00:00+00:00
[2026-05-05T14:30:28.310+0000] {processor.py:183} INFO - Processing /opt/airflow/dags/globalretail_etl_dag.py took 0.608 seconds
[2026-05-05T14:30:59.131+0000] {processor.py:161} INFO - Started process (PID=1428) to work on /opt/airflow/dags/globalretail_etl_dag.py
[2026-05-05T14:30:59.133+0000] {processor.py:830} INFO - Processing file /opt/airflow/dags/globalretail_etl_dag.py for tasks to queue
[2026-05-05T14:30:59.135+0000] {logging_mixin.py:188} INFO - [2026-05-05T14:30:59.135+0000] {dagbag.py:540} INFO - Filling up the DagBag from /opt/airflow/dags/globalretail_etl_dag.py
[2026-05-05T14:30:59.652+0000] {processor.py:840} INFO - DAG(s) 'globalretail_etl_pipeline' retrieved from /opt/airflow/dags/globalretail_etl_dag.py
[2026-05-05T14:30:59.673+0000] {logging_mixin.py:188} INFO - [2026-05-05T14:30:59.673+0000] {dag.py:3096} INFO - Sync 1 DAGs
[2026-05-05T14:30:59.694+0000] {logging_mixin.py:188} INFO - [2026-05-05T14:30:59.693+0000] {dag.py:3954} INFO - Setting next_dagrun for globalretail_etl_pipeline to 2026-05-05 00:00:00+00:00, run_after=2026-05-06 00:00:00+00:00
[2026-05-05T14:30:59.714+0000] {processor.py:183} INFO - Processing /opt/airflow/dags/globalretail_etl_dag.py took 0.589 seconds
[2026-05-05T14:31:29.873+0000] {processor.py:161} INFO - Started process (PID=1448) to work on /opt/airflow/dags/globalretail_etl_dag.py
[2026-05-05T14:31:29.875+0000] {processor.py:830} INFO - Processing file /opt/airflow/dags/globalretail_etl_dag.py for tasks to queue
[2026-05-05T14:31:29.877+0000] {logging_mixin.py:188} INFO - [2026-05-05T14:31:29.876+0000] {dagbag.py:540} INFO - Filling up the DagBag from /opt/airflow/dags/globalretail_etl_dag.py
[2026-05-05T14:31:30.406+0000] {processor.py:840} INFO - DAG(s) 'globalretail_etl_pipeline' retrieved from /opt/airflow/dags/globalretail_etl_dag.py
[2026-05-05T14:31:30.431+0000] {logging_mixin.py:188} INFO - [2026-05-05T14:31:30.430+0000] {dag.py:3096} INFO - Sync 1 DAGs
[2026-05-05T14:31:30.449+0000] {logging_mixin.py:188} INFO - [2026-05-05T14:31:30.449+0000] {dag.py:3954} INFO - Setting next_dagrun for globalretail_etl_pipeline to 2026-05-05 00:00:00+00:00, run_after=2026-05-06 00:00:00+00:00
[2026-05-05T14:31:30.467+0000] {processor.py:183} INFO - Processing /opt/airflow/dags/globalretail_etl_dag.py took 0.600 seconds
[2026-05-05T14:32:00.868+0000] {processor.py:161} INFO - Started process (PID=1467) to work on /opt/airflow/dags/globalretail_etl_dag.py
[2026-05-05T14:32:00.870+0000] {processor.py:830} INFO - Processing file /opt/airflow/dags/globalretail_etl_dag.py for tasks to queue
[2026-05-05T14:32:00.872+0000] {logging_mixin.py:188} INFO - [2026-05-05T14:32:00.872+0000] {dagbag.py:540} INFO - Filling up the DagBag from /opt/airflow/dags/globalretail_etl_dag.py
[2026-05-05T14:32:01.465+0000] {processor.py:840} INFO - DAG(s) 'globalretail_etl_pipeline' retrieved from /opt/airflow/dags/globalretail_etl_dag.py
[2026-05-05T14:32:01.488+0000] {logging_mixin.py:188} INFO - [2026-05-05T14:32:01.487+0000] {dag.py:3096} INFO - Sync 1 DAGs
[2026-05-05T14:32:01.509+0000] {logging_mixin.py:188} INFO - [2026-05-05T14:32:01.508+0000] {dag.py:3954} INFO - Setting next_dagrun for globalretail_etl_pipeline to 2026-05-05 00:00:00+00:00, run_after=2026-05-06 00:00:00+00:00
[2026-05-05T14:32:01.532+0000] {processor.py:183} INFO - Processing /opt/airflow/dags/globalretail_etl_dag.py took 0.671 seconds
[2026-05-05T14:32:31.940+0000] {processor.py:161} INFO - Started process (PID=1486) to work on /opt/airflow/dags/globalretail_etl_dag.py
[2026-05-05T14:32:31.941+0000] {processor.py:830} INFO - Processing file /opt/airflow/dags/globalretail_etl_dag.py for tasks to queue
[2026-05-05T14:32:31.943+0000] {logging_mixin.py:188} INFO - [2026-05-05T14:32:31.943+0000] {dagbag.py:540} INFO - Filling up the DagBag from /opt/airflow/dags/globalretail_etl_dag.py
[2026-05-05T14:32:32.493+0000] {processor.py:840} INFO - DAG(s) 'globalretail_etl_pipeline' retrieved from /opt/airflow/dags/globalretail_etl_dag.py
[2026-05-05T14:32:32.514+0000] {logging_mixin.py:188} INFO - [2026-05-05T14:32:32.514+0000] {dag.py:3096} INFO - Sync 1 DAGs
[2026-05-05T14:32:32.531+0000] {logging_mixin.py:188} INFO - [2026-05-05T14:32:32.531+0000] {dag.py:3954} INFO - Setting next_dagrun for globalretail_etl_pipeline to 2026-05-05 00:00:00+00:00, run_after=2026-05-06 00:00:00+00:00
[2026-05-05T14:32:32.550+0000] {processor.py:183} INFO - Processing /opt/airflow/dags/globalretail_etl_dag.py took 0.615 seconds
[2026-05-05T14:33:03.082+0000] {processor.py:161} INFO - Started process (PID=1505) to work on /opt/airflow/dags/globalretail_etl_dag.py
[2026-05-05T14:33:03.083+0000] {processor.py:830} INFO - Processing file /opt/airflow/dags/globalretail_etl_dag.py for tasks to queue
[2026-05-05T14:33:03.086+0000] {logging_mixin.py:188} INFO - [2026-05-05T14:33:03.085+0000] {dagbag.py:540} INFO - Filling up the DagBag from /opt/airflow/dags/globalretail_etl_dag.py
[2026-05-05T14:33:03.788+0000] {processor.py:840} INFO - DAG(s) 'globalretail_etl_pipeline' retrieved from /opt/airflow/dags/globalretail_etl_dag.py
[2026-05-05T14:33:03.813+0000] {logging_mixin.py:188} INFO - [2026-05-05T14:33:03.812+0000] {dag.py:3096} INFO - Sync 1 DAGs
[2026-05-05T14:33:03.838+0000] {logging_mixin.py:188} INFO - [2026-05-05T14:33:03.837+0000] {dag.py:3954} INFO - Setting next_dagrun for globalretail_etl_pipeline to 2026-05-05 00:00:00+00:00, run_after=2026-05-06 00:00:00+00:00
[2026-05-05T14:33:03.857+0000] {processor.py:183} INFO - Processing /opt/airflow/dags/globalretail_etl_dag.py took 0.782 seconds
[2026-05-05T14:33:34.429+0000] {processor.py:161} INFO - Started process (PID=1524) to work on /opt/airflow/dags/globalretail_etl_dag.py
[2026-05-05T14:33:34.431+0000] {processor.py:830} INFO - Processing file /opt/airflow/dags/globalretail_etl_dag.py for tasks to queue
[2026-05-05T14:33:34.434+0000] {logging_mixin.py:188} INFO - [2026-05-05T14:33:34.433+0000] {dagbag.py:540} INFO - Filling up the DagBag from /opt/airflow/dags/globalretail_etl_dag.py
[2026-05-05T14:33:35.005+0000] {processor.py:840} INFO - DAG(s) 'globalretail_etl_pipeline' retrieved from /opt/airflow/dags/globalretail_etl_dag.py
[2026-05-05T14:33:35.028+0000] {logging_mixin.py:188} INFO - [2026-05-05T14:33:35.028+0000] {dag.py:3096} INFO - Sync 1 DAGs
[2026-05-05T14:33:35.045+0000] {logging_mixin.py:188} INFO - [2026-05-05T14:33:35.045+0000] {dag.py:3954} INFO - Setting next_dagrun for globalretail_etl_pipeline to 2026-05-05 00:00:00+00:00, run_after=2026-05-06 00:00:00+00:00
[2026-05-05T14:33:35.068+0000] {processor.py:183} INFO - Processing /opt/airflow/dags/globalretail_etl_dag.py took 0.646 seconds
[2026-05-05T14:34:05.647+0000] {processor.py:161} INFO - Started process (PID=1537) to work on /opt/airflow/dags/globalretail_etl_dag.py
[2026-05-05T14:34:05.648+0000] {processor.py:830} INFO - Processing file /opt/airflow/dags/globalretail_etl_dag.py for tasks to queue
[2026-05-05T14:34:05.650+0000] {logging_mixin.py:188} INFO - [2026-05-05T14:34:05.650+0000] {dagbag.py:540} INFO - Filling up the DagBag from /opt/airflow/dags/globalretail_etl_dag.py
[2026-05-05T14:34:06.213+0000] {processor.py:840} INFO - DAG(s) 'globalretail_etl_pipeline' retrieved from /opt/airflow/dags/globalretail_etl_dag.py
[2026-05-05T14:34:06.236+0000] {logging_mixin.py:188} INFO - [2026-05-05T14:34:06.236+0000] {dag.py:3096} INFO - Sync 1 DAGs
[2026-05-05T14:34:06.255+0000] {logging_mixin.py:188} INFO - [2026-05-05T14:34:06.255+0000] {dag.py:3954} INFO - Setting next_dagrun for globalretail_etl_pipeline to 2026-05-05 00:00:00+00:00, run_after=2026-05-06 00:00:00+00:00
[2026-05-05T14:34:06.275+0000] {processor.py:183} INFO - Processing /opt/airflow/dags/globalretail_etl_dag.py took 0.634 seconds
[2026-05-05T14:34:36.553+0000] {processor.py:161} INFO - Started process (PID=1556) to work on /opt/airflow/dags/globalretail_etl_dag.py
[2026-05-05T14:34:36.554+0000] {processor.py:830} INFO - Processing file /opt/airflow/dags/globalretail_etl_dag.py for tasks to queue
[2026-05-05T14:34:36.555+0000] {logging_mixin.py:188} INFO - [2026-05-05T14:34:36.555+0000] {dagbag.py:540} INFO - Filling up the DagBag from /opt/airflow/dags/globalretail_etl_dag.py
[2026-05-05T14:34:37.088+0000] {processor.py:840} INFO - DAG(s) 'globalretail_etl_pipeline' retrieved from /opt/airflow/dags/globalretail_etl_dag.py
[2026-05-05T14:34:37.110+0000] {logging_mixin.py:188} INFO - [2026-05-05T14:34:37.110+0000] {dag.py:3096} INFO - Sync 1 DAGs
[2026-05-05T14:34:37.129+0000] {logging_mixin.py:188} INFO - [2026-05-05T14:34:37.129+0000] {dag.py:3954} INFO - Setting next_dagrun for globalretail_etl_pipeline to 2026-05-05 00:00:00+00:00, run_after=2026-05-06 00:00:00+00:00
[2026-05-05T14:34:37.149+0000] {processor.py:183} INFO - Processing /opt/airflow/dags/globalretail_etl_dag.py took 0.602 seconds
[2026-05-05T14:35:07.340+0000] {processor.py:161} INFO - Started process (PID=1575) to work on /opt/airflow/dags/globalretail_etl_dag.py
[2026-05-05T14:35:07.341+0000] {processor.py:830} INFO - Processing file /opt/airflow/dags/globalretail_etl_dag.py for tasks to queue
[2026-05-05T14:35:07.344+0000] {logging_mixin.py:188} INFO - [2026-05-05T14:35:07.343+0000] {dagbag.py:540} INFO - Filling up the DagBag from /opt/airflow/dags/globalretail_etl_dag.py
[2026-05-05T14:35:08.000+0000] {processor.py:840} INFO - DAG(s) 'globalretail_etl_pipeline' retrieved from /opt/airflow/dags/globalretail_etl_dag.py
[2026-05-05T14:35:08.022+0000] {logging_mixin.py:188} INFO - [2026-05-05T14:35:08.022+0000] {dag.py:3096} INFO - Sync 1 DAGs
[2026-05-05T14:35:08.044+0000] {logging_mixin.py:188} INFO - [2026-05-05T14:35:08.043+0000] {dag.py:3954} INFO - Setting next_dagrun for globalretail_etl_pipeline to 2026-05-05 00:00:00+00:00, run_after=2026-05-06 00:00:00+00:00
[2026-05-05T14:35:08.062+0000] {processor.py:183} INFO - Processing /opt/airflow/dags/globalretail_etl_dag.py took 0.729 seconds
[2026-05-05T14:35:38.390+0000] {processor.py:161} INFO - Started process (PID=1594) to work on /opt/airflow/dags/globalretail_etl_dag.py
[2026-05-05T14:35:38.392+0000] {processor.py:830} INFO - Processing file /opt/airflow/dags/globalretail_etl_dag.py for tasks to queue
[2026-05-05T14:35:38.394+0000] {logging_mixin.py:188} INFO - [2026-05-05T14:35:38.394+0000] {dagbag.py:540} INFO - Filling up the DagBag from /opt/airflow/dags/globalretail_etl_dag.py
[2026-05-05T14:35:38.998+0000] {processor.py:840} INFO - DAG(s) 'globalretail_etl_pipeline' retrieved from /opt/airflow/dags/globalretail_etl_dag.py
[2026-05-05T14:35:39.021+0000] {logging_mixin.py:188} INFO - [2026-05-05T14:35:39.020+0000] {dag.py:3096} INFO - Sync 1 DAGs
[2026-05-05T14:35:39.039+0000] {logging_mixin.py:188} INFO - [2026-05-05T14:35:39.039+0000] {dag.py:3954} INFO - Setting next_dagrun for globalretail_etl_pipeline to 2026-05-05 00:00:00+00:00, run_after=2026-05-06 00:00:00+00:00
[2026-05-05T14:35:39.061+0000] {processor.py:183} INFO - Processing /opt/airflow/dags/globalretail_etl_dag.py took 0.677 seconds
[2026-05-05T14:36:09.573+0000] {processor.py:161} INFO - Started process (PID=1613) to work on /opt/airflow/dags/globalretail_etl_dag.py
[2026-05-05T14:36:09.574+0000] {processor.py:830} INFO - Processing file /opt/airflow/dags/globalretail_etl_dag.py for tasks to queue
[2026-05-05T14:36:09.577+0000] {logging_mixin.py:188} INFO - [2026-05-05T14:36:09.576+0000] {dagbag.py:540} INFO - Filling up the DagBag from /opt/airflow/dags/globalretail_etl_dag.py
[2026-05-05T14:36:10.115+0000] {processor.py:840} INFO - DAG(s) 'globalretail_etl_pipeline' retrieved from /opt/airflow/dags/globalretail_etl_dag.py
[2026-05-05T14:36:10.137+0000] {logging_mixin.py:188} INFO - [2026-05-05T14:36:10.137+0000] {dag.py:3096} INFO - Sync 1 DAGs
[2026-05-05T14:36:10.156+0000] {logging_mixin.py:188} INFO - [2026-05-05T14:36:10.156+0000] {dag.py:3954} INFO - Setting next_dagrun for globalretail_etl_pipeline to 2026-05-05 00:00:00+00:00, run_after=2026-05-06 00:00:00+00:00
[2026-05-05T14:36:10.177+0000] {processor.py:183} INFO - Processing /opt/airflow/dags/globalretail_etl_dag.py took 0.613 seconds
[2026-05-05T14:36:40.863+0000] {processor.py:161} INFO - Started process (PID=1632) to work on /opt/airflow/dags/globalretail_etl_dag.py
[2026-05-05T14:36:40.864+0000] {processor.py:830} INFO - Processing file /opt/airflow/dags/globalretail_etl_dag.py for tasks to queue
[2026-05-05T14:36:40.866+0000] {logging_mixin.py:188} INFO - [2026-05-05T14:36:40.866+0000] {dagbag.py:540} INFO - Filling up the DagBag from /opt/airflow/dags/globalretail_etl_dag.py
[2026-05-05T14:36:41.460+0000] {processor.py:840} INFO - DAG(s) 'globalretail_etl_pipeline' retrieved from /opt/airflow/dags/globalretail_etl_dag.py
[2026-05-05T14:36:41.485+0000] {logging_mixin.py:188} INFO - [2026-05-05T14:36:41.484+0000] {dag.py:3096} INFO - Sync 1 DAGs
[2026-05-05T14:36:41.507+0000] {logging_mixin.py:188} INFO - [2026-05-05T14:36:41.506+0000] {dag.py:3954} INFO - Setting next_dagrun for globalretail_etl_pipeline to 2026-05-05 00:00:00+00:00, run_after=2026-05-06 00:00:00+00:00
[2026-05-05T14:36:41.532+0000] {processor.py:183} INFO - Processing /opt/airflow/dags/globalretail_etl_dag.py took 0.675 seconds
[2026-05-05T14:37:12.225+0000] {processor.py:161} INFO - Started process (PID=1651) to work on /opt/airflow/dags/globalretail_etl_dag.py
[2026-05-05T14:37:12.227+0000] {processor.py:830} INFO - Processing file /opt/airflow/dags/globalretail_etl_dag.py for tasks to queue
[2026-05-05T14:37:12.229+0000] {logging_mixin.py:188} INFO - [2026-05-05T14:37:12.228+0000] {dagbag.py:540} INFO - Filling up the DagBag from /opt/airflow/dags/globalretail_etl_dag.py
[2026-05-05T14:37:12.800+0000] {processor.py:840} INFO - DAG(s) 'globalretail_etl_pipeline' retrieved from /opt/airflow/dags/globalretail_etl_dag.py
[2026-05-05T14:37:12.823+0000] {logging_mixin.py:188} INFO - [2026-05-05T14:37:12.823+0000] {dag.py:3096} INFO - Sync 1 DAGs
[2026-05-05T14:37:12.844+0000] {logging_mixin.py:188} INFO - [2026-05-05T14:37:12.843+0000] {dag.py:3954} INFO - Setting next_dagrun for globalretail_etl_pipeline to 2026-05-05 00:00:00+00:00, run_after=2026-05-06 00:00:00+00:00
[2026-05-05T14:37:12.870+0000] {processor.py:183} INFO - Processing /opt/airflow/dags/globalretail_etl_dag.py took 0.650 seconds
[2026-05-05T14:37:42.958+0000] {processor.py:161} INFO - Started process (PID=1670) to work on /opt/airflow/dags/globalretail_etl_dag.py
[2026-05-05T14:37:42.959+0000] {processor.py:830} INFO - Processing file /opt/airflow/dags/globalretail_etl_dag.py for tasks to queue
[2026-05-05T14:37:42.962+0000] {logging_mixin.py:188} INFO - [2026-05-05T14:37:42.961+0000] {dagbag.py:540} INFO - Filling up the DagBag from /opt/airflow/dags/globalretail_etl_dag.py
[2026-05-05T14:37:43.548+0000] {processor.py:840} INFO - DAG(s) 'globalretail_etl_pipeline' retrieved from /opt/airflow/dags/globalretail_etl_dag.py
[2026-05-05T14:37:43.573+0000] {logging_mixin.py:188} INFO - [2026-05-05T14:37:43.573+0000] {dag.py:3096} INFO - Sync 1 DAGs
[2026-05-05T14:37:43.594+0000] {logging_mixin.py:188} INFO - [2026-05-05T14:37:43.593+0000] {dag.py:3954} INFO - Setting next_dagrun for globalretail_etl_pipeline to 2026-05-05 00:00:00+00:00, run_after=2026-05-06 00:00:00+00:00
[2026-05-05T14:37:43.614+0000] {processor.py:183} INFO - Processing /opt/airflow/dags/globalretail_etl_dag.py took 0.663 seconds
[2026-05-05T14:38:14.188+0000] {processor.py:161} INFO - Started process (PID=1683) to work on /opt/airflow/dags/globalretail_etl_dag.py
[2026-05-05T14:38:14.189+0000] {processor.py:830} INFO - Processing file /opt/airflow/dags/globalretail_etl_dag.py for tasks to queue
[2026-05-05T14:38:14.191+0000] {logging_mixin.py:188} INFO - [2026-05-05T14:38:14.191+0000] {dagbag.py:540} INFO - Filling up the DagBag from /opt/airflow/dags/globalretail_etl_dag.py
[2026-05-05T14:38:14.800+0000] {processor.py:840} INFO - DAG(s) 'globalretail_etl_pipeline' retrieved from /opt/airflow/dags/globalretail_etl_dag.py
[2026-05-05T14:38:14.828+0000] {logging_mixin.py:188} INFO - [2026-05-05T14:38:14.827+0000] {dag.py:3096} INFO - Sync 1 DAGs
[2026-05-05T14:38:14.852+0000] {logging_mixin.py:188} INFO - [2026-05-05T14:38:14.851+0000] {dag.py:3954} INFO - Setting next_dagrun for globalretail_etl_pipeline to 2026-05-05 00:00:00+00:00, run_after=2026-05-06 00:00:00+00:00
[2026-05-05T14:38:14.876+0000] {processor.py:183} INFO - Processing /opt/airflow/dags/globalretail_etl_dag.py took 0.693 seconds
[2026-05-05T14:38:45.474+0000] {processor.py:161} INFO - Started process (PID=1702) to work on /opt/airflow/dags/globalretail_etl_dag.py
[2026-05-05T14:38:45.475+0000] {processor.py:830} INFO - Processing file /opt/airflow/dags/globalretail_etl_dag.py for tasks to queue
[2026-05-05T14:38:45.477+0000] {logging_mixin.py:188} INFO - [2026-05-05T14:38:45.477+0000] {dagbag.py:540} INFO - Filling up the DagBag from /opt/airflow/dags/globalretail_etl_dag.py
[2026-05-05T14:38:45.989+0000] {processor.py:840} INFO - DAG(s) 'globalretail_etl_pipeline' retrieved from /opt/airflow/dags/globalretail_etl_dag.py
[2026-05-05T14:38:46.011+0000] {logging_mixin.py:188} INFO - [2026-05-05T14:38:46.011+0000] {dag.py:3096} INFO - Sync 1 DAGs
[2026-05-05T14:38:46.029+0000] {logging_mixin.py:188} INFO - [2026-05-05T14:38:46.029+0000] {dag.py:3954} INFO - Setting next_dagrun for globalretail_etl_pipeline to 2026-05-05 00:00:00+00:00, run_after=2026-05-06 00:00:00+00:00
[2026-05-05T14:38:46.049+0000] {processor.py:183} INFO - Processing /opt/airflow/dags/globalretail_etl_dag.py took 0.580 seconds
[2026-05-05T14:39:16.247+0000] {processor.py:161} INFO - Started process (PID=1721) to work on /opt/airflow/dags/globalretail_etl_dag.py
[2026-05-05T14:39:16.248+0000] {processor.py:830} INFO - Processing file /opt/airflow/dags/globalretail_etl_dag.py for tasks to queue
[2026-05-05T14:39:16.250+0000] {logging_mixin.py:188} INFO - [2026-05-05T14:39:16.249+0000] {dagbag.py:540} INFO - Filling up the DagBag from /opt/airflow/dags/globalretail_etl_dag.py
[2026-05-05T14:39:16.780+0000] {processor.py:840} INFO - DAG(s) 'globalretail_etl_pipeline' retrieved from /opt/airflow/dags/globalretail_etl_dag.py
[2026-05-05T14:39:16.801+0000] {logging_mixin.py:188} INFO - [2026-05-05T14:39:16.800+0000] {dag.py:3096} INFO - Sync 1 DAGs
[2026-05-05T14:39:16.820+0000] {logging_mixin.py:188} INFO - [2026-05-05T14:39:16.820+0000] {dag.py:3954} INFO - Setting next_dagrun for globalretail_etl_pipeline to 2026-05-05 00:00:00+00:00, run_after=2026-05-06 00:00:00+00:00
[2026-05-05T14:39:16.839+0000] {processor.py:183} INFO - Processing /opt/airflow/dags/globalretail_etl_dag.py took 0.598 seconds
[2026-05-05T14:39:47.217+0000] {processor.py:161} INFO - Started process (PID=1740) to work on /opt/airflow/dags/globalretail_etl_dag.py
[2026-05-05T14:39:47.218+0000] {processor.py:830} INFO - Processing file /opt/airflow/dags/globalretail_etl_dag.py for tasks to queue
[2026-05-05T14:39:47.219+0000] {logging_mixin.py:188} INFO - [2026-05-05T14:39:47.219+0000] {dagbag.py:540} INFO - Filling up the DagBag from /opt/airflow/dags/globalretail_etl_dag.py
[2026-05-05T14:39:47.721+0000] {processor.py:840} INFO - DAG(s) 'globalretail_etl_pipeline' retrieved from /opt/airflow/dags/globalretail_etl_dag.py
[2026-05-05T14:39:47.743+0000] {logging_mixin.py:188} INFO - [2026-05-05T14:39:47.743+0000] {dag.py:3096} INFO - Sync 1 DAGs
[2026-05-05T14:39:47.760+0000] {logging_mixin.py:188} INFO - [2026-05-05T14:39:47.760+0000] {dag.py:3954} INFO - Setting next_dagrun for globalretail_etl_pipeline to 2026-05-05 00:00:00+00:00, run_after=2026-05-06 00:00:00+00:00
[2026-05-05T14:39:47.779+0000] {processor.py:183} INFO - Processing /opt/airflow/dags/globalretail_etl_dag.py took 0.568 seconds
[2026-05-05T14:40:17.950+0000] {processor.py:161} INFO - Started process (PID=1753) to work on /opt/airflow/dags/globalretail_etl_dag.py
[2026-05-05T14:40:17.951+0000] {processor.py:830} INFO - Processing file /opt/airflow/dags/globalretail_etl_dag.py for tasks to queue
[2026-05-05T14:40:17.953+0000] {logging_mixin.py:188} INFO - [2026-05-05T14:40:17.953+0000] {dagbag.py:540} INFO - Filling up the DagBag from /opt/airflow/dags/globalretail_etl_dag.py
[2026-05-05T14:40:18.468+0000] {processor.py:840} INFO - DAG(s) 'globalretail_etl_pipeline' retrieved from /opt/airflow/dags/globalretail_etl_dag.py
[2026-05-05T14:40:18.487+0000] {logging_mixin.py:188} INFO - [2026-05-05T14:40:18.487+0000] {dag.py:3096} INFO - Sync 1 DAGs
[2026-05-05T14:40:18.504+0000] {logging_mixin.py:188} INFO - [2026-05-05T14:40:18.503+0000] {dag.py:3954} INFO - Setting next_dagrun for globalretail_etl_pipeline to 2026-05-05 00:00:00+00:00, run_after=2026-05-06 00:00:00+00:00
[2026-05-05T14:40:18.522+0000] {processor.py:183} INFO - Processing /opt/airflow/dags/globalretail_etl_dag.py took 0.577 seconds
[2026-05-05T14:40:48.999+0000] {processor.py:161} INFO - Started process (PID=1766) to work on /opt/airflow/dags/globalretail_etl_dag.py
[2026-05-05T14:40:49.001+0000] {processor.py:830} INFO - Processing file /opt/airflow/dags/globalretail_etl_dag.py for tasks to queue
[2026-05-05T14:40:49.003+0000] {logging_mixin.py:188} INFO - [2026-05-05T14:40:49.003+0000] {dagbag.py:540} INFO - Filling up the DagBag from /opt/airflow/dags/globalretail_etl_dag.py
[2026-05-05T14:40:49.620+0000] {processor.py:840} INFO - DAG(s) 'globalretail_etl_pipeline' retrieved from /opt/airflow/dags/globalretail_etl_dag.py
[2026-05-05T14:40:49.645+0000] {logging_mixin.py:188} INFO - [2026-05-05T14:40:49.644+0000] {dag.py:3096} INFO - Sync 1 DAGs
[2026-05-05T14:40:49.662+0000] {logging_mixin.py:188} INFO - [2026-05-05T14:40:49.661+0000] {dag.py:3954} INFO - Setting next_dagrun for globalretail_etl_pipeline to 2026-05-05 00:00:00+00:00, run_after=2026-05-06 00:00:00+00:00
[2026-05-05T14:40:49.684+0000] {processor.py:183} INFO - Processing /opt/airflow/dags/globalretail_etl_dag.py took 0.693 seconds
[2026-05-05T14:41:19.872+0000] {processor.py:161} INFO - Started process (PID=1780) to work on /opt/airflow/dags/globalretail_etl_dag.py
[2026-05-05T14:41:19.874+0000] {processor.py:830} INFO - Processing file /opt/airflow/dags/globalretail_etl_dag.py for tasks to queue
[2026-05-05T14:41:19.876+0000] {logging_mixin.py:188} INFO - [2026-05-05T14:41:19.876+0000] {dagbag.py:540} INFO - Filling up the DagBag from /opt/airflow/dags/globalretail_etl_dag.py
[2026-05-05T14:41:20.472+0000] {processor.py:840} INFO - DAG(s) 'globalretail_etl_pipeline' retrieved from /opt/airflow/dags/globalretail_etl_dag.py
[2026-05-05T14:41:20.508+0000] {logging_mixin.py:188} INFO - [2026-05-05T14:41:20.508+0000] {dag.py:3096} INFO - Sync 1 DAGs
[2026-05-05T14:41:20.538+0000] {logging_mixin.py:188} INFO - [2026-05-05T14:41:20.538+0000] {dag.py:3954} INFO - Setting next_dagrun for globalretail_etl_pipeline to 2026-05-05 00:00:00+00:00, run_after=2026-05-06 00:00:00+00:00
[2026-05-05T14:41:20.570+0000] {processor.py:183} INFO - Processing /opt/airflow/dags/globalretail_etl_dag.py took 0.704 seconds
[2026-05-05T14:41:51.224+0000] {processor.py:161} INFO - Started process (PID=1793) to work on /opt/airflow/dags/globalretail_etl_dag.py
[2026-05-05T14:41:51.225+0000] {processor.py:830} INFO - Processing file /opt/airflow/dags/globalretail_etl_dag.py for tasks to queue
[2026-05-05T14:41:51.228+0000] {logging_mixin.py:188} INFO - [2026-05-05T14:41:51.227+0000] {dagbag.py:540} INFO - Filling up the DagBag from /opt/airflow/dags/globalretail_etl_dag.py
[2026-05-05T14:41:51.820+0000] {processor.py:840} INFO - DAG(s) 'globalretail_etl_pipeline' retrieved from /opt/airflow/dags/globalretail_etl_dag.py
[2026-05-05T14:41:51.844+0000] {logging_mixin.py:188} INFO - [2026-05-05T14:41:51.844+0000] {dag.py:3096} INFO - Sync 1 DAGs
[2026-05-05T14:41:51.864+0000] {logging_mixin.py:188} INFO - [2026-05-05T14:41:51.863+0000] {dag.py:3954} INFO - Setting next_dagrun for globalretail_etl_pipeline to 2026-05-05 00:00:00+00:00, run_after=2026-05-06 00:00:00+00:00
[2026-05-05T14:41:51.881+0000] {processor.py:183} INFO - Processing /opt/airflow/dags/globalretail_etl_dag.py took 0.664 seconds
[2026-05-05T14:42:22.542+0000] {processor.py:161} INFO - Started process (PID=1806) to work on /opt/airflow/dags/globalretail_etl_dag.py
[2026-05-05T14:42:22.543+0000] {processor.py:830} INFO - Processing file /opt/airflow/dags/globalretail_etl_dag.py for tasks to queue
[2026-05-05T14:42:22.546+0000] {logging_mixin.py:188} INFO - [2026-05-05T14:42:22.546+0000] {dagbag.py:540} INFO - Filling up the DagBag from /opt/airflow/dags/globalretail_etl_dag.py
[2026-05-05T14:42:23.137+0000] {processor.py:840} INFO - DAG(s) 'globalretail_etl_pipeline' retrieved from /opt/airflow/dags/globalretail_etl_dag.py
[2026-05-05T14:42:23.160+0000] {logging_mixin.py:188} INFO - [2026-05-05T14:42:23.160+0000] {dag.py:3096} INFO - Sync 1 DAGs
[2026-05-05T14:42:23.179+0000] {logging_mixin.py:188} INFO - [2026-05-05T14:42:23.179+0000] {dag.py:3954} INFO - Setting next_dagrun for globalretail_etl_pipeline to 2026-05-05 00:00:00+00:00, run_after=2026-05-06 00:00:00+00:00
[2026-05-05T14:42:23.199+0000] {processor.py:183} INFO - Processing /opt/airflow/dags/globalretail_etl_dag.py took 0.666 seconds
[2026-05-05T14:42:53.462+0000] {processor.py:161} INFO - Started process (PID=1812) to work on /opt/airflow/dags/globalretail_etl_dag.py
[2026-05-05T14:42:53.463+0000] {processor.py:830} INFO - Processing file /opt/airflow/dags/globalretail_etl_dag.py for tasks to queue
[2026-05-05T14:42:53.466+0000] {logging_mixin.py:188} INFO - [2026-05-05T14:42:53.465+0000] {dagbag.py:540} INFO - Filling up the DagBag from /opt/airflow/dags/globalretail_etl_dag.py
[2026-05-05T14:42:53.989+0000] {processor.py:840} INFO - DAG(s) 'globalretail_etl_pipeline' retrieved from /opt/airflow/dags/globalretail_etl_dag.py
[2026-05-05T14:42:54.014+0000] {logging_mixin.py:188} INFO - [2026-05-05T14:42:54.014+0000] {dag.py:3096} INFO - Sync 1 DAGs
[2026-05-05T14:42:54.034+0000] {logging_mixin.py:188} INFO - [2026-05-05T14:42:54.034+0000] {dag.py:3954} INFO - Setting next_dagrun for globalretail_etl_pipeline to 2026-05-05 00:00:00+00:00, run_after=2026-05-06 00:00:00+00:00
[2026-05-05T14:42:54.055+0000] {processor.py:183} INFO - Processing /opt/airflow/dags/globalretail_etl_dag.py took 0.600 seconds
[2026-05-05T14:43:24.368+0000] {processor.py:161} INFO - Started process (PID=1825) to work on /opt/airflow/dags/globalretail_etl_dag.py
[2026-05-05T14:43:24.369+0000] {processor.py:830} INFO - Processing file /opt/airflow/dags/globalretail_etl_dag.py for tasks to queue
[2026-05-05T14:43:24.371+0000] {logging_mixin.py:188} INFO - [2026-05-05T14:43:24.371+0000] {dagbag.py:540} INFO - Filling up the DagBag from /opt/airflow/dags/globalretail_etl_dag.py
[2026-05-05T14:43:25.031+0000] {processor.py:840} INFO - DAG(s) 'globalretail_etl_pipeline' retrieved from /opt/airflow/dags/globalretail_etl_dag.py
[2026-05-05T14:43:25.059+0000] {logging_mixin.py:188} INFO - [2026-05-05T14:43:25.058+0000] {dag.py:3096} INFO - Sync 1 DAGs
[2026-05-05T14:43:25.081+0000] {logging_mixin.py:188} INFO - [2026-05-05T14:43:25.081+0000] {dag.py:3954} INFO - Setting next_dagrun for globalretail_etl_pipeline to 2026-05-05 00:00:00+00:00, run_after=2026-05-06 00:00:00+00:00
[2026-05-05T14:43:25.100+0000] {processor.py:183} INFO - Processing /opt/airflow/dags/globalretail_etl_dag.py took 0.739 seconds
[2026-05-05T14:43:55.733+0000] {processor.py:161} INFO - Started process (PID=1838) to work on /opt/airflow/dags/globalretail_etl_dag.py
[2026-05-05T14:43:55.735+0000] {processor.py:830} INFO - Processing file /opt/airflow/dags/globalretail_etl_dag.py for tasks to queue
[2026-05-05T14:43:55.737+0000] {logging_mixin.py:188} INFO - [2026-05-05T14:43:55.737+0000] {dagbag.py:540} INFO - Filling up the DagBag from /opt/airflow/dags/globalretail_etl_dag.py
[2026-05-05T14:43:56.313+0000] {processor.py:840} INFO - DAG(s) 'globalretail_etl_pipeline' retrieved from /opt/airflow/dags/globalretail_etl_dag.py
[2026-05-05T14:43:56.337+0000] {logging_mixin.py:188} INFO - [2026-05-05T14:43:56.336+0000] {dag.py:3096} INFO - Sync 1 DAGs
[2026-05-05T14:43:56.355+0000] {logging_mixin.py:188} INFO - [2026-05-05T14:43:56.355+0000] {dag.py:3954} INFO - Setting next_dagrun for globalretail_etl_pipeline to 2026-05-05 00:00:00+00:00, run_after=2026-05-06 00:00:00+00:00
[2026-05-05T14:43:56.376+0000] {processor.py:183} INFO - Processing /opt/airflow/dags/globalretail_etl_dag.py took 0.649 seconds
[2026-05-05T14:44:26.756+0000] {processor.py:161} INFO - Started process (PID=1851) to work on /opt/airflow/dags/globalretail_etl_dag.py
[2026-05-05T14:44:26.758+0000] {processor.py:830} INFO - Processing file /opt/airflow/dags/globalretail_etl_dag.py for tasks to queue
[2026-05-05T14:44:26.760+0000] {logging_mixin.py:188} INFO - [2026-05-05T14:44:26.760+0000] {dagbag.py:540} INFO - Filling up the DagBag from /opt/airflow/dags/globalretail_etl_dag.py
[2026-05-05T14:44:27.308+0000] {processor.py:840} INFO - DAG(s) 'globalretail_etl_pipeline' retrieved from /opt/airflow/dags/globalretail_etl_dag.py
[2026-05-05T14:44:27.330+0000] {logging_mixin.py:188} INFO - [2026-05-05T14:44:27.330+0000] {dag.py:3096} INFO - Sync 1 DAGs
[2026-05-05T14:44:27.348+0000] {logging_mixin.py:188} INFO - [2026-05-05T14:44:27.348+0000] {dag.py:3954} INFO - Setting next_dagrun for globalretail_etl_pipeline to 2026-05-05 00:00:00+00:00, run_after=2026-05-06 00:00:00+00:00
[2026-05-05T14:44:27.372+0000] {processor.py:183} INFO - Processing /opt/airflow/dags/globalretail_etl_dag.py took 0.622 seconds
[2026-05-05T14:44:57.436+0000] {processor.py:161} INFO - Started process (PID=1864) to work on /opt/airflow/dags/globalretail_etl_dag.py
[2026-05-05T14:44:57.437+0000] {processor.py:830} INFO - Processing file /opt/airflow/dags/globalretail_etl_dag.py for tasks to queue
[2026-05-05T14:44:57.440+0000] {logging_mixin.py:188} INFO - [2026-05-05T14:44:57.439+0000] {dagbag.py:540} INFO - Filling up the DagBag from /opt/airflow/dags/globalretail_etl_dag.py
[2026-05-05T14:44:58.009+0000] {processor.py:840} INFO - DAG(s) 'globalretail_etl_pipeline' retrieved from /opt/airflow/dags/globalretail_etl_dag.py
[2026-05-05T14:44:58.032+0000] {logging_mixin.py:188} INFO - [2026-05-05T14:44:58.032+0000] {dag.py:3096} INFO - Sync 1 DAGs
[2026-05-05T14:44:58.051+0000] {logging_mixin.py:188} INFO - [2026-05-05T14:44:58.051+0000] {dag.py:3954} INFO - Setting next_dagrun for globalretail_etl_pipeline to 2026-05-05 00:00:00+00:00, run_after=2026-05-06 00:00:00+00:00
[2026-05-05T14:44:58.069+0000] {processor.py:183} INFO - Processing /opt/airflow/dags/globalretail_etl_dag.py took 0.641 seconds
[2026-05-05T14:45:28.554+0000] {processor.py:161} INFO - Started process (PID=1877) to work on /opt/airflow/dags/globalretail_etl_dag.py
[2026-05-05T14:45:28.556+0000] {processor.py:830} INFO - Processing file /opt/airflow/dags/globalretail_etl_dag.py for tasks to queue
[2026-05-05T14:45:28.559+0000] {logging_mixin.py:188} INFO - [2026-05-05T14:45:28.558+0000] {dagbag.py:540} INFO - Filling up the DagBag from /opt/airflow/dags/globalretail_etl_dag.py
[2026-05-05T14:45:29.246+0000] {processor.py:840} INFO - DAG(s) 'globalretail_etl_pipeline' retrieved from /opt/airflow/dags/globalretail_etl_dag.py
[2026-05-05T14:45:29.270+0000] {logging_mixin.py:188} INFO - [2026-05-05T14:45:29.270+0000] {dag.py:3096} INFO - Sync 1 DAGs
[2026-05-05T14:45:29.291+0000] {logging_mixin.py:188} INFO - [2026-05-05T14:45:29.290+0000] {dag.py:3954} INFO - Setting next_dagrun for globalretail_etl_pipeline to 2026-05-05 00:00:00+00:00, run_after=2026-05-06 00:00:00+00:00
[2026-05-05T14:45:29.312+0000] {processor.py:183} INFO - Processing /opt/airflow/dags/globalretail_etl_dag.py took 0.766 seconds
[2026-05-05T14:45:59.902+0000] {processor.py:161} INFO - Started process (PID=1890) to work on /opt/airflow/dags/globalretail_etl_dag.py
[2026-05-05T14:45:59.904+0000] {processor.py:830} INFO - Processing file /opt/airflow/dags/globalretail_etl_dag.py for tasks to queue
[2026-05-05T14:45:59.906+0000] {logging_mixin.py:188} INFO - [2026-05-05T14:45:59.906+0000] {dagbag.py:540} INFO - Filling up the DagBag from /opt/airflow/dags/globalretail_etl_dag.py
[2026-05-05T14:46:00.469+0000] {processor.py:840} INFO - DAG(s) 'globalretail_etl_pipeline' retrieved from /opt/airflow/dags/globalretail_etl_dag.py
[2026-05-05T14:46:00.493+0000] {logging_mixin.py:188} INFO - [2026-05-05T14:46:00.493+0000] {dag.py:3096} INFO - Sync 1 DAGs
[2026-05-05T14:46:00.513+0000] {logging_mixin.py:188} INFO - [2026-05-05T14:46:00.513+0000] {dag.py:3954} INFO - Setting next_dagrun for globalretail_etl_pipeline to 2026-05-05 00:00:00+00:00, run_after=2026-05-06 00:00:00+00:00
[2026-05-05T14:46:00.533+0000] {processor.py:183} INFO - Processing /opt/airflow/dags/globalretail_etl_dag.py took 0.638 seconds
[2026-05-05T14:46:30.607+0000] {processor.py:161} INFO - Started process (PID=1903) to work on /opt/airflow/dags/globalretail_etl_dag.py
[2026-05-05T14:46:30.608+0000] {processor.py:830} INFO - Processing file /opt/airflow/dags/globalretail_etl_dag.py for tasks to queue
[2026-05-05T14:46:30.610+0000] {logging_mixin.py:188} INFO - [2026-05-05T14:46:30.610+0000] {dagbag.py:540} INFO - Filling up the DagBag from /opt/airflow/dags/globalretail_etl_dag.py
[2026-05-05T14:46:31.242+0000] {processor.py:840} INFO - DAG(s) 'globalretail_etl_pipeline' retrieved from /opt/airflow/dags/globalretail_etl_dag.py
[2026-05-05T14:46:31.269+0000] {logging_mixin.py:188} INFO - [2026-05-05T14:46:31.269+0000] {dag.py:3096} INFO - Sync 1 DAGs
[2026-05-05T14:46:31.289+0000] {logging_mixin.py:188} INFO - [2026-05-05T14:46:31.289+0000] {dag.py:3954} INFO - Setting next_dagrun for globalretail_etl_pipeline to 2026-05-05 00:00:00+00:00, run_after=2026-05-06 00:00:00+00:00
[2026-05-05T14:46:31.312+0000] {processor.py:183} INFO - Processing /opt/airflow/dags/globalretail_etl_dag.py took 0.711 seconds
[2026-05-05T15:05:16.529+0000] {processor.py:161} INFO - Started process (PID=1918) to work on /opt/airflow/dags/globalretail_etl_dag.py
[2026-05-05T15:05:16.533+0000] {processor.py:830} INFO - Processing file /opt/airflow/dags/globalretail_etl_dag.py for tasks to queue
[2026-05-05T15:05:16.540+0000] {logging_mixin.py:188} INFO - [2026-05-05T15:05:16.538+0000] {dagbag.py:540} INFO - Filling up the DagBag from /opt/airflow/dags/globalretail_etl_dag.py
[2026-05-05T15:05:17.849+0000] {processor.py:840} INFO - DAG(s) 'globalretail_etl_pipeline' retrieved from /opt/airflow/dags/globalretail_etl_dag.py
[2026-05-05T15:05:17.888+0000] {logging_mixin.py:188} INFO - [2026-05-05T15:05:17.887+0000] {dag.py:3096} INFO - Sync 1 DAGs
[2026-05-05T15:05:17.914+0000] {logging_mixin.py:188} INFO - [2026-05-05T15:05:17.914+0000] {dag.py:3954} INFO - Setting next_dagrun for globalretail_etl_pipeline to 2026-05-05 00:00:00+00:00, run_after=2026-05-06 00:00:00+00:00
[2026-05-05T15:05:17.944+0000] {processor.py:183} INFO - Processing /opt/airflow/dags/globalretail_etl_dag.py took 1.429 seconds
[2026-05-05T15:05:48.758+0000] {processor.py:161} INFO - Started process (PID=1925) to work on /opt/airflow/dags/globalretail_etl_dag.py
[2026-05-05T15:05:48.769+0000] {processor.py:830} INFO - Processing file /opt/airflow/dags/globalretail_etl_dag.py for tasks to queue
[2026-05-05T15:05:48.777+0000] {logging_mixin.py:188} INFO - [2026-05-05T15:05:48.776+0000] {dagbag.py:540} INFO - Filling up the DagBag from /opt/airflow/dags/globalretail_etl_dag.py
[2026-05-05T15:05:50.336+0000] {processor.py:840} INFO - DAG(s) 'globalretail_etl_pipeline' retrieved from /opt/airflow/dags/globalretail_etl_dag.py
[2026-05-05T15:05:50.376+0000] {logging_mixin.py:188} INFO - [2026-05-05T15:05:50.375+0000] {dag.py:3096} INFO - Sync 1 DAGs
[2026-05-05T15:05:50.399+0000] {logging_mixin.py:188} INFO - [2026-05-05T15:05:50.399+0000] {dag.py:3954} INFO - Setting next_dagrun for globalretail_etl_pipeline to 2026-05-05 00:00:00+00:00, run_after=2026-05-06 00:00:00+00:00
[2026-05-05T15:05:50.480+0000] {processor.py:183} INFO - Processing /opt/airflow/dags/globalretail_etl_dag.py took 1.746 seconds
[2026-05-05T15:06:21.029+0000] {processor.py:161} INFO - Started process (PID=1939) to work on /opt/airflow/dags/globalretail_etl_dag.py
[2026-05-05T15:06:21.031+0000] {processor.py:830} INFO - Processing file /opt/airflow/dags/globalretail_etl_dag.py for tasks to queue
[2026-05-05T15:06:21.033+0000] {logging_mixin.py:188} INFO - [2026-05-05T15:06:21.032+0000] {dagbag.py:540} INFO - Filling up the DagBag from /opt/airflow/dags/globalretail_etl_dag.py
[2026-05-05T15:06:21.645+0000] {processor.py:840} INFO - DAG(s) 'globalretail_etl_pipeline' retrieved from /opt/airflow/dags/globalretail_etl_dag.py
[2026-05-05T15:06:21.673+0000] {logging_mixin.py:188} INFO - [2026-05-05T15:06:21.672+0000] {dag.py:3096} INFO - Sync 1 DAGs
[2026-05-05T15:06:21.697+0000] {logging_mixin.py:188} INFO - [2026-05-05T15:06:21.697+0000] {dag.py:3954} INFO - Setting next_dagrun for globalretail_etl_pipeline to 2026-05-05 00:00:00+00:00, run_after=2026-05-06 00:00:00+00:00
[2026-05-05T15:06:21.754+0000] {processor.py:183} INFO - Processing /opt/airflow/dags/globalretail_etl_dag.py took 0.732 seconds
[2026-05-05T15:06:51.942+0000] {processor.py:161} INFO - Started process (PID=1952) to work on /opt/airflow/dags/globalretail_etl_dag.py
[2026-05-05T15:06:51.944+0000] {processor.py:830} INFO - Processing file /opt/airflow/dags/globalretail_etl_dag.py for tasks to queue
[2026-05-05T15:06:51.946+0000] {logging_mixin.py:188} INFO - [2026-05-05T15:06:51.946+0000] {dagbag.py:540} INFO - Filling up the DagBag from /opt/airflow/dags/globalretail_etl_dag.py
[2026-05-05T15:06:52.511+0000] {processor.py:840} INFO - DAG(s) 'globalretail_etl_pipeline' retrieved from /opt/airflow/dags/globalretail_etl_dag.py
[2026-05-05T15:06:52.538+0000] {logging_mixin.py:188} INFO - [2026-05-05T15:06:52.537+0000] {dag.py:3096} INFO - Sync 1 DAGs
[2026-05-05T15:06:52.559+0000] {logging_mixin.py:188} INFO - [2026-05-05T15:06:52.558+0000] {dag.py:3954} INFO - Setting next_dagrun for globalretail_etl_pipeline to 2026-05-05 00:00:00+00:00, run_after=2026-05-06 00:00:00+00:00
[2026-05-05T15:06:52.613+0000] {processor.py:183} INFO - Processing /opt/airflow/dags/globalretail_etl_dag.py took 0.678 seconds
[2026-05-05T15:07:23.442+0000] {processor.py:161} INFO - Started process (PID=1966) to work on /opt/airflow/dags/globalretail_etl_dag.py
[2026-05-05T15:07:23.444+0000] {processor.py:830} INFO - Processing file /opt/airflow/dags/globalretail_etl_dag.py for tasks to queue
[2026-05-05T15:07:23.447+0000] {logging_mixin.py:188} INFO - [2026-05-05T15:07:23.447+0000] {dagbag.py:540} INFO - Filling up the DagBag from /opt/airflow/dags/globalretail_etl_dag.py
[2026-05-05T15:07:24.161+0000] {processor.py:840} INFO - DAG(s) 'globalretail_etl_pipeline' retrieved from /opt/airflow/dags/globalretail_etl_dag.py
[2026-05-05T15:07:24.193+0000] {logging_mixin.py:188} INFO - [2026-05-05T15:07:24.192+0000] {dag.py:3096} INFO - Sync 1 DAGs
[2026-05-05T15:07:24.220+0000] {logging_mixin.py:188} INFO - [2026-05-05T15:07:24.219+0000] {dag.py:3954} INFO - Setting next_dagrun for globalretail_etl_pipeline to 2026-05-05 00:00:00+00:00, run_after=2026-05-06 00:00:00+00:00
[2026-05-05T15:07:24.249+0000] {processor.py:183} INFO - Processing /opt/airflow/dags/globalretail_etl_dag.py took 0.815 seconds
[2026-05-05T15:07:55.032+0000] {processor.py:161} INFO - Started process (PID=1979) to work on /opt/airflow/dags/globalretail_etl_dag.py
[2026-05-05T15:07:55.034+0000] {processor.py:830} INFO - Processing file /opt/airflow/dags/globalretail_etl_dag.py for tasks to queue
[2026-05-05T15:07:55.037+0000] {logging_mixin.py:188} INFO - [2026-05-05T15:07:55.036+0000] {dagbag.py:540} INFO - Filling up the DagBag from /opt/airflow/dags/globalretail_etl_dag.py
[2026-05-05T15:07:55.719+0000] {processor.py:840} INFO - DAG(s) 'globalretail_etl_pipeline' retrieved from /opt/airflow/dags/globalretail_etl_dag.py
[2026-05-05T15:07:55.749+0000] {logging_mixin.py:188} INFO - [2026-05-05T15:07:55.748+0000] {dag.py:3096} INFO - Sync 1 DAGs
[2026-05-05T15:07:55.787+0000] {logging_mixin.py:188} INFO - [2026-05-05T15:07:55.787+0000] {dag.py:3954} INFO - Setting next_dagrun for globalretail_etl_pipeline to 2026-05-05 00:00:00+00:00, run_after=2026-05-06 00:00:00+00:00
[2026-05-05T15:07:55.866+0000] {processor.py:183} INFO - Processing /opt/airflow/dags/globalretail_etl_dag.py took 0.843 seconds
[2026-05-05T15:08:26.750+0000] {processor.py:161} INFO - Started process (PID=1992) to work on /opt/airflow/dags/globalretail_etl_dag.py
[2026-05-05T15:08:26.751+0000] {processor.py:830} INFO - Processing file /opt/airflow/dags/globalretail_etl_dag.py for tasks to queue
[2026-05-05T15:08:26.755+0000] {logging_mixin.py:188} INFO - [2026-05-05T15:08:26.754+0000] {dagbag.py:540} INFO - Filling up the DagBag from /opt/airflow/dags/globalretail_etl_dag.py
[2026-05-05T15:08:27.382+0000] {processor.py:840} INFO - DAG(s) 'globalretail_etl_pipeline' retrieved from /opt/airflow/dags/globalretail_etl_dag.py
[2026-05-05T15:08:27.406+0000] {logging_mixin.py:188} INFO - [2026-05-05T15:08:27.406+0000] {dag.py:3096} INFO - Sync 1 DAGs
[2026-05-05T15:08:27.429+0000] {logging_mixin.py:188} INFO - [2026-05-05T15:08:27.429+0000] {dag.py:3954} INFO - Setting next_dagrun for globalretail_etl_pipeline to 2026-05-05 00:00:00+00:00, run_after=2026-05-06 00:00:00+00:00
[2026-05-05T15:08:27.483+0000] {processor.py:183} INFO - Processing /opt/airflow/dags/globalretail_etl_dag.py took 0.742 seconds
[2026-05-05T15:08:58.323+0000] {processor.py:161} INFO - Started process (PID=1998) to work on /opt/airflow/dags/globalretail_etl_dag.py
[2026-05-05T15:08:58.325+0000] {processor.py:830} INFO - Processing file /opt/airflow/dags/globalretail_etl_dag.py for tasks to queue
[2026-05-05T15:08:58.329+0000] {logging_mixin.py:188} INFO - [2026-05-05T15:08:58.328+0000] {dagbag.py:540} INFO - Filling up the DagBag from /opt/airflow/dags/globalretail_etl_dag.py
[2026-05-05T15:08:59.110+0000] {processor.py:840} INFO - DAG(s) 'globalretail_etl_pipeline' retrieved from /opt/airflow/dags/globalretail_etl_dag.py
[2026-05-05T15:08:59.139+0000] {logging_mixin.py:188} INFO - [2026-05-05T15:08:59.139+0000] {dag.py:3096} INFO - Sync 1 DAGs
[2026-05-05T15:08:59.161+0000] {logging_mixin.py:188} INFO - [2026-05-05T15:08:59.161+0000] {dag.py:3954} INFO - Setting next_dagrun for globalretail_etl_pipeline to 2026-05-05 00:00:00+00:00, run_after=2026-05-06 00:00:00+00:00
[2026-05-05T15:08:59.191+0000] {processor.py:183} INFO - Processing /opt/airflow/dags/globalretail_etl_dag.py took 0.877 seconds
[2026-05-05T15:09:30.100+0000] {processor.py:161} INFO - Started process (PID=2011) to work on /opt/airflow/dags/globalretail_etl_dag.py
[2026-05-05T15:09:30.101+0000] {processor.py:830} INFO - Processing file /opt/airflow/dags/globalretail_etl_dag.py for tasks to queue
[2026-05-05T15:09:30.104+0000] {logging_mixin.py:188} INFO - [2026-05-05T15:09:30.104+0000] {dagbag.py:540} INFO - Filling up the DagBag from /opt/airflow/dags/globalretail_etl_dag.py
[2026-05-05T15:09:30.769+0000] {processor.py:840} INFO - DAG(s) 'globalretail_etl_pipeline' retrieved from /opt/airflow/dags/globalretail_etl_dag.py
[2026-05-05T15:09:30.794+0000] {logging_mixin.py:188} INFO - [2026-05-05T15:09:30.794+0000] {dag.py:3096} INFO - Sync 1 DAGs
[2026-05-05T15:09:30.816+0000] {logging_mixin.py:188} INFO - [2026-05-05T15:09:30.816+0000] {dag.py:3954} INFO - Setting next_dagrun for globalretail_etl_pipeline to 2026-05-05 00:00:00+00:00, run_after=2026-05-06 00:00:00+00:00
[2026-05-05T15:09:30.845+0000] {processor.py:183} INFO - Processing /opt/airflow/dags/globalretail_etl_dag.py took 0.753 seconds
[2026-05-05T15:10:01.658+0000] {processor.py:161} INFO - Started process (PID=2024) to work on /opt/airflow/dags/globalretail_etl_dag.py
[2026-05-05T15:10:01.659+0000] {processor.py:830} INFO - Processing file /opt/airflow/dags/globalretail_etl_dag.py for tasks to queue
[2026-05-05T15:10:01.661+0000] {logging_mixin.py:188} INFO - [2026-05-05T15:10:01.661+0000] {dagbag.py:540} INFO - Filling up the DagBag from /opt/airflow/dags/globalretail_etl_dag.py
[2026-05-05T15:10:02.241+0000] {processor.py:840} INFO - DAG(s) 'globalretail_etl_pipeline' retrieved from /opt/airflow/dags/globalretail_etl_dag.py
[2026-05-05T15:10:02.268+0000] {logging_mixin.py:188} INFO - [2026-05-05T15:10:02.267+0000] {dag.py:3096} INFO - Sync 1 DAGs
[2026-05-05T15:10:02.291+0000] {logging_mixin.py:188} INFO - [2026-05-05T15:10:02.291+0000] {dag.py:3954} INFO - Setting next_dagrun for globalretail_etl_pipeline to 2026-05-05 00:00:00+00:00, run_after=2026-05-06 00:00:00+00:00
[2026-05-05T15:10:02.344+0000] {processor.py:183} INFO - Processing /opt/airflow/dags/globalretail_etl_dag.py took 0.693 seconds
[2026-05-05T15:10:32.419+0000] {processor.py:161} INFO - Started process (PID=2037) to work on /opt/airflow/dags/globalretail_etl_dag.py
[2026-05-05T15:10:32.421+0000] {processor.py:830} INFO - Processing file /opt/airflow/dags/globalretail_etl_dag.py for tasks to queue
[2026-05-05T15:10:32.423+0000] {logging_mixin.py:188} INFO - [2026-05-05T15:10:32.423+0000] {dagbag.py:540} INFO - Filling up the DagBag from /opt/airflow/dags/globalretail_etl_dag.py
[2026-05-05T15:10:33.102+0000] {processor.py:840} INFO - DAG(s) 'globalretail_etl_pipeline' retrieved from /opt/airflow/dags/globalretail_etl_dag.py
[2026-05-05T15:10:33.130+0000] {logging_mixin.py:188} INFO - [2026-05-05T15:10:33.130+0000] {dag.py:3096} INFO - Sync 1 DAGs
[2026-05-05T15:10:33.154+0000] {logging_mixin.py:188} INFO - [2026-05-05T15:10:33.153+0000] {dag.py:3954} INFO - Setting next_dagrun for globalretail_etl_pipeline to 2026-05-05 00:00:00+00:00, run_after=2026-05-06 00:00:00+00:00
[2026-05-05T15:10:33.179+0000] {processor.py:183} INFO - Processing /opt/airflow/dags/globalretail_etl_dag.py took 0.766 seconds
[2026-05-05T15:11:03.839+0000] {processor.py:161} INFO - Started process (PID=2050) to work on /opt/airflow/dags/globalretail_etl_dag.py
[2026-05-05T15:11:03.840+0000] {processor.py:830} INFO - Processing file /opt/airflow/dags/globalretail_etl_dag.py for tasks to queue
[2026-05-05T15:11:03.842+0000] {logging_mixin.py:188} INFO - [2026-05-05T15:11:03.842+0000] {dagbag.py:540} INFO - Filling up the DagBag from /opt/airflow/dags/globalretail_etl_dag.py
[2026-05-05T15:11:04.525+0000] {processor.py:840} INFO - DAG(s) 'globalretail_etl_pipeline' retrieved from /opt/airflow/dags/globalretail_etl_dag.py
[2026-05-05T15:11:04.554+0000] {logging_mixin.py:188} INFO - [2026-05-05T15:11:04.554+0000] {dag.py:3096} INFO - Sync 1 DAGs
[2026-05-05T15:11:04.576+0000] {logging_mixin.py:188} INFO - [2026-05-05T15:11:04.575+0000] {dag.py:3954} INFO - Setting next_dagrun for globalretail_etl_pipeline to 2026-05-05 00:00:00+00:00, run_after=2026-05-06 00:00:00+00:00
[2026-05-05T15:11:04.628+0000] {processor.py:183} INFO - Processing /opt/airflow/dags/globalretail_etl_dag.py took 0.795 seconds
[2026-05-05T15:11:35.391+0000] {processor.py:161} INFO - Started process (PID=2063) to work on /opt/airflow/dags/globalretail_etl_dag.py
[2026-05-05T15:11:35.393+0000] {processor.py:830} INFO - Processing file /opt/airflow/dags/globalretail_etl_dag.py for tasks to queue
[2026-05-05T15:11:35.395+0000] {logging_mixin.py:188} INFO - [2026-05-05T15:11:35.394+0000] {dagbag.py:540} INFO - Filling up the DagBag from /opt/airflow/dags/globalretail_etl_dag.py
[2026-05-05T15:11:36.062+0000] {processor.py:840} INFO - DAG(s) 'globalretail_etl_pipeline' retrieved from /opt/airflow/dags/globalretail_etl_dag.py
[2026-05-05T15:11:36.091+0000] {logging_mixin.py:188} INFO - [2026-05-05T15:11:36.090+0000] {dag.py:3096} INFO - Sync 1 DAGs
[2026-05-05T15:11:36.112+0000] {logging_mixin.py:188} INFO - [2026-05-05T15:11:36.112+0000] {dag.py:3954} INFO - Setting next_dagrun for globalretail_etl_pipeline to 2026-05-05 00:00:00+00:00, run_after=2026-05-06 00:00:00+00:00
[2026-05-05T15:11:36.140+0000] {processor.py:183} INFO - Processing /opt/airflow/dags/globalretail_etl_dag.py took 0.756 seconds
[2026-05-05T15:12:06.266+0000] {processor.py:161} INFO - Started process (PID=2076) to work on /opt/airflow/dags/globalretail_etl_dag.py
[2026-05-05T15:12:06.267+0000] {processor.py:830} INFO - Processing file /opt/airflow/dags/globalretail_etl_dag.py for tasks to queue
[2026-05-05T15:12:06.270+0000] {logging_mixin.py:188} INFO - [2026-05-05T15:12:06.269+0000] {dagbag.py:540} INFO - Filling up the DagBag from /opt/airflow/dags/globalretail_etl_dag.py
[2026-05-05T15:12:06.878+0000] {processor.py:840} INFO - DAG(s) 'globalretail_etl_pipeline' retrieved from /opt/airflow/dags/globalretail_etl_dag.py
[2026-05-05T15:12:06.904+0000] {logging_mixin.py:188} INFO - [2026-05-05T15:12:06.903+0000] {dag.py:3096} INFO - Sync 1 DAGs
[2026-05-05T15:12:06.925+0000] {logging_mixin.py:188} INFO - [2026-05-05T15:12:06.925+0000] {dag.py:3954} INFO - Setting next_dagrun for globalretail_etl_pipeline to 2026-05-05 00:00:00+00:00, run_after=2026-05-06 00:00:00+00:00
[2026-05-05T15:12:06.958+0000] {processor.py:183} INFO - Processing /opt/airflow/dags/globalretail_etl_dag.py took 0.700 seconds
[2026-05-05T15:12:37.647+0000] {processor.py:161} INFO - Started process (PID=2089) to work on /opt/airflow/dags/globalretail_etl_dag.py
[2026-05-05T15:12:37.649+0000] {processor.py:830} INFO - Processing file /opt/airflow/dags/globalretail_etl_dag.py for tasks to queue
[2026-05-05T15:12:37.653+0000] {logging_mixin.py:188} INFO - [2026-05-05T15:12:37.653+0000] {dagbag.py:540} INFO - Filling up the DagBag from /opt/airflow/dags/globalretail_etl_dag.py
[2026-05-05T15:12:37.730+0000] {processor.py:840} INFO - DAG(s) 'globalretail_etl_pipeline' retrieved from /opt/airflow/dags/globalretail_etl_dag.py
[2026-05-05T15:12:37.754+0000] {logging_mixin.py:188} INFO - [2026-05-05T15:12:37.753+0000] {dag.py:3096} INFO - Sync 1 DAGs
[2026-05-05T15:12:37.774+0000] {logging_mixin.py:188} INFO - [2026-05-05T15:12:37.774+0000] {dag.py:3954} INFO - Setting next_dagrun for globalretail_etl_pipeline to 2026-05-05 00:00:00+00:00, run_after=2026-05-06 00:00:00+00:00
[2026-05-05T15:12:37.798+0000] {processor.py:183} INFO - Processing /opt/airflow/dags/globalretail_etl_dag.py took 0.743 seconds
